english,santhali_devanagari,source,verified
abatement,कोम,Bharatavani / CSTT Fundamental Administrative Terminology (2015),source_document
abbreviation,खाटोते,Bharatavani / CSTT Fundamental Administrative Terminology (2015),source_document
abduction,आतक्‌िर,Bharatavani / CSTT Fundamental Administrative Terminology (2015),source_document
abeyance,विदाय़,Bharatavani / CSTT Fundamental Administrative Terminology (2015),source_document
ability,जोगमान,Bharatavani / CSTT Fundamental Administrative Terminology (2015),source_document
ab initio,एतोहोप ् खोन,Bharatavani / CSTT Fundamental Administrative Terminology (2015),source_document
able,जोगमान,Bharatavani / CSTT Fundamental Administrative Terminology (2015),source_document
abnormal,1. खेपा 2. ओसाधारण,Bharatavani / CSTT Fundamental Administrative Terminology (2015),source_document
abolition,1. मुचात़ 2. मेटाव 3. इंड़िच ्,Bharatavani / CSTT Fundamental Administrative Terminology (2015),source_document
abolition of post,2. हुदा ़ मच ु ात़ ्,Bharatavani / CSTT Fundamental Administrative Terminology (2015),source_document
above mentioned,चेतान रे ओलाकान,Bharatavani / CSTT Fundamental Administrative Terminology (2015),source_document
above quoted,चेतान रे उदूः आकान,Bharatavani / CSTT Fundamental Administrative Terminology (2015),source_document
above said,चेतान रे मेनाः,Bharatavani / CSTT Fundamental Administrative Terminology (2015),source_document
absence,1. बाङसेटेराकान 2. ओभाव,Bharatavani / CSTT Fundamental Administrative Terminology (2015),source_document
absentee,बाङसेटेरोः,Bharatavani / CSTT Fundamental Administrative Terminology (2015),source_document
absenteeism,बाङसेटेरोः रे नाः सोभाव,Bharatavani / CSTT Fundamental Administrative Terminology (2015),source_document
absentee statement,बाङसेटेरोः रे नाः बिबरोन,Bharatavani / CSTT Fundamental Administrative Terminology (2015),source_document
absolute,1. ठावका ़ ़ 2. पेरेच ् 3. परू ा ़,Bharatavani / CSTT Fundamental Administrative Terminology (2015),source_document
absolute monopoly,ठावका ़ ़ आ़इदारी,Bharatavani / CSTT Fundamental Administrative Terminology (2015),source_document
absolute ownership,ठावका ़ ़ मालिक ़,Bharatavani / CSTT Fundamental Administrative Terminology (2015),source_document
absorption,सासेत,Bharatavani / CSTT Fundamental Administrative Terminology (2015),source_document
abstract,1. सारतेत ् 2. मुलतेत ्,Bharatavani / CSTT Fundamental Administrative Terminology (2015),source_document
abstract statement,सारतेत ् रे नाः बिबरोन,Bharatavani / CSTT Fundamental Administrative Terminology (2015),source_document
absurd,1. आनखा 2. आथावड़ी ़,Bharatavani / CSTT Fundamental Administrative Terminology (2015),source_document
abundance,1. बाड़ली 2. ढे रकाचते,Bharatavani / CSTT Fundamental Administrative Terminology (2015),source_document
abuse of power,दाड़े रे नाः बाड़िच ् बेभार,Bharatavani / CSTT Fundamental Administrative Terminology (2015),source_document
abusive language,1. बाड़िच ् रोड़ 2. एगेर,Bharatavani / CSTT Fundamental Administrative Terminology (2015),source_document
academic,1. अकादे मी 2. सेचेत ् आसड़ा,Bharatavani / CSTT Fundamental Administrative Terminology (2015),source_document
academic discussion,सेचेत ् चारचा,Bharatavani / CSTT Fundamental Administrative Terminology (2015),source_document
academic leave,सेचेत ् छुटी,Bharatavani / CSTT Fundamental Administrative Terminology (2015),source_document
academic qualification,सेचेत ् लेकमान,Bharatavani / CSTT Fundamental Administrative Terminology (2015),source_document
academic record,सेचेत ् रे कोड,Bharatavani / CSTT Fundamental Administrative Terminology (2015),source_document
accede,बाताव,Bharatavani / CSTT Fundamental Administrative Terminology (2015),source_document
accept,बातावाकावाः,Bharatavani / CSTT Fundamental Administrative Terminology (2015),source_document
acceptance,बातावउतार,Bharatavani / CSTT Fundamental Administrative Terminology (2015),source_document
acceptance of office,हुदाबाताव ़,Bharatavani / CSTT Fundamental Administrative Terminology (2015),source_document
acceptance of tender,1. टे न्डार हाताव 2. ठिकाहाताव,Bharatavani / CSTT Fundamental Administrative Terminology (2015),source_document
access,सेटेर,Bharatavani / CSTT Fundamental Administrative Terminology (2015),source_document
accession,सेटेरेना,Bharatavani / CSTT Fundamental Administrative Terminology (2015),source_document
accessory,उपसाधन,Bharatavani / CSTT Fundamental Administrative Terminology (2015),source_document
accident,बेघोटोन,Bharatavani / CSTT Fundamental Administrative Terminology (2015),source_document
acclimatization,पर्यनुकूलन,Bharatavani / CSTT Fundamental Administrative Terminology (2015),source_document
accommodation,1. ओड़ाः 2. साहोब,Bharatavani / CSTT Fundamental Administrative Terminology (2015),source_document
accompanist,गातेयिच ्,Bharatavani / CSTT Fundamental Administrative Terminology (2015),source_document
accord,1. एम 2. रे बेन,Bharatavani / CSTT Fundamental Administrative Terminology (2015),source_document
accordance,गाते,Bharatavani / CSTT Fundamental Administrative Terminology (2015),source_document
accordingly,1. लेकाते 2. ओनालेकाते,Bharatavani / CSTT Fundamental Administrative Terminology (2015),source_document
account,1. कावडी ़ खाता 2. हिसाब,Bharatavani / CSTT Fundamental Administrative Terminology (2015),source_document
accountability,कावडिएमदाड़ेयिच ़ ्,Bharatavani / CSTT Fundamental Administrative Terminology (2015),source_document
accountable,कावडिएमोगिच ़ ्,Bharatavani / CSTT Fundamental Administrative Terminology (2015),source_document
accountancy,कावडिएमोगिच ़ ्,Bharatavani / CSTT Fundamental Administrative Terminology (2015),source_document
accountant,कावडिया ़,Bharatavani / CSTT Fundamental Administrative Terminology (2015),source_document
account for,कावडि ़ लागित ्,Bharatavani / CSTT Fundamental Administrative Terminology (2015),source_document
account head,कावडि ़ बोहोः,Bharatavani / CSTT Fundamental Administrative Terminology (2015),source_document
accrued benefit,खाँटी लाभ,Bharatavani / CSTT Fundamental Administrative Terminology (2015),source_document
accrued pension,खाँटी पेनसोन,Bharatavani / CSTT Fundamental Administrative Terminology (2015),source_document
accumulation,साञचाव,Bharatavani / CSTT Fundamental Administrative Terminology (2015),source_document
accuracy,ओनाउतार,Bharatavani / CSTT Fundamental Administrative Terminology (2015),source_document
accurate,सह ु ी,Bharatavani / CSTT Fundamental Administrative Terminology (2015),source_document
accuse,बोदनाम,Bharatavani / CSTT Fundamental Administrative Terminology (2015),source_document
accused,दोसिदार,Bharatavani / CSTT Fundamental Administrative Terminology (2015),source_document
achievement,एनेम,Bharatavani / CSTT Fundamental Administrative Terminology (2015),source_document
acknowledgement,ञाम रुवाड़ खोबोर,Bharatavani / CSTT Fundamental Administrative Terminology (2015),source_document
acknowledgement due,1. ञाम रुवाड़ साकाम 2. रसिद,Bharatavani / CSTT Fundamental Administrative Terminology (2015),source_document
acquaintance,उपुरुम,Bharatavani / CSTT Fundamental Administrative Terminology (2015),source_document
acquisition,1. आरजाव 2. हाताव,Bharatavani / CSTT Fundamental Administrative Terminology (2015),source_document
acquittance,1. एमपरु ाव 2. पेरेच ्,Bharatavani / CSTT Fundamental Administrative Terminology (2015),source_document
act,1. आ़न 2. कामी ़,Bharatavani / CSTT Fundamental Administrative Terminology (2015),source_document
acting allowance,कामी ़ रे नाः कुड़ाई,Bharatavani / CSTT Fundamental Administrative Terminology (2015),source_document
action,कामी ़,Bharatavani / CSTT Fundamental Administrative Terminology (2015),source_document
action plan,कामी ़ पान्था,Bharatavani / CSTT Fundamental Administrative Terminology (2015),source_document
active,चेटकार,Bharatavani / CSTT Fundamental Administrative Terminology (2015),source_document
actively,आड़ी चेटकार,Bharatavani / CSTT Fundamental Administrative Terminology (2015),source_document
activist,कामी ़ दाड़ेयान ़,Bharatavani / CSTT Fundamental Administrative Terminology (2015),source_document
act of misconduct,बाडिच ़ ् कामीयान ़,Bharatavani / CSTT Fundamental Administrative Terminology (2015),source_document
acts of commission and,कामीभ ़ ूल विसोर,Bharatavani / CSTT Fundamental Administrative Terminology (2015),source_document
actual,सारिते ़ त,Bharatavani / CSTT Fundamental Administrative Terminology (2015),source_document
actuals,सारी़ उतारतेत,Bharatavani / CSTT Fundamental Administrative Terminology (2015),source_document
adaptation,1. आरुफेएव 2. उचाड़,Bharatavani / CSTT Fundamental Administrative Terminology (2015),source_document
addition,जोड़ाव,Bharatavani / CSTT Fundamental Administrative Terminology (2015),source_document
additional charge,बाड़ती भार,Bharatavani / CSTT Fundamental Administrative Terminology (2015),source_document
additional fund,बाड़ती कावडि ़,Bharatavani / CSTT Fundamental Administrative Terminology (2015),source_document
additional grant,बाड़ति गोड़ोटाका,Bharatavani / CSTT Fundamental Administrative Terminology (2015),source_document
additional information,बाड़ती बाडाय,Bharatavani / CSTT Fundamental Administrative Terminology (2015),source_document
additional pay,1. बाड़ति कुड़ाई 2. बाड़ती दोरमाहा,Bharatavani / CSTT Fundamental Administrative Terminology (2015),source_document
addition and alteration,"बाड़ति जोनोड़, बाड़ति बाड़हाव",Bharatavani / CSTT Fundamental Administrative Terminology (2015),source_document
address,1. ठिकाना ़ 2. रोरोड़,Bharatavani / CSTT Fundamental Administrative Terminology (2015),source_document
addressee,1. ञामिच ् 2. बेवरा ञामिच ् 3. बेवरा भेजायिच ्,Bharatavani / CSTT Fundamental Administrative Terminology (2015),source_document
address of welcome,आताङ दाराम,Bharatavani / CSTT Fundamental Administrative Terminology (2015),source_document
adequate,आडिगान,Bharatavani / CSTT Fundamental Administrative Terminology (2015),source_document
adhere to,रिहिट तोंहें न,Bharatavani / CSTT Fundamental Administrative Terminology (2015),source_document
ad hoc,कामीहाताड़ ़,Bharatavani / CSTT Fundamental Administrative Terminology (2015),source_document
ad hoc claim,कामीहाताड़ ़ दाबी,Bharatavani / CSTT Fundamental Administrative Terminology (2015),source_document
ad hoc committee,कामीहाताड़ ़ कुमट ु,Bharatavani / CSTT Fundamental Administrative Terminology (2015),source_document
ad hoc increase,कामीहाताड़ ़ बाड़हाव,Bharatavani / CSTT Fundamental Administrative Terminology (2015),source_document
ad hoc payment,कामीहाताड़ ़ कुड़ाई,Bharatavani / CSTT Fundamental Administrative Terminology (2015),source_document
adjacent,लागाव,Bharatavani / CSTT Fundamental Administrative Terminology (2015),source_document
adjournment,आकोट,Bharatavani / CSTT Fundamental Administrative Terminology (2015),source_document
adjournment motion,कामी ़ आकोट,Bharatavani / CSTT Fundamental Administrative Terminology (2015),source_document
adjudge,नेयाय ठावका ़,Bharatavani / CSTT Fundamental Administrative Terminology (2015),source_document
adjudicate,नेयाय ठावका ़ परु ाव,Bharatavani / CSTT Fundamental Administrative Terminology (2015),source_document
adjudication,1. नेयाय निरनोय 2. नेयाय मिंमासा,Bharatavani / CSTT Fundamental Administrative Terminology (2015),source_document
adjudicator,नेयाय मिमांसायिच ्,Bharatavani / CSTT Fundamental Administrative Terminology (2015),source_document
adjustment,मेसा,Bharatavani / CSTT Fundamental Administrative Terminology (2015),source_document
administer,सासोनिया,Bharatavani / CSTT Fundamental Administrative Terminology (2015),source_document
administer oath,सासोन किरया हाताव,Bharatavani / CSTT Fundamental Administrative Terminology (2015),source_document
administration,सासोन,Bharatavani / CSTT Fundamental Administrative Terminology (2015),source_document
administration of justice,नेयाय सासोन,Bharatavani / CSTT Fundamental Administrative Terminology (2015),source_document
administrative,सासोनिच ्,Bharatavani / CSTT Fundamental Administrative Terminology (2015),source_document
administrative action,सासोनिया कामी ़,Bharatavani / CSTT Fundamental Administrative Terminology (2015),source_document
administrative appraisal,सासोनिया तुलापाईला ़ ़,Bharatavani / CSTT Fundamental Administrative Terminology (2015),source_document
administrative approval,सासोनिया कामी ़ ठावका ़,Bharatavani / CSTT Fundamental Administrative Terminology (2015),source_document
administrative authority,सासोनिया आइदारियायिच ्,Bharatavani / CSTT Fundamental Administrative Terminology (2015),source_document
administrative control,सासोनिया कोबोच ्,Bharatavani / CSTT Fundamental Administrative Terminology (2015),source_document
administrative decision,सासोनिया गोटा,Bharatavani / CSTT Fundamental Administrative Terminology (2015),source_document
administrative department,सासोनिया विभाग,Bharatavani / CSTT Fundamental Administrative Terminology (2015),source_document
administrative head,सासोनिया मालिक,Bharatavani / CSTT Fundamental Administrative Terminology (2015),source_document
administrative headquarters,सासोनिया ओड़ाः,Bharatavani / CSTT Fundamental Administrative Terminology (2015),source_document
administrative measures,सासोनिया उपाय,Bharatavani / CSTT Fundamental Administrative Terminology (2015),source_document
administrative power,सासोनिया दाड़े,Bharatavani / CSTT Fundamental Administrative Terminology (2015),source_document
administrative sanction,सासोनिया मंजरु,Bharatavani / CSTT Fundamental Administrative Terminology (2015),source_document
administrative technique,सासोनिया तकनिक,Bharatavani / CSTT Fundamental Administrative Terminology (2015),source_document
administrative tribunal,सासोनिया नायओड़ाः,Bharatavani / CSTT Fundamental Administrative Terminology (2015),source_document
admissibility,हें सारी,Bharatavani / CSTT Fundamental Administrative Terminology (2015),source_document
admissible expenditure,1. खोरोच ् दाड़े 2. बाड़ती खोरोच ्,Bharatavani / CSTT Fundamental Administrative Terminology (2015),source_document
admit,बोलोहोचो,Bharatavani / CSTT Fundamental Administrative Terminology (2015),source_document
admit card,1. बोलोन कागोच ् 2. चिन्हा साकाम बोलोयेनाय,Bharatavani / CSTT Fundamental Administrative Terminology (2015),source_document
admitted,बोलोयेनाय,Bharatavani / CSTT Fundamental Administrative Terminology (2015),source_document
admonish,निसड़ाव,Bharatavani / CSTT Fundamental Administrative Terminology (2015),source_document
adoptee,हाताव,Bharatavani / CSTT Fundamental Administrative Terminology (2015),source_document
adoptor,हाताविच ्,Bharatavani / CSTT Fundamental Administrative Terminology (2015),source_document
adoption,हाताव,Bharatavani / CSTT Fundamental Administrative Terminology (2015),source_document
adult,1. हारा 2. कोड़ायेनाय 3. हाड़ाम,Bharatavani / CSTT Fundamental Administrative Terminology (2015),source_document
adulteration,1. लोटपोट,Bharatavani / CSTT Fundamental Administrative Terminology (2015),source_document
adultery,कड़ात्तो,Bharatavani / CSTT Fundamental Administrative Terminology (2015),source_document
adult franchise,कोड़ाकोवा मोत एम दाड़े,Bharatavani / CSTT Fundamental Administrative Terminology (2015),source_document
ad valorem duty,यथा मूल्य शुल्क,Bharatavani / CSTT Fundamental Administrative Terminology (2015),source_document
advance,दादोन,Bharatavani / CSTT Fundamental Administrative Terminology (2015),source_document
advance booking,दादोन बुकिं ग,Bharatavani / CSTT Fundamental Administrative Terminology (2015),source_document
advance copy,दादोन साकाम,Bharatavani / CSTT Fundamental Administrative Terminology (2015),source_document
advanced increment,दादोन कुड़ाय,Bharatavani / CSTT Fundamental Administrative Terminology (2015),source_document
advance payment,दादोन टाका एम,Bharatavani / CSTT Fundamental Administrative Terminology (2015),source_document
adverse entry,बाड़िच ् बोलोन,Bharatavani / CSTT Fundamental Administrative Terminology (2015),source_document
adverse remarks,बाड़िच ् चिन्हा,Bharatavani / CSTT Fundamental Administrative Terminology (2015),source_document
adverse report,बाड़िच ् खोबोर,Bharatavani / CSTT Fundamental Administrative Terminology (2015),source_document
advertisement,ढावरा ़,Bharatavani / CSTT Fundamental Administrative Terminology (2015),source_document
advice,सिख़ाव,Bharatavani / CSTT Fundamental Administrative Terminology (2015),source_document
advice of payment,कावडी ़ एम रे याः सुझाव,Bharatavani / CSTT Fundamental Administrative Terminology (2015),source_document
advisory committee,गोपोड़ो कुमट ु,Bharatavani / CSTT Fundamental Administrative Terminology (2015),source_document
advisory council,गोपोड़ो आखड़ा,Bharatavani / CSTT Fundamental Administrative Terminology (2015),source_document
advocate,1. उकिल 2. भद्रान,Bharatavani / CSTT Fundamental Administrative Terminology (2015),source_document
affairs,1. कामी ़ 2. मामला,Bharatavani / CSTT Fundamental Administrative Terminology (2015),source_document
affidavit,किरा साकाम,Bharatavani / CSTT Fundamental Administrative Terminology (2015),source_document
affiliation,1. संवंधन 2. जोनोड़ाव,Bharatavani / CSTT Fundamental Administrative Terminology (2015),source_document
affirmation,1. अभिपुस्टि,Bharatavani / CSTT Fundamental Administrative Terminology (2015),source_document
affirmative,1. हें सारी 2. भागी उइहार,Bharatavani / CSTT Fundamental Administrative Terminology (2015),source_document
afford,एम दाड़े,Bharatavani / CSTT Fundamental Administrative Terminology (2015),source_document
aforesaid,माडाङतेयाः,Bharatavani / CSTT Fundamental Administrative Terminology (2015),source_document
afresh,नावाकारते,Bharatavani / CSTT Fundamental Administrative Terminology (2015),source_document
against,विरोध रे,Bharatavani / CSTT Fundamental Administrative Terminology (2015),source_document
age,उमेर,Bharatavani / CSTT Fundamental Administrative Terminology (2015),source_document
age certificate,उमेर सारि साकाम,Bharatavani / CSTT Fundamental Administrative Terminology (2015),source_document
age for suffrage,एम दाड़े उमेर,Bharatavani / CSTT Fundamental Administrative Terminology (2015),source_document
age limit,उमेर सिमा ़,Bharatavani / CSTT Fundamental Administrative Terminology (2015),source_document
agency,एजंन्सी,Bharatavani / CSTT Fundamental Administrative Terminology (2015),source_document
agenda,कामीहोरा ़,Bharatavani / CSTT Fundamental Administrative Terminology (2015),source_document
age of retirement,कामी ़ खोन जिराव़ उपेर,Bharatavani / CSTT Fundamental Administrative Terminology (2015),source_document
age of superannuation,अधिवर्षिता उमेर,Bharatavani / CSTT Fundamental Administrative Terminology (2015),source_document
aggregation,सानाम,Bharatavani / CSTT Fundamental Administrative Terminology (2015),source_document
aggrieved,1. व्यथित 2. दख ु ालि,Bharatavani / CSTT Fundamental Administrative Terminology (2015),source_document
agitation,आँदोड़ ु ुडुप,Bharatavani / CSTT Fundamental Administrative Terminology (2015),source_document
agreement,1. एकरार 2. हें सारी,Bharatavani / CSTT Fundamental Administrative Terminology (2015),source_document
agreement form,हें सारी कागोच ्,Bharatavani / CSTT Fundamental Administrative Terminology (2015),source_document
agriculture,चासबास,Bharatavani / CSTT Fundamental Administrative Terminology (2015),source_document
agro-industry,1. चास-कारखान 2. बिरित ्,Bharatavani / CSTT Fundamental Administrative Terminology (2015),source_document
aid,गोड़ो,Bharatavani / CSTT Fundamental Administrative Terminology (2015),source_document
alarm,बोतोर साडे,Bharatavani / CSTT Fundamental Administrative Terminology (2015),source_document
alertness,हुंसयार,Bharatavani / CSTT Fundamental Administrative Terminology (2015),source_document
alias,बाहना ञत ु म ु,Bharatavani / CSTT Fundamental Administrative Terminology (2015),source_document
allegation,बोदनाम,Bharatavani / CSTT Fundamental Administrative Terminology (2015),source_document
allegiance,पातया ़ व़,Bharatavani / CSTT Fundamental Administrative Terminology (2015),source_document
alliance,1. पात्याविच ् 2. गातेयिच ्,Bharatavani / CSTT Fundamental Administrative Terminology (2015),source_document
allied services,1. गोड़ो कामी ़,Bharatavani / CSTT Fundamental Administrative Terminology (2015),source_document
all inclusive cost,सानाम खारचा लागात ् ़,Bharatavani / CSTT Fundamental Administrative Terminology (2015),source_document
allocation,नियतन,Bharatavani / CSTT Fundamental Administrative Terminology (2015),source_document
allotment,1. हाटिञ ़ 2. हुँडा 3. बाखरा,Bharatavani / CSTT Fundamental Administrative Terminology (2015),source_document
allotment letter,हाटिञ ़ साकाम,Bharatavani / CSTT Fundamental Administrative Terminology (2015),source_document
allottee,हाटिञिच ्,Bharatavani / CSTT Fundamental Administrative Terminology (2015),source_document
allowable,हे सारियिच ्,Bharatavani / CSTT Fundamental Administrative Terminology (2015),source_document
allowable expenses,हे सारियाः खोरोच ्,Bharatavani / CSTT Fundamental Administrative Terminology (2015),source_document
allow an appeal,हें सारियाः मंजुर,Bharatavani / CSTT Fundamental Administrative Terminology (2015),source_document
allowance,भत्ता,Bharatavani / CSTT Fundamental Administrative Terminology (2015),source_document
all rights reserved,सानाम पाहटा राखा,Bharatavani / CSTT Fundamental Administrative Terminology (2015),source_document
alphabetic order,आखोर लेकाते,Bharatavani / CSTT Fundamental Administrative Terminology (2015),source_document
altercation,एपेगेर,Bharatavani / CSTT Fundamental Administrative Terminology (2015),source_document
alternate,बोदोलते,Bharatavani / CSTT Fundamental Administrative Terminology (2015),source_document
alternative,बोदोल लेकाना,Bharatavani / CSTT Fundamental Administrative Terminology (2015),source_document
amalgamation,जोड़ामित ्,Bharatavani / CSTT Fundamental Administrative Terminology (2015),source_document
amended draft,सुघराव़ प्रारुप,Bharatavani / CSTT Fundamental Administrative Terminology (2015),source_document
amendment,आ़रु फेराव,Bharatavani / CSTT Fundamental Administrative Terminology (2015),source_document
amenity,सुक-सुविधा,Bharatavani / CSTT Fundamental Administrative Terminology (2015),source_document
amicable,गातेपेरेच ्,Bharatavani / CSTT Fundamental Administrative Terminology (2015),source_document
ammunition,गोला बारुद,Bharatavani / CSTT Fundamental Administrative Terminology (2015),source_document
amortization of debt,दे ना छाड़,Bharatavani / CSTT Fundamental Administrative Terminology (2015),source_document
amount,कावडी ़,Bharatavani / CSTT Fundamental Administrative Terminology (2015),source_document
amount of pension,पेनसन कावडी ़,Bharatavani / CSTT Fundamental Administrative Terminology (2015),source_document
analogous post,ओनकाल पोद,Bharatavani / CSTT Fundamental Administrative Terminology (2015),source_document
analysis,विछनावते ़,Bharatavani / CSTT Fundamental Administrative Terminology (2015),source_document
analytical study,बिछनावते ़ पाड़हाव,Bharatavani / CSTT Fundamental Administrative Terminology (2015),source_document
ancestor,हापड़ाम,Bharatavani / CSTT Fundamental Administrative Terminology (2015),source_document
ancillary industry,गोड़ो बिरित,Bharatavani / CSTT Fundamental Administrative Terminology (2015),source_document
animosity,बिबादिया ़,Bharatavani / CSTT Fundamental Administrative Terminology (2015),source_document
annexure,लाठाआकान,Bharatavani / CSTT Fundamental Administrative Terminology (2015),source_document
anniversary,सेरमाकिया ़,Bharatavani / CSTT Fundamental Administrative Terminology (2015),source_document
announcement,एतोहोप ् लाईपासनाव,Bharatavani / CSTT Fundamental Administrative Terminology (2015),source_document
annoyance,बिछोक,Bharatavani / CSTT Fundamental Administrative Terminology (2015),source_document
annual financial statement,बाछरी कावडी ़ बिबरोन,Bharatavani / CSTT Fundamental Administrative Terminology (2015),source_document
annual report,बाछरी रिपोट,Bharatavani / CSTT Fundamental Administrative Terminology (2015),source_document
annuity,बाछरिया,Bharatavani / CSTT Fundamental Administrative Terminology (2015),source_document
anonymous,उकूञुतुम,Bharatavani / CSTT Fundamental Administrative Terminology (2015),source_document
anonymous complaint,1. उकूचूकू लाई 2. उकूते लालिस,Bharatavani / CSTT Fundamental Administrative Terminology (2015),source_document
answerability,जोवाबदे ही,Bharatavani / CSTT Fundamental Administrative Terminology (2015),source_document
answer sheet,लाना ़ ई़ साकाम,Bharatavani / CSTT Fundamental Administrative Terminology (2015),source_document
antagonist,बिरोधिया,Bharatavani / CSTT Fundamental Administrative Terminology (2015),source_document
antecedents,माडाङखोन,Bharatavani / CSTT Fundamental Administrative Terminology (2015),source_document
anticipated expenditure,प्रत्याशित खोरोच,Bharatavani / CSTT Fundamental Administrative Terminology (2015),source_document
anticipated income,प्रत्याशित आय,Bharatavani / CSTT Fundamental Administrative Terminology (2015),source_document
anticipation,माड़ाङ उइहार,Bharatavani / CSTT Fundamental Administrative Terminology (2015),source_document
anticipatory bail,माडाङ जामनात,Bharatavani / CSTT Fundamental Administrative Terminology (2015),source_document
anti-corruption measure,भ्रष्टाचार निरोधक उपाय,Bharatavani / CSTT Fundamental Administrative Terminology (2015),source_document
anti-dumping,प्रति पाटन,Bharatavani / CSTT Fundamental Administrative Terminology (2015),source_document
antique,गोटाल जिनिस,Bharatavani / CSTT Fundamental Administrative Terminology (2015),source_document
apartheid,हारता भेनेगेत,Bharatavani / CSTT Fundamental Administrative Terminology (2015),source_document
apathy,1. सुसती 2. लागसिया,Bharatavani / CSTT Fundamental Administrative Terminology (2015),source_document
apex body,चेतान धाप,Bharatavani / CSTT Fundamental Administrative Terminology (2015),source_document
apology,इकाकोय ़,Bharatavani / CSTT Fundamental Administrative Terminology (2015),source_document
appeal,अपील,Bharatavani / CSTT Fundamental Administrative Terminology (2015),source_document
appearance,सेटेर,Bharatavani / CSTT Fundamental Administrative Terminology (2015),source_document
appeasement,आसा एम,Bharatavani / CSTT Fundamental Administrative Terminology (2015),source_document
appellate tribunal,अपील नाय ओड़ाः,Bharatavani / CSTT Fundamental Administrative Terminology (2015),source_document
appendix,बाड़तियाः,Bharatavani / CSTT Fundamental Administrative Terminology (2015),source_document
appliance,उपयंत्र,Bharatavani / CSTT Fundamental Administrative Terminology (2015),source_document
applicable,लाग़ ू,Bharatavani / CSTT Fundamental Administrative Terminology (2015),source_document
applicant,नेहोरिच ्,Bharatavani / CSTT Fundamental Administrative Terminology (2015),source_document
application,नेहोर साकाम,Bharatavani / CSTT Fundamental Administrative Terminology (2015),source_document
application form,"1. नेहोर साकाम 2. आरजी साकाम, बाङलागतीयाः",Bharatavani / CSTT Fundamental Administrative Terminology (2015),source_document
applied,बाङलागतीयाः,Bharatavani / CSTT Fundamental Administrative Terminology (2015),source_document
apply,1. नेहोर एम 2. आरजी एम,Bharatavani / CSTT Fundamental Administrative Terminology (2015),source_document
appointee,बाहालाकान होड़,Bharatavani / CSTT Fundamental Administrative Terminology (2015),source_document
appointing authority,बाहाल एमोगिच ् होड़,Bharatavani / CSTT Fundamental Administrative Terminology (2015),source_document
appointment,बाहाल,Bharatavani / CSTT Fundamental Administrative Terminology (2015),source_document
appointment letter,बाहाल साकाम,Bharatavani / CSTT Fundamental Administrative Terminology (2015),source_document
apportionment of wages,बाहालिया कुड़ाय,Bharatavani / CSTT Fundamental Administrative Terminology (2015),source_document
appraisal,आँकाव,Bharatavani / CSTT Fundamental Administrative Terminology (2015),source_document
appraiser,आँकाविच ्,Bharatavani / CSTT Fundamental Administrative Terminology (2015),source_document
appreciation,सारहाव,Bharatavani / CSTT Fundamental Administrative Terminology (2015),source_document
apprehension,1. तोल 2. सापहोचो,Bharatavani / CSTT Fundamental Administrative Terminology (2015),source_document
apprentice,चेदोगिच ्,Bharatavani / CSTT Fundamental Administrative Terminology (2015),source_document
approach,सेटेर,Bharatavani / CSTT Fundamental Administrative Terminology (2015),source_document
appropriate,1. सह ु ी 2. खाटी ़ 3. उचित,Bharatavani / CSTT Fundamental Administrative Terminology (2015),source_document
appropriate action,सुही कामी ़,Bharatavani / CSTT Fundamental Administrative Terminology (2015),source_document
appropriate head,1. सुही बोहोः 2. सुही सिरा,Bharatavani / CSTT Fundamental Administrative Terminology (2015),source_document
appropriation,विनियोजन,Bharatavani / CSTT Fundamental Administrative Terminology (2015),source_document
approval,हें सारी,Bharatavani / CSTT Fundamental Administrative Terminology (2015),source_document
approximate,ओनकाधारा,Bharatavani / CSTT Fundamental Administrative Terminology (2015),source_document
aptitude test,रुझान बिड़ाव,Bharatavani / CSTT Fundamental Administrative Terminology (2015),source_document
arbitrary,मोनमानी,Bharatavani / CSTT Fundamental Administrative Terminology (2015),source_document
arbitrate,1. तालायिच 2. रायबारिच ्,Bharatavani / CSTT Fundamental Administrative Terminology (2015),source_document
arbitration,तालायिच ् आनारी,Bharatavani / CSTT Fundamental Administrative Terminology (2015),source_document
arbitration tribunal,रायबारिया ओड़ाः,Bharatavani / CSTT Fundamental Administrative Terminology (2015),source_document
arbitrator,तालमायिच ्,Bharatavani / CSTT Fundamental Administrative Terminology (2015),source_document
architecture,बेनाविच ्,Bharatavani / CSTT Fundamental Administrative Terminology (2015),source_document
archives,1. अभिलेखागार 2. ओलओड़ाः,Bharatavani / CSTT Fundamental Administrative Terminology (2015),source_document
area,टोठा,Bharatavani / CSTT Fundamental Administrative Terminology (2015),source_document
area headquarter,टोठा रे नाङ मुड़,Bharatavani / CSTT Fundamental Administrative Terminology (2015),source_document
argument,1. तोरको 2. बोहोस 3. हे टाबादी,Bharatavani / CSTT Fundamental Administrative Terminology (2015),source_document
arise,1. राकाप ् 2. बेरेत ्,Bharatavani / CSTT Fundamental Administrative Terminology (2015),source_document
armed forces,सेंगेलटुटि फ़ाद,Bharatavani / CSTT Fundamental Administrative Terminology (2015),source_document
arrangement,1. बेबस्था 2. सापड़ाव,Bharatavani / CSTT Fundamental Administrative Terminology (2015),source_document
arrear,बाकीया,Bharatavani / CSTT Fundamental Administrative Terminology (2015),source_document
arrear statement,बाकीया बिबरोन,Bharatavani / CSTT Fundamental Administrative Terminology (2015),source_document
arrival report,हिजूः रिपोट,Bharatavani / CSTT Fundamental Administrative Terminology (2015),source_document
arrogance,हाहाड़ा,Bharatavani / CSTT Fundamental Administrative Terminology (2015),source_document
arsenal,हातयार ओड़ाः,Bharatavani / CSTT Fundamental Administrative Terminology (2015),source_document
article,ओनोल,Bharatavani / CSTT Fundamental Administrative Terminology (2015),source_document
articles of association,गाँवता रे नाः ओनोल,Bharatavani / CSTT Fundamental Administrative Terminology (2015),source_document
articles,1. नियमावली 2. आ़नआ़री,Bharatavani / CSTT Fundamental Administrative Terminology (2015),source_document
ascending order,राकापते,Bharatavani / CSTT Fundamental Administrative Terminology (2015),source_document
ascertain,1. बेगोर ठांवका ़ 2. बेठावका ़,Bharatavani / CSTT Fundamental Administrative Terminology (2015),source_document
as is where is,जाहाँलेका,Bharatavani / CSTT Fundamental Administrative Terminology (2015),source_document
aspect,एतोहोप ् पाहटा,Bharatavani / CSTT Fundamental Administrative Terminology (2015),source_document
aspersion,लांछना,Bharatavani / CSTT Fundamental Administrative Terminology (2015),source_document
assassination,1. गोयच ् 2. दांड़े,Bharatavani / CSTT Fundamental Administrative Terminology (2015),source_document
assault,हामला,Bharatavani / CSTT Fundamental Administrative Terminology (2015),source_document
assemble,जावरा,Bharatavani / CSTT Fundamental Administrative Terminology (2015),source_document
assembly,जावरा ओड़ाः,Bharatavani / CSTT Fundamental Administrative Terminology (2015),source_document
assent,हें सारी,Bharatavani / CSTT Fundamental Administrative Terminology (2015),source_document
assert,केटे च ् ते रोड़,Bharatavani / CSTT Fundamental Administrative Terminology (2015),source_document
assessee,ठावकावाः,Bharatavani / CSTT Fundamental Administrative Terminology (2015),source_document
assessment,ठावकावाकान,Bharatavani / CSTT Fundamental Administrative Terminology (2015),source_document
assessment year,ठावका बोछोर,Bharatavani / CSTT Fundamental Administrative Terminology (2015),source_document
assessor,खाजना ठावकायिच ्,Bharatavani / CSTT Fundamental Administrative Terminology (2015),source_document
assets,धोन,Bharatavani / CSTT Fundamental Administrative Terminology (2015),source_document
assignee,सोंपावहोचोयिच ्,Bharatavani / CSTT Fundamental Administrative Terminology (2015),source_document
assignment,सोंपाव,Bharatavani / CSTT Fundamental Administrative Terminology (2015),source_document
assignor,सोंपाविच ्,Bharatavani / CSTT Fundamental Administrative Terminology (2015),source_document
assistance,गोड़ोयिच ्,Bharatavani / CSTT Fundamental Administrative Terminology (2015),source_document
associate,गोड़ो,Bharatavani / CSTT Fundamental Administrative Terminology (2015),source_document
association,गाँवता,Bharatavani / CSTT Fundamental Administrative Terminology (2015),source_document
assumption of charge,कामीभार हाताव,Bharatavani / CSTT Fundamental Administrative Terminology (2015),source_document
assurance,वीमा कंपनी,Bharatavani / CSTT Fundamental Administrative Terminology (2015),source_document
assurance company,वीमा कंपनी,Bharatavani / CSTT Fundamental Administrative Terminology (2015),source_document
assure,आँसएम,Bharatavani / CSTT Fundamental Administrative Terminology (2015),source_document
at discount,छाड़,Bharatavani / CSTT Fundamental Administrative Terminology (2015),source_document
atomic power,लेमेंञ दाड़े,Bharatavani / CSTT Fundamental Administrative Terminology (2015),source_document
at par,समान गोनोङ रे,Bharatavani / CSTT Fundamental Administrative Terminology (2015),source_document
at premium,प्रमीयम रे,Bharatavani / CSTT Fundamental Administrative Terminology (2015),source_document
attach,साँवते,Bharatavani / CSTT Fundamental Administrative Terminology (2015),source_document
attached office,गोड़ो ओफिस,Bharatavani / CSTT Fundamental Administrative Terminology (2015),source_document
attachment,1. गोड़ो आकान 2. लाठा आकान,Bharatavani / CSTT Fundamental Administrative Terminology (2015),source_document
attachment order,1. कुरकी 2. जोबोत ्,Bharatavani / CSTT Fundamental Administrative Terminology (2015),source_document
attainment,ञाम,Bharatavani / CSTT Fundamental Administrative Terminology (2015),source_document
attempt,बिडाव़,Bharatavani / CSTT Fundamental Administrative Terminology (2015),source_document
attendance,हाजरी,Bharatavani / CSTT Fundamental Administrative Terminology (2015),source_document
attendance register,हाजरी बुही,Bharatavani / CSTT Fundamental Administrative Terminology (2015),source_document
attendance slip,हाजरी सिलिप,Bharatavani / CSTT Fundamental Administrative Terminology (2015),source_document
attention,1. धेयमान 2. हुसयार,Bharatavani / CSTT Fundamental Administrative Terminology (2015),source_document
attestation,एटे स्टेसन,Bharatavani / CSTT Fundamental Administrative Terminology (2015),source_document
attested copy,पोरमानकोपी,Bharatavani / CSTT Fundamental Administrative Terminology (2015),source_document
attitude,सोभाव,Bharatavani / CSTT Fundamental Administrative Terminology (2015),source_document
attractive salary,लोभावान दोरमाहा,Bharatavani / CSTT Fundamental Administrative Terminology (2015),source_document
auction,लिलाम,Bharatavani / CSTT Fundamental Administrative Terminology (2015),source_document
auctioneer,लिलमिया ़,Bharatavani / CSTT Fundamental Administrative Terminology (2015),source_document
auction sale,लिलाम आ़खरिञ,Bharatavani / CSTT Fundamental Administrative Terminology (2015),source_document
audience,आजोमको,Bharatavani / CSTT Fundamental Administrative Terminology (2015),source_document
audio-visual display,ञेलेलोम-ओजोम-उदू,Bharatavani / CSTT Fundamental Administrative Terminology (2015),source_document
audio-visual publicity,ञेलेलोम-आजोम- पासनाव,Bharatavani / CSTT Fundamental Administrative Terminology (2015),source_document
audit,लेखा तोल,Bharatavani / CSTT Fundamental Administrative Terminology (2015),source_document
audited accounts,लेखायिच ् - बिडाविया ़,Bharatavani / CSTT Fundamental Administrative Terminology (2015),source_document
audited balance sheet,लेखानाः- सारे च ्-सिट,Bharatavani / CSTT Fundamental Administrative Terminology (2015),source_document
auditing,लेखा बिड़ाव,Bharatavani / CSTT Fundamental Administrative Terminology (2015),source_document
audit objection,लेखा आपोत्ति,Bharatavani / CSTT Fundamental Administrative Terminology (2015),source_document
auditor’s report,लेखायिजा रिपोर्ट,Bharatavani / CSTT Fundamental Administrative Terminology (2015),source_document
auditorium,ञेलेलोम ओड़ा,Bharatavani / CSTT Fundamental Administrative Terminology (2015),source_document
audit paragraph,लेखा पेराग्राफ,Bharatavani / CSTT Fundamental Administrative Terminology (2015),source_document
audit report,लेखा रिपोर्ट,Bharatavani / CSTT Fundamental Administrative Terminology (2015),source_document
austerity,बाड़ती समय,Bharatavani / CSTT Fundamental Administrative Terminology (2015),source_document
austerity measures,बाड़ती माप,Bharatavani / CSTT Fundamental Administrative Terminology (2015),source_document
authentic,प्रमाणिताः,Bharatavani / CSTT Fundamental Administrative Terminology (2015),source_document
authorised representative,भेजावाकान होड़,Bharatavani / CSTT Fundamental Administrative Terminology (2015),source_document
authoritative,भेजावाकानिच ्,Bharatavani / CSTT Fundamental Administrative Terminology (2015),source_document
authority,1. आकिलानिच ् 2. जिम्मायिच ्,Bharatavani / CSTT Fundamental Administrative Terminology (2015),source_document
authority letter,जिम्मा साकाम,Bharatavani / CSTT Fundamental Administrative Terminology (2015),source_document
authorized,जिम्मा एम आकानिच ्,Bharatavani / CSTT Fundamental Administrative Terminology (2015),source_document
authorized capital,जिम्मा आकान कावडी ़,Bharatavani / CSTT Fundamental Administrative Terminology (2015),source_document
automatic,आजते चालागाः,Bharatavani / CSTT Fundamental Administrative Terminology (2015),source_document
autonomous,निजेतय े ाः,Bharatavani / CSTT Fundamental Administrative Terminology (2015),source_document
autonomous body,निजेतय े ा मुठ़ान,Bharatavani / CSTT Fundamental Administrative Terminology (2015),source_document
autonomy,निजेयाः,Bharatavani / CSTT Fundamental Administrative Terminology (2015),source_document
auxiliary,1. गोड़ोवा 2. गोड़ोयिच ्,Bharatavani / CSTT Fundamental Administrative Terminology (2015),source_document
available,ञामोगाः,Bharatavani / CSTT Fundamental Administrative Terminology (2015),source_document
average,गोड़पोड़ता,Bharatavani / CSTT Fundamental Administrative Terminology (2015),source_document
average leave,गोड़पोड़ता छुटी,Bharatavani / CSTT Fundamental Administrative Terminology (2015),source_document
aversion,रुची,Bharatavani / CSTT Fundamental Administrative Terminology (2015),source_document
avert,सारे च ् दोहो,Bharatavani / CSTT Fundamental Administrative Terminology (2015),source_document
avoid,साहाकाः,Bharatavani / CSTT Fundamental Administrative Terminology (2015),source_document
avoidance of tax,खाजना एम रे साहा,Bharatavani / CSTT Fundamental Administrative Terminology (2015),source_document
awaited,तांपागी,Bharatavani / CSTT Fundamental Administrative Terminology (2015),source_document
award,सिरफा,Bharatavani / CSTT Fundamental Administrative Terminology (2015),source_document
awarding authority,सिरफा एमोगिच ्,Bharatavani / CSTT Fundamental Administrative Terminology (2015),source_document
awareness,चेटकार,Bharatavani / CSTT Fundamental Administrative Terminology (2015),source_document
backdated,चालाव-माहित ्,Bharatavani / CSTT Fundamental Administrative Terminology (2015),source_document
background,माड़ाङतेयाः,Bharatavani / CSTT Fundamental Administrative Terminology (2015),source_document
back log,माड़ाङ सारे जाः,Bharatavani / CSTT Fundamental Administrative Terminology (2015),source_document
back out,साहा,Bharatavani / CSTT Fundamental Administrative Terminology (2015),source_document
back reference,माड़ाड लाइयाः,Bharatavani / CSTT Fundamental Administrative Terminology (2015),source_document
back up,एमोगिच ्,Bharatavani / CSTT Fundamental Administrative Terminology (2015),source_document
backward classes,लातार गाताक,Bharatavani / CSTT Fundamental Administrative Terminology (2015),source_document
backward tribe,लातार गाताक आदिवासी,Bharatavani / CSTT Fundamental Administrative Terminology (2015),source_document
bad bargain,लातार सावदा,Bharatavani / CSTT Fundamental Administrative Terminology (2015),source_document
bad behaviour,1. लातार बेवहार 2. बाड़िच ् बेवहार,Bharatavani / CSTT Fundamental Administrative Terminology (2015),source_document
bad character,बाड़िच चरित ्,Bharatavani / CSTT Fundamental Administrative Terminology (2015),source_document
bad climate allowance,ब़ाड़िच ् होयहिसित भात्ता,Bharatavani / CSTT Fundamental Administrative Terminology (2015),source_document
bad conduct,"बाड़िच ् आचारिच ्, बेभारिच ्",Bharatavani / CSTT Fundamental Administrative Terminology (2015),source_document
bad debt,बाड़िच ् ऋण,Bharatavani / CSTT Fundamental Administrative Terminology (2015),source_document
baggage,मोटरा,Bharatavani / CSTT Fundamental Administrative Terminology (2015),source_document
bail,जामनात,Bharatavani / CSTT Fundamental Administrative Terminology (2015),source_document
balance,1. सारे च ् 2. सोमान,Bharatavani / CSTT Fundamental Administrative Terminology (2015),source_document
balance brought down,तायोमतेयाः सारे च ्,Bharatavani / CSTT Fundamental Administrative Terminology (2015),source_document
balance brought forward,माड़ाङ तेयाः सारे च ्,Bharatavani / CSTT Fundamental Administrative Terminology (2015),source_document
balanced budget,सोमान कावडी ़,Bharatavani / CSTT Fundamental Administrative Terminology (2015),source_document
balance sheet,सारे च ् साकाम,Bharatavani / CSTT Fundamental Administrative Terminology (2015),source_document
ballot,मोत साकाम,Bharatavani / CSTT Fundamental Administrative Terminology (2015),source_document
ballot box,मोत पिटी,Bharatavani / CSTT Fundamental Administrative Terminology (2015),source_document
ballot paper,मोत साकाम,Bharatavani / CSTT Fundamental Administrative Terminology (2015),source_document
ban,आकोट,Bharatavani / CSTT Fundamental Administrative Terminology (2015),source_document
bank,कावडी ़ मुराई़,Bharatavani / CSTT Fundamental Administrative Terminology (2015),source_document
bank account,कावडी ़ मुराई़ खाता,Bharatavani / CSTT Fundamental Administrative Terminology (2015),source_document
bank balance,कावडी ़ मुराई़ सारे च ्,Bharatavani / CSTT Fundamental Administrative Terminology (2015),source_document
bank charges,कावडी ़ मरु ाई़ चारोज,Bharatavani / CSTT Fundamental Administrative Terminology (2015),source_document
bank guarantee,कावडी ़ मुराई़ साखी,Bharatavani / CSTT Fundamental Administrative Terminology (2015),source_document
bank holiday,कावडी ़ मुराई छुटी,Bharatavani / CSTT Fundamental Administrative Terminology (2015),source_document
banking facility,कावडी ़ मुराई़ सुविधा,Bharatavani / CSTT Fundamental Administrative Terminology (2015),source_document
banking hours,कावडी ़ भुराई़ रे नाः ओकतो,Bharatavani / CSTT Fundamental Administrative Terminology (2015),source_document
banking transaction,कावडी ़ एपेम चापाल,Bharatavani / CSTT Fundamental Administrative Terminology (2015),source_document
bank rate,कावडी ़ दोर,Bharatavani / CSTT Fundamental Administrative Terminology (2015),source_document
bank reconciliation,कावडी ़ सोमाधान,Bharatavani / CSTT Fundamental Administrative Terminology (2015),source_document
bankrupt,कावडी दे ना,Bharatavani / CSTT Fundamental Administrative Terminology (2015),source_document
bank security,कावडी जोमानत,Bharatavani / CSTT Fundamental Administrative Terminology (2015),source_document
bank statement,कावडी विबोरन,Bharatavani / CSTT Fundamental Administrative Terminology (2015),source_document
banquet,भोज,Bharatavani / CSTT Fundamental Administrative Terminology (2015),source_document
bar council,बार काउं सिल,Bharatavani / CSTT Fundamental Administrative Terminology (2015),source_document
bargain,सावदा,Bharatavani / CSTT Fundamental Administrative Terminology (2015),source_document
bargaining,सावदायिच ्,Bharatavani / CSTT Fundamental Administrative Terminology (2015),source_document
barren land,डाही,Bharatavani / CSTT Fundamental Administrative Terminology (2015),source_document
barter,एपेम चापाल,Bharatavani / CSTT Fundamental Administrative Terminology (2015),source_document
base,बुनय़ाद,Bharatavani / CSTT Fundamental Administrative Terminology (2015),source_document
baseless,बेबुनयाद़,Bharatavani / CSTT Fundamental Administrative Terminology (2015),source_document
basement,बुनय़ादी,Bharatavani / CSTT Fundamental Administrative Terminology (2015),source_document
base year,बुनयाद सेरमा,Bharatavani / CSTT Fundamental Administrative Terminology (2015),source_document
basic,बन ु याद टाका,Bharatavani / CSTT Fundamental Administrative Terminology (2015),source_document
basically,बुनयादी तोरपार,Bharatavani / CSTT Fundamental Administrative Terminology (2015),source_document
basic intelligence,बुनयाद खोबोरिया,Bharatavani / CSTT Fundamental Administrative Terminology (2015),source_document
basic pay,बुनय़ाद टाका,Bharatavani / CSTT Fundamental Administrative Terminology (2015),source_document
basic scale of pay,बन ु याद बेतोन,Bharatavani / CSTT Fundamental Administrative Terminology (2015),source_document
basic training,1. बुनयाद सेचेत ् 2. बुनय़ाद पाड़ोक,Bharatavani / CSTT Fundamental Administrative Terminology (2015),source_document
basis,आधार,Bharatavani / CSTT Fundamental Administrative Terminology (2015),source_document
batch,खेप,Bharatavani / CSTT Fundamental Administrative Terminology (2015),source_document
batch number,खेप नम्बर,Bharatavani / CSTT Fundamental Administrative Terminology (2015),source_document
bearer cheque,वियाराय चेक,Bharatavani / CSTT Fundamental Administrative Terminology (2015),source_document
before cited,माड़ाङते रोड़ाः,Bharatavani / CSTT Fundamental Administrative Terminology (2015),source_document
behaviour,1. आदोत 2. चायचोलोन 3. बेवहार,Bharatavani / CSTT Fundamental Administrative Terminology (2015),source_document
belief,पातय़ाव,Bharatavani / CSTT Fundamental Administrative Terminology (2015),source_document
below par,1. गोनोङलातार 2. कम गोनोङते,Bharatavani / CSTT Fundamental Administrative Terminology (2015),source_document
bench,1. बेंच 2. दड ु ़ ु बाः,Bharatavani / CSTT Fundamental Administrative Terminology (2015),source_document
benchmark,दड़ुु ब चिहना,Bharatavani / CSTT Fundamental Administrative Terminology (2015),source_document
beneficial,1. लाभाः 2. नापाया,Bharatavani / CSTT Fundamental Administrative Terminology (2015),source_document
beneficiary,लाभहाताविच ्,Bharatavani / CSTT Fundamental Administrative Terminology (2015),source_document
benefit,लाभ,Bharatavani / CSTT Fundamental Administrative Terminology (2015),source_document
benefit of doubt,संदेह लाभ,Bharatavani / CSTT Fundamental Administrative Terminology (2015),source_document
benevolence,नापायएमोगिच ्,Bharatavani / CSTT Fundamental Administrative Terminology (2015),source_document
benevolent fund,नापाय गोड़ो फांड,Bharatavani / CSTT Fundamental Administrative Terminology (2015),source_document
bequeath,वसीयत,Bharatavani / CSTT Fundamental Administrative Terminology (2015),source_document
bequest,बसीयत,Bharatavani / CSTT Fundamental Administrative Terminology (2015),source_document
bereaved,दख ु ़ालिको,Bharatavani / CSTT Fundamental Administrative Terminology (2015),source_document
best endeavours,आखिररिका,Bharatavani / CSTT Fundamental Administrative Terminology (2015),source_document
betterment,नापायते,Bharatavani / CSTT Fundamental Administrative Terminology (2015),source_document
bias,झुक़ाव,Bharatavani / CSTT Fundamental Administrative Terminology (2015),source_document
biased opinion,माड़ाङतेयाः मोत,Bharatavani / CSTT Fundamental Administrative Terminology (2015),source_document
bibliography,पोतोप ् सूची,Bharatavani / CSTT Fundamental Administrative Terminology (2015),source_document
biennial,बारसेरमा किया,Bharatavani / CSTT Fundamental Administrative Terminology (2015),source_document
bifurcate,1. बार भागरे 2. बार हाटिञ रे,Bharatavani / CSTT Fundamental Administrative Terminology (2015),source_document
bigamy,1. बारयाबप्ला 2. बारएरा,Bharatavani / CSTT Fundamental Administrative Terminology (2015),source_document
bilateral,बानार पाहता,Bharatavani / CSTT Fundamental Administrative Terminology (2015),source_document
bilingual,1. बारभाषा 2. बारप़ारसी,Bharatavani / CSTT Fundamental Administrative Terminology (2015),source_document
bicameral,2. बारया सदन,Bharatavani / CSTT Fundamental Administrative Terminology (2015),source_document
bill,1. बिल 2. आनअरि,Bharatavani / CSTT Fundamental Administrative Terminology (2015),source_document
bill of exchange,बिल बोनोदोल साकाम,Bharatavani / CSTT Fundamental Administrative Terminology (2015),source_document
bimonthly report,बार चाँदो किया रिपोट,Bharatavani / CSTT Fundamental Administrative Terminology (2015),source_document
binding,दारया तोल,Bharatavani / CSTT Fundamental Administrative Terminology (2015),source_document
biodata,जियोन उनुरुम,Bharatavani / CSTT Fundamental Administrative Terminology (2015),source_document
bipartite,बार पाहटा,Bharatavani / CSTT Fundamental Administrative Terminology (2015),source_document
bipartite agreement,बार पाहटा ओलतोल,Bharatavani / CSTT Fundamental Administrative Terminology (2015),source_document
birth anniversary,जानाम बाछरी माहा,Bharatavani / CSTT Fundamental Administrative Terminology (2015),source_document
birth certificate,जानाम प्रमाण सकाम,Bharatavani / CSTT Fundamental Administrative Terminology (2015),source_document
birth control,जानाम कोबोच ्,Bharatavani / CSTT Fundamental Administrative Terminology (2015),source_document
birth date,जानाम माहित,Bharatavani / CSTT Fundamental Administrative Terminology (2015),source_document
birth place,जानाम जायगा,Bharatavani / CSTT Fundamental Administrative Terminology (2015),source_document
birth rate,जानाम दोर,Bharatavani / CSTT Fundamental Administrative Terminology (2015),source_document
biweekly,बार हापताकिया,Bharatavani / CSTT Fundamental Administrative Terminology (2015),source_document
black economy,हें दे कावडी वेबस्था,Bharatavani / CSTT Fundamental Administrative Terminology (2015),source_document
black list,हें दे सूची,Bharatavani / CSTT Fundamental Administrative Terminology (2015),source_document
blackmail,बोतोरहोचो,Bharatavani / CSTT Fundamental Administrative Terminology (2015),source_document
black market,कंु बड़ूहाट,Bharatavani / CSTT Fundamental Administrative Terminology (2015),source_document
blame,1. बापू 2. दोस,Bharatavani / CSTT Fundamental Administrative Terminology (2015),source_document
blank cheque,ब्लेंक चेक,Bharatavani / CSTT Fundamental Administrative Terminology (2015),source_document
blanket deal,बेपार सावदा,Bharatavani / CSTT Fundamental Administrative Terminology (2015),source_document
blanket order,माराङते आदे स / माराङते हुकुम,Bharatavani / CSTT Fundamental Administrative Terminology (2015),source_document
blast,1. धामाका 2. ठाँव,Bharatavani / CSTT Fundamental Administrative Terminology (2015),source_document
blending,1. मेसाल 2. भेजाल,Bharatavani / CSTT Fundamental Administrative Terminology (2015),source_document
block,1. घाडिच ्,Bharatavani / CSTT Fundamental Administrative Terminology (2015),source_document
blockade,1. आकोट 2. रुकाव,Bharatavani / CSTT Fundamental Administrative Terminology (2015),source_document
blocked capital,आकोट पँज ू ी,Bharatavani / CSTT Fundamental Administrative Terminology (2015),source_document
block letter,माराङ आखोर,Bharatavani / CSTT Fundamental Administrative Terminology (2015),source_document
blood donation,मायाङ दान,Bharatavani / CSTT Fundamental Administrative Terminology (2015),source_document
blood relations,मायाङ तोपोल,Bharatavani / CSTT Fundamental Administrative Terminology (2015),source_document
blue collar job,बाड़िज क़ामी,Bharatavani / CSTT Fundamental Administrative Terminology (2015),source_document
blueprint,खाका,Bharatavani / CSTT Fundamental Administrative Terminology (2015),source_document
bluff,एड़े,Bharatavani / CSTT Fundamental Administrative Terminology (2015),source_document
board,"1. गाँवता, वोर्ड",Bharatavani / CSTT Fundamental Administrative Terminology (2015),source_document
boarding and lodging,जोमाः आर ताँहेंन,Bharatavani / CSTT Fundamental Administrative Terminology (2015),source_document
board of directors,निदे शक मंडल,Bharatavani / CSTT Fundamental Administrative Terminology (2015),source_document
board of revenue,1. राजस्व मंडल 2. खाजना ओड़ाः,Bharatavani / CSTT Fundamental Administrative Terminology (2015),source_document
body,1. गाँवता 2. निकाय,Bharatavani / CSTT Fundamental Administrative Terminology (2015),source_document
bodyguard,हड़मो रुखयायिच ्,Bharatavani / CSTT Fundamental Administrative Terminology (2015),source_document
bogus voucher,1. जाली भावचार 2. एड़ेयाः हिसाब,Bharatavani / CSTT Fundamental Administrative Terminology (2015),source_document
bonafides,भागी ़ बेवहार,Bharatavani / CSTT Fundamental Administrative Terminology (2015),source_document
bond,1. वांड 2. एकरारनामा,Bharatavani / CSTT Fundamental Administrative Terminology (2015),source_document
bonded labour,एकरार कामियाको,Bharatavani / CSTT Fundamental Administrative Terminology (2015),source_document
bonus,लाभटाका,Bharatavani / CSTT Fundamental Administrative Terminology (2015),source_document
booking office,टिकट ओड़ाः,Bharatavani / CSTT Fundamental Administrative Terminology (2015),source_document
book-keeper,बोही ओओलिच ्,Bharatavani / CSTT Fundamental Administrative Terminology (2015),source_document
book-keeping,बोही-खाता ओल,Bharatavani / CSTT Fundamental Administrative Terminology (2015),source_document
booklet,1. पुस्तिका 2. बुही,Bharatavani / CSTT Fundamental Administrative Terminology (2015),source_document
book of reference,जोनोड़ाव पुयी,Bharatavani / CSTT Fundamental Administrative Terminology (2015),source_document
book value,पोतोप ् गोनाङ,Bharatavani / CSTT Fundamental Administrative Terminology (2015),source_document
booth,मोतएम ओड़ा,Bharatavani / CSTT Fundamental Administrative Terminology (2015),source_document
booth capturing,मोतएम कोबजाव,Bharatavani / CSTT Fundamental Administrative Terminology (2015),source_document
border allowance,सिमा भात्ता,Bharatavani / CSTT Fundamental Administrative Terminology (2015),source_document
border line,सिमा दाग,Bharatavani / CSTT Fundamental Administrative Terminology (2015),source_document
borrower,उधार हाताविच ्,Bharatavani / CSTT Fundamental Administrative Terminology (2015),source_document
borrowing power,उधार हाताव रे नाः दाड़े,Bharatavani / CSTT Fundamental Administrative Terminology (2015),source_document
boss,वॉस,Bharatavani / CSTT Fundamental Administrative Terminology (2015),source_document
bracket,घेरा,Bharatavani / CSTT Fundamental Administrative Terminology (2015),source_document
boundary,घेरा,Bharatavani / CSTT Fundamental Administrative Terminology (2015),source_document
boycott,बिटलाहा,Bharatavani / CSTT Fundamental Administrative Terminology (2015),source_document
brain drain,हे पराव,Bharatavani / CSTT Fundamental Administrative Terminology (2015),source_document
branch office,चाँगा ओफिस,Bharatavani / CSTT Fundamental Administrative Terminology (2015),source_document
breach,ऱापुत ्,Bharatavani / CSTT Fundamental Administrative Terminology (2015),source_document
breach of agreement,एकरार रापत ु ्,Bharatavani / CSTT Fundamental Administrative Terminology (2015),source_document
breach of confidence,पातयाव रापुत़,Bharatavani / CSTT Fundamental Administrative Terminology (2015),source_document
breach of contract,काथा ऱापुत ्,Bharatavani / CSTT Fundamental Administrative Terminology (2015),source_document
breach of discipline,नियोम रापुदिच ्,Bharatavani / CSTT Fundamental Administrative Terminology (2015),source_document
breach of law,आन राप़ दु िच ्,Bharatavani / CSTT Fundamental Administrative Terminology (2015),source_document
breach of peace,सानती रापुदिच ्,Bharatavani / CSTT Fundamental Administrative Terminology (2015),source_document
breach of privilege,अधिकार रापुदिच ्,Bharatavani / CSTT Fundamental Administrative Terminology (2015),source_document
breach of promise,काथा राप़ ुदिच ्,Bharatavani / CSTT Fundamental Administrative Terminology (2015),source_document
breach of rule,आ़न रापदु िच ्,Bharatavani / CSTT Fundamental Administrative Terminology (2015),source_document
breach of trust,पातयाव ़ ऱापुदिच ्,Bharatavani / CSTT Fundamental Administrative Terminology (2015),source_document
breakage,कायच-कायच ् राप़ ुत ्,Bharatavani / CSTT Fundamental Administrative Terminology (2015),source_document
break down,ठोप,Bharatavani / CSTT Fundamental Administrative Terminology (2015),source_document
break in service,कामी ़ रापुत ्,Bharatavani / CSTT Fundamental Administrative Terminology (2015),source_document
break-up,वेवरा,Bharatavani / CSTT Fundamental Administrative Terminology (2015),source_document
breed,1. नस्ल 2. ज़ात,Bharatavani / CSTT Fundamental Administrative Terminology (2015),source_document
bribe,घुस,Bharatavani / CSTT Fundamental Administrative Terminology (2015),source_document
brief,खाटो,Bharatavani / CSTT Fundamental Administrative Terminology (2015),source_document
briefing,सारतेत ल़ाई,Bharatavani / CSTT Fundamental Administrative Terminology (2015),source_document
brief resume,खाटो माछाते,Bharatavani / CSTT Fundamental Administrative Terminology (2015),source_document
brilliant record,1. सानदार रे कोर्ड 2. नापाय ठाँव,Bharatavani / CSTT Fundamental Administrative Terminology (2015),source_document
bring into notice,धेयान दोहो,Bharatavani / CSTT Fundamental Administrative Terminology (2015),source_document
broadcast,उछ़ान,Bharatavani / CSTT Fundamental Administrative Terminology (2015),source_document
broadsheet,सेंड़ा कागोच ्,Bharatavani / CSTT Fundamental Administrative Terminology (2015),source_document
brochure,विवरणिका,Bharatavani / CSTT Fundamental Administrative Terminology (2015),source_document
brokerage,दालालिया,Bharatavani / CSTT Fundamental Administrative Terminology (2015),source_document
brought forward (b/f),माड़ानिच ्,Bharatavani / CSTT Fundamental Administrative Terminology (2015),source_document
budget allocation,बजट नियतन,Bharatavani / CSTT Fundamental Administrative Terminology (2015),source_document
bugetary control,बजट कोबोच ्,Bharatavani / CSTT Fundamental Administrative Terminology (2015),source_document
budget estimate,बजट अनुमान,Bharatavani / CSTT Fundamental Administrative Terminology (2015),source_document
budget provision,बजट प्रावधान,Bharatavani / CSTT Fundamental Administrative Terminology (2015),source_document
building,1. ओड़ाः 2. बाखुल,Bharatavani / CSTT Fundamental Administrative Terminology (2015),source_document
bulk,थोका,Bharatavani / CSTT Fundamental Administrative Terminology (2015),source_document
bulk purchase,थोका किरिञ,Bharatavani / CSTT Fundamental Administrative Terminology (2015),source_document
bulletin,बुलेटिग ं,Bharatavani / CSTT Fundamental Administrative Terminology (2015),source_document
bumper crop,बाड़ती आरजाव,Bharatavani / CSTT Fundamental Administrative Terminology (2015),source_document
bunching of vacancies,खालीयानाः गादे लको,Bharatavani / CSTT Fundamental Administrative Terminology (2015),source_document
bungling,1. का कू 2. गुलमाल,Bharatavani / CSTT Fundamental Administrative Terminology (2015),source_document
bureaucracy,नौकरशाही,Bharatavani / CSTT Fundamental Administrative Terminology (2015),source_document
bureaucrat,दपत ्‍ रशाह,Bharatavani / CSTT Fundamental Administrative Terminology (2015),source_document
business class,बेपारिया थोक,Bharatavani / CSTT Fundamental Administrative Terminology (2015),source_document
businessman,1. बेपारिया 2. कारबारिया,Bharatavani / CSTT Fundamental Administrative Terminology (2015),source_document
buy-back,किरिञ रुवाड़,Bharatavani / CSTT Fundamental Administrative Terminology (2015),source_document
buyer,किरिञिच ्,Bharatavani / CSTT Fundamental Administrative Terminology (2015),source_document
bye election (by election),1. उपचन ु ाव 2. दोहड़ा बाछनाव,Bharatavani / CSTT Fundamental Administrative Terminology (2015),source_document
by hand,ती ते,Bharatavani / CSTT Fundamental Administrative Terminology (2015),source_document
by post,डाक ते,Bharatavani / CSTT Fundamental Administrative Terminology (2015),source_document
cabin baggage,केबिन खुंदड़ी,Bharatavani / CSTT Fundamental Administrative Terminology (2015),source_document
cabinet,मंत्री माडेर,Bharatavani / CSTT Fundamental Administrative Terminology (2015),source_document
cadre,1. साँवचानाय 2. मितत ्‌ न े को,Bharatavani / CSTT Fundamental Administrative Terminology (2015),source_document
calamity,बिपोद,Bharatavani / CSTT Fundamental Administrative Terminology (2015),source_document
calculation,हिसाब,Bharatavani / CSTT Fundamental Administrative Terminology (2015),source_document
calendar year,कैलन्डर सेरमा,Bharatavani / CSTT Fundamental Administrative Terminology (2015),source_document
campaign,1. पारसार 2. प्रोपोगांडा 3. लायपासनाव,Bharatavani / CSTT Fundamental Administrative Terminology (2015),source_document
campus,बाखोल,Bharatavani / CSTT Fundamental Administrative Terminology (2015),source_document
campus interview,बाखोल बिनिड,Bharatavani / CSTT Fundamental Administrative Terminology (2015),source_document
cancel,1. बातिल 2. रोद,Bharatavani / CSTT Fundamental Administrative Terminology (2015),source_document
cancellation,बातिलाकान,Bharatavani / CSTT Fundamental Administrative Terminology (2015),source_document
candidate,मालकार,Bharatavani / CSTT Fundamental Administrative Terminology (2015),source_document
candidature,मालकारोः,Bharatavani / CSTT Fundamental Administrative Terminology (2015),source_document
canvassing,लायआ़चुर,Bharatavani / CSTT Fundamental Administrative Terminology (2015),source_document
capability,दाड़ेतेत ्,Bharatavani / CSTT Fundamental Administrative Terminology (2015),source_document
capable,दाड़े,Bharatavani / CSTT Fundamental Administrative Terminology (2015),source_document
capacity,दाड़ेयाः,Bharatavani / CSTT Fundamental Administrative Terminology (2015),source_document
capital,1. पुंजी 2. राजगाड़,Bharatavani / CSTT Fundamental Administrative Terminology (2015),source_document
capital expenditure,पुंजी खोचोर,Bharatavani / CSTT Fundamental Administrative Terminology (2015),source_document
capital punishment,गोयच सासेत,Bharatavani / CSTT Fundamental Administrative Terminology (2015),source_document
capitation fee,मिमित ् होड़ शुल्क,Bharatavani / CSTT Fundamental Administrative Terminology (2015),source_document
capture,1. घेराव 2. कोड़पा 3. हामेट,Bharatavani / CSTT Fundamental Administrative Terminology (2015),source_document
care,हुसयार,Bharatavani / CSTT Fundamental Administrative Terminology (2015),source_document
career,जिपक ्‌ ा,Bharatavani / CSTT Fundamental Administrative Terminology (2015),source_document
career development,जिपक ्‌ ा रानाकाप ्,Bharatavani / CSTT Fundamental Administrative Terminology (2015),source_document
caretaker government,कामीचालाव ़ सरकार,Bharatavani / CSTT Fundamental Administrative Terminology (2015),source_document
carried forward (c/f),माड़ाङसेत ्,Bharatavani / CSTT Fundamental Administrative Terminology (2015),source_document
carry forward,माड़ाङसेत ् इदी,Bharatavani / CSTT Fundamental Administrative Terminology (2015),source_document
carrying cost,दोहो रे नाः खोरचा,Bharatavani / CSTT Fundamental Administrative Terminology (2015),source_document
carry over,सारे चतेत ्,Bharatavani / CSTT Fundamental Administrative Terminology (2015),source_document
cartage,गाडी भाड़ा,Bharatavani / CSTT Fundamental Administrative Terminology (2015),source_document
case,1. मामला 2. मकोरदोमा,Bharatavani / CSTT Fundamental Administrative Terminology (2015),source_document
case study,मामला पाड़हाव,Bharatavani / CSTT Fundamental Administrative Terminology (2015),source_document
cash,नगद टाका,Bharatavani / CSTT Fundamental Administrative Terminology (2015),source_document
cash balance,नगद टाका सारे च ्,Bharatavani / CSTT Fundamental Administrative Terminology (2015),source_document
cash book,नगद टाका बोही,Bharatavani / CSTT Fundamental Administrative Terminology (2015),source_document
cash card,नगद काड,Bharatavani / CSTT Fundamental Administrative Terminology (2015),source_document
cash certificate,नगद सारी़ साकाम,Bharatavani / CSTT Fundamental Administrative Terminology (2015),source_document
cash counter,नगद टाका एम झोरला,Bharatavani / CSTT Fundamental Administrative Terminology (2015),source_document
cash crop,नगद आनाज,Bharatavani / CSTT Fundamental Administrative Terminology (2015),source_document
cash discount,नगद टाका छुट,Bharatavani / CSTT Fundamental Administrative Terminology (2015),source_document
cash down,नगद टाका आंडगोयेना,Bharatavani / CSTT Fundamental Administrative Terminology (2015),source_document
cash in hand,ती रे याः नागद टाका,Bharatavani / CSTT Fundamental Administrative Terminology (2015),source_document
cash memo,नागद टाका रे या रुसिद,Bharatavani / CSTT Fundamental Administrative Terminology (2015),source_document
cash payment,नगद टाका एम,Bharatavani / CSTT Fundamental Administrative Terminology (2015),source_document
caste,ज़ात,Bharatavani / CSTT Fundamental Administrative Terminology (2015),source_document
caste certificate,जात़ सारी साकाम,Bharatavani / CSTT Fundamental Administrative Terminology (2015),source_document
casting vote,ठ़ावका मोत,Bharatavani / CSTT Fundamental Administrative Terminology (2015),source_document
casual,1. टाटका 2. आचका,Bharatavani / CSTT Fundamental Administrative Terminology (2015),source_document
casual labour,बेठावका क़ामियाको,Bharatavani / CSTT Fundamental Administrative Terminology (2015),source_document
casual leave,बेठ़ावका छुटी,Bharatavani / CSTT Fundamental Administrative Terminology (2015),source_document
casualty,1. टाटक 2. बेघोटना 3. बाड़िचघोटोन,Bharatavani / CSTT Fundamental Administrative Terminology (2015),source_document
casual vacancy,टाटका क़ामी जायगा ख़ाली,Bharatavani / CSTT Fundamental Administrative Terminology (2015),source_document
catalogue,सूची साकाम,Bharatavani / CSTT Fundamental Administrative Terminology (2015),source_document
categorical,पुस्टावते,Bharatavani / CSTT Fundamental Administrative Terminology (2015),source_document
category,1. चानाच 2. थोक,Bharatavani / CSTT Fundamental Administrative Terminology (2015),source_document
catering service,जोम-ञू एमोः को,Bharatavani / CSTT Fundamental Administrative Terminology (2015),source_document
caution,1. सावधान 2. हाँहाँ,Bharatavani / CSTT Fundamental Administrative Terminology (2015),source_document
caution money,जमा कावडी,Bharatavani / CSTT Fundamental Administrative Terminology (2015),source_document
cease fire,लाड़हा.ई थिर,Bharatavani / CSTT Fundamental Administrative Terminology (2015),source_document
celebration,हे लमेल जावरा,Bharatavani / CSTT Fundamental Administrative Terminology (2015),source_document
cell phone,सेल फोन,Bharatavani / CSTT Fundamental Administrative Terminology (2015),source_document
censor,सेंसर,Bharatavani / CSTT Fundamental Administrative Terminology (2015),source_document
censure,निंदा,Bharatavani / CSTT Fundamental Administrative Terminology (2015),source_document
censure motion,निंदा प्रस्ताव,Bharatavani / CSTT Fundamental Administrative Terminology (2015),source_document
census,होड़ लेखा,Bharatavani / CSTT Fundamental Administrative Terminology (2015),source_document
central cess,तालमा उपकार,Bharatavani / CSTT Fundamental Administrative Terminology (2015),source_document
central excise,केंन्द्रीय उत्पाद शुल्क,Bharatavani / CSTT Fundamental Administrative Terminology (2015),source_document
central government,केंन्द सरकार,Bharatavani / CSTT Fundamental Administrative Terminology (2015),source_document
centralization,केंन्द्रीयकरण,Bharatavani / CSTT Fundamental Administrative Terminology (2015),source_document
centralized service,केन्द्रीकृत सेवा,Bharatavani / CSTT Fundamental Administrative Terminology (2015),source_document
centrally funded scheme,केन्द्र खोन भेजा आकाम पान्या,Bharatavani / CSTT Fundamental Administrative Terminology (2015),source_document
centrally sponsored scheme,केन्द्र होतेते पान्या,Bharatavani / CSTT Fundamental Administrative Terminology (2015),source_document
central office,केन्द्र ऑफिस,Bharatavani / CSTT Fundamental Administrative Terminology (2015),source_document
central revenues,केन्द्रीय राजस्व,Bharatavani / CSTT Fundamental Administrative Terminology (2015),source_document
central sales tax,केन्द्रीय आखरिय टे क्स,Bharatavani / CSTT Fundamental Administrative Terminology (2015),source_document
centre,1. केन्द्र 2. तालमा,Bharatavani / CSTT Fundamental Administrative Terminology (2015),source_document
century,साय सेरमा,Bharatavani / CSTT Fundamental Administrative Terminology (2015),source_document
cereal,आनाज,Bharatavani / CSTT Fundamental Administrative Terminology (2015),source_document
cerealist,आनाज गाखुड़ी,Bharatavani / CSTT Fundamental Administrative Terminology (2015),source_document
ceremonial parade,हे लमेल जावरा परड,Bharatavani / CSTT Fundamental Administrative Terminology (2015),source_document
ceremony,1. पाराब,Bharatavani / CSTT Fundamental Administrative Terminology (2015),source_document
certificate,सिद साकाम,Bharatavani / CSTT Fundamental Administrative Terminology (2015),source_document
certificate of fitness,निफट सिद साकाम,Bharatavani / CSTT Fundamental Administrative Terminology (2015),source_document
certificate of posting,डाक सिद साकाम,Bharatavani / CSTT Fundamental Administrative Terminology (2015),source_document
certificate of service,कामी ़ सिद साकाम,Bharatavani / CSTT Fundamental Administrative Terminology (2015),source_document
certification,सारीयाः सिद साकाम,Bharatavani / CSTT Fundamental Administrative Terminology (2015),source_document
certified copy,सारीयाकात कोपी,Bharatavani / CSTT Fundamental Administrative Terminology (2015),source_document
certify,सारीयाः,Bharatavani / CSTT Fundamental Administrative Terminology (2015),source_document
cess,उपकर,Bharatavani / CSTT Fundamental Administrative Terminology (2015),source_document
cessation,मुचात ्,Bharatavani / CSTT Fundamental Administrative Terminology (2015),source_document
chain,1. लागाम 2. सिकड़ी,Bharatavani / CSTT Fundamental Administrative Terminology (2015),source_document
chairman/chairperson,1. पारसेत ् 2. सोभा गोमके,Bharatavani / CSTT Fundamental Administrative Terminology (2015),source_document
challan,चालान,Bharatavani / CSTT Fundamental Administrative Terminology (2015),source_document
challenge,हे टाबादी,Bharatavani / CSTT Fundamental Administrative Terminology (2015),source_document
chamber,खंदड़ी ु,Bharatavani / CSTT Fundamental Administrative Terminology (2015),source_document
chamber of commerce,कावडी खुंदड़ी,Bharatavani / CSTT Fundamental Administrative Terminology (2015),source_document
change,1. बोदोल 2. आरू,Bharatavani / CSTT Fundamental Administrative Terminology (2015),source_document
chaos,1. छितीबिती 2. ताराल बासाल,Bharatavani / CSTT Fundamental Administrative Terminology (2015),source_document
chapter,हाटिञ,Bharatavani / CSTT Fundamental Administrative Terminology (2015),source_document
character assassination,चरित ब़ाड़िच ्,Bharatavani / CSTT Fundamental Administrative Terminology (2015),source_document
character certificate,चरित सिद साकाम,Bharatavani / CSTT Fundamental Administrative Terminology (2015),source_document
charge,1. कामीएम 2. आरोप,Bharatavani / CSTT Fundamental Administrative Terminology (2015),source_document
charge over property,सम्पती चेतान लादे,Bharatavani / CSTT Fundamental Administrative Terminology (2015),source_document
charge sheet,आरोप साकाम,Bharatavani / CSTT Fundamental Administrative Terminology (2015),source_document
charitable,धोरोम ल़ागित,Bharatavani / CSTT Fundamental Administrative Terminology (2015),source_document
charity,1. दायावान 2. दान,Bharatavani / CSTT Fundamental Administrative Terminology (2015),source_document
chart,चार्ट,Bharatavani / CSTT Fundamental Administrative Terminology (2015),source_document
charter,भाड़ा ते हाताव,Bharatavani / CSTT Fundamental Administrative Terminology (2015),source_document
chasis number,हुदाड़ नम्बर,Bharatavani / CSTT Fundamental Administrative Terminology (2015),source_document
cheating,छोल,Bharatavani / CSTT Fundamental Administrative Terminology (2015),source_document
check,ञेल दोहड़ा,Bharatavani / CSTT Fundamental Administrative Terminology (2015),source_document
check list,ञेल दोहड़ा सूची,Bharatavani / CSTT Fundamental Administrative Terminology (2015),source_document
check post,ञेल चौकी,Bharatavani / CSTT Fundamental Administrative Terminology (2015),source_document
chemist,रसायनज्ञ,Bharatavani / CSTT Fundamental Administrative Terminology (2015),source_document
cheque,चैक,Bharatavani / CSTT Fundamental Administrative Terminology (2015),source_document
cheque let,चैक साकाम,Bharatavani / CSTT Fundamental Administrative Terminology (2015),source_document
chief,सिर!,Bharatavani / CSTT Fundamental Administrative Terminology (2015),source_document
child exploitation,गिदर ! साँताव,Bharatavani / CSTT Fundamental Administrative Terminology (2015),source_document
child labour,गिदर ! कामीयाको,Bharatavani / CSTT Fundamental Administrative Terminology (2015),source_document
child welfare,गिदरा भालाई,Bharatavani / CSTT Fundamental Administrative Terminology (2015),source_document
chronic,मारे रुवा ़,Bharatavani / CSTT Fundamental Administrative Terminology (2015),source_document
circle,1. गुलाण्ड 2. चाका,Bharatavani / CSTT Fundamental Administrative Terminology (2015),source_document
circuit house,सार्केट ओड़ा,Bharatavani / CSTT Fundamental Administrative Terminology (2015),source_document
circulation,कागोच ् आचुर,Bharatavani / CSTT Fundamental Administrative Terminology (2015),source_document
circumstance,हालोत ्,Bharatavani / CSTT Fundamental Administrative Terminology (2015),source_document
circumstantial evidence,हालोतरे या साखी,Bharatavani / CSTT Fundamental Administrative Terminology (2015),source_document
citation,काञा,Bharatavani / CSTT Fundamental Administrative Terminology (2015),source_document
citizenship,नागरिकता,Bharatavani / CSTT Fundamental Administrative Terminology (2015),source_document
civic amenities,नागरिक सुविधा,Bharatavani / CSTT Fundamental Administrative Terminology (2015),source_document
civil,1. नागरिक 2. माननीयात ्,Bharatavani / CSTT Fundamental Administrative Terminology (2015),source_document
civil code,नागरिक आ़न,Bharatavani / CSTT Fundamental Administrative Terminology (2015),source_document
civil defence,नागरिक बाञ्चाव,Bharatavani / CSTT Fundamental Administrative Terminology (2015),source_document
civil list,नागरिक सूची,Bharatavani / CSTT Fundamental Administrative Terminology (2015),source_document
civil marriage,कोट बापल ्‌ ा,Bharatavani / CSTT Fundamental Administrative Terminology (2015),source_document
civil procedure code,सिविल प्रसिडियरु कोड,Bharatavani / CSTT Fundamental Administrative Terminology (2015),source_document
civil service,सिविल सेवा,Bharatavani / CSTT Fundamental Administrative Terminology (2015),source_document
civil suit,दे वानी मोकोरदोमा,Bharatavani / CSTT Fundamental Administrative Terminology (2015),source_document
civil supplies,नागरिक पुराव,Bharatavani / CSTT Fundamental Administrative Terminology (2015),source_document
civil war,1. ओड़ाःरे लाड़हाई 2. ओड़ाः तालारे लाड़हाई,Bharatavani / CSTT Fundamental Administrative Terminology (2015),source_document
claim,दाबी ़,Bharatavani / CSTT Fundamental Administrative Terminology (2015),source_document
claimant,दाबीर्यिच ्,Bharatavani / CSTT Fundamental Administrative Terminology (2015),source_document
claim form,दाबी ल़ागित,Bharatavani / CSTT Fundamental Administrative Terminology (2015),source_document
claim for refund,आचुर रे नाः दाबी,Bharatavani / CSTT Fundamental Administrative Terminology (2015),source_document
clarification,साखी पुराव,Bharatavani / CSTT Fundamental Administrative Terminology (2015),source_document
class,चानाच ्,Bharatavani / CSTT Fundamental Administrative Terminology (2015),source_document
classified advertisement,चानाच ् हानाटिञ ठाँवरा,Bharatavani / CSTT Fundamental Administrative Terminology (2015),source_document
classified documents,चानाच हानाटिञ कागोच ्,Bharatavani / CSTT Fundamental Administrative Terminology (2015),source_document
classified information,चानाच ् हानाटिञ सोदोर,Bharatavani / CSTT Fundamental Administrative Terminology (2015),source_document
classify,हाटिञाकात,Bharatavani / CSTT Fundamental Administrative Terminology (2015),source_document
classwise,चानाच पिछी,Bharatavani / CSTT Fundamental Administrative Terminology (2015),source_document
clause,ह़ाटिञ,Bharatavani / CSTT Fundamental Administrative Terminology (2015),source_document
clearance,1. ओडोक 2. बेआपोत्ति,Bharatavani / CSTT Fundamental Administrative Terminology (2015),source_document
clear vacancy,सुही खाली,Bharatavani / CSTT Fundamental Administrative Terminology (2015),source_document
clerical,ओओलको,Bharatavani / CSTT Fundamental Administrative Terminology (2015),source_document
clerical cadre,ओओलको हुदा,Bharatavani / CSTT Fundamental Administrative Terminology (2015),source_document
clerical error,ओओल रे भुल,Bharatavani / CSTT Fundamental Administrative Terminology (2015),source_document
clerical staff,ओओलको क़ामीया,Bharatavani / CSTT Fundamental Administrative Terminology (2015),source_document
clerical work,ओओलकोवाः कामी ़,Bharatavani / CSTT Fundamental Administrative Terminology (2015),source_document
client,गोहराक,Bharatavani / CSTT Fundamental Administrative Terminology (2015),source_document
cloak room,1. अमानती 2. क्लोक रुम,Bharatavani / CSTT Fundamental Administrative Terminology (2015),source_document
close of the year,सेरमा रे याः मुचात,Bharatavani / CSTT Fundamental Administrative Terminology (2015),source_document
closing balance,मुचात ् सारे च,Bharatavani / CSTT Fundamental Administrative Terminology (2015),source_document
closing date,मुच़ात माहित ़,Bharatavani / CSTT Fundamental Administrative Terminology (2015),source_document
closure,मम ु न ु च ु ात ्,Bharatavani / CSTT Fundamental Administrative Terminology (2015),source_document
clue,इंसारा,Bharatavani / CSTT Fundamental Administrative Terminology (2015),source_document
co-accused,जोगो दसिद ु ार,Bharatavani / CSTT Fundamental Administrative Terminology (2015),source_document
coaching,सेचेत ् आसड़ा,Bharatavani / CSTT Fundamental Administrative Terminology (2015),source_document
coalition government,गाँटजोड़ सरकार,Bharatavani / CSTT Fundamental Administrative Terminology (2015),source_document
code,1. आन 2. कोड,Bharatavani / CSTT Fundamental Administrative Terminology (2015),source_document
code number,कोड नम्बर,Bharatavani / CSTT Fundamental Administrative Terminology (2015),source_document
code of conduct,आचार संहिता,Bharatavani / CSTT Fundamental Administrative Terminology (2015),source_document
code word,कुट साबाद,Bharatavani / CSTT Fundamental Administrative Terminology (2015),source_document
coding,कुट ओल,Bharatavani / CSTT Fundamental Administrative Terminology (2015),source_document
coercion,1. जोर जोबस्ती जोर जुलुङ,Bharatavani / CSTT Fundamental Administrative Terminology (2015),source_document
co-existence,जोगो मुराद,Bharatavani / CSTT Fundamental Administrative Terminology (2015),source_document
cognizable,1. संज्ञेय 2. बाडायकाते,Bharatavani / CSTT Fundamental Administrative Terminology (2015),source_document
cognizable offence,बाडायकाते क़ाय,Bharatavani / CSTT Fundamental Administrative Terminology (2015),source_document
cognizance,धेयान,Bharatavani / CSTT Fundamental Administrative Terminology (2015),source_document
coincidence,ताक,Bharatavani / CSTT Fundamental Administrative Terminology (2015),source_document
collaboration,गोड़ो,Bharatavani / CSTT Fundamental Administrative Terminology (2015),source_document
collateral security,साँवते आकोट,Bharatavani / CSTT Fundamental Administrative Terminology (2015),source_document
colleague,गोपोड़ो,Bharatavani / CSTT Fundamental Administrative Terminology (2015),source_document
collective,1. मितत ्‌ े 2. गादे ल,Bharatavani / CSTT Fundamental Administrative Terminology (2015),source_document
collective responsibility,गादे ल दायी,Bharatavani / CSTT Fundamental Administrative Terminology (2015),source_document
collectorate,"कलक्टरी, समाहर्तालय",Bharatavani / CSTT Fundamental Administrative Terminology (2015),source_document
collusion,सागिञ गाते,Bharatavani / CSTT Fundamental Administrative Terminology (2015),source_document
colony,1. बुस्ती 2. टोला,Bharatavani / CSTT Fundamental Administrative Terminology (2015),source_document
colour blindness,जानाम कांड़ा,Bharatavani / CSTT Fundamental Administrative Terminology (2015),source_document
column,1. खुन्टी 2. तुम्भी,Bharatavani / CSTT Fundamental Administrative Terminology (2015),source_document
combing operation,सुसुतरुत पान्ते,Bharatavani / CSTT Fundamental Administrative Terminology (2015),source_document
command,कमान,Bharatavani / CSTT Fundamental Administrative Terminology (2015),source_document
commemoration,उइहाऱ,Bharatavani / CSTT Fundamental Administrative Terminology (2015),source_document
commendable,सारहावलेकानाः,Bharatavani / CSTT Fundamental Administrative Terminology (2015),source_document
commensurate,1. लेकाते 2. लेकाना,Bharatavani / CSTT Fundamental Administrative Terminology (2015),source_document
commentary,मेतत ्‌ य े ाः ञेल,Bharatavani / CSTT Fundamental Administrative Terminology (2015),source_document
comments,टिपन ्‌ ी,Bharatavani / CSTT Fundamental Administrative Terminology (2015),source_document
commerce,बानिज,Bharatavani / CSTT Fundamental Administrative Terminology (2015),source_document
commercial break,1. विज्ञापन अंतराल 2. दावरा राप़ ुत,Bharatavani / CSTT Fundamental Administrative Terminology (2015),source_document
commission,आयोग,Bharatavani / CSTT Fundamental Administrative Terminology (2015),source_document
commissioning,एयहोप,Bharatavani / CSTT Fundamental Administrative Terminology (2015),source_document
commit,एम,Bharatavani / CSTT Fundamental Administrative Terminology (2015),source_document
commitment,रोड़ेया,Bharatavani / CSTT Fundamental Administrative Terminology (2015),source_document
commodity,जिनिस,Bharatavani / CSTT Fundamental Administrative Terminology (2015),source_document
common,साधारण,Bharatavani / CSTT Fundamental Administrative Terminology (2015),source_document
communal,जात ्‌यारी,Bharatavani / CSTT Fundamental Administrative Terminology (2015),source_document
communal harmony,जातयारी सोभाव,Bharatavani / CSTT Fundamental Administrative Terminology (2015),source_document
communicate,1. जोनोड़ाव 2. जोपोड़ाव,Bharatavani / CSTT Fundamental Administrative Terminology (2015),source_document
communication,1. खोबोर 2. संदेश,Bharatavani / CSTT Fundamental Administrative Terminology (2015),source_document
communication gap,संदेश रे नाः अभाव,Bharatavani / CSTT Fundamental Administrative Terminology (2015),source_document
communique,विज्ञपित,Bharatavani / CSTT Fundamental Administrative Terminology (2015),source_document
community,1. ज़ात 2. थोक,Bharatavani / CSTT Fundamental Administrative Terminology (2015),source_document
community centre,जातयारी तालमा,Bharatavani / CSTT Fundamental Administrative Terminology (2015),source_document
community development,जातयारी उथनाव पान्था,Bharatavani / CSTT Fundamental Administrative Terminology (2015),source_document
community service,जातयारी सेवा,Bharatavani / CSTT Fundamental Administrative Terminology (2015),source_document
commutation,आरु फेराव,Bharatavani / CSTT Fundamental Administrative Terminology (2015),source_document
commuted leave,आरु फेरावो छुटी,Bharatavani / CSTT Fundamental Administrative Terminology (2015),source_document
commuted value,आ़रुफेरावोः गोड़ो,Bharatavani / CSTT Fundamental Administrative Terminology (2015),source_document
comparison,तुला जोखा,Bharatavani / CSTT Fundamental Administrative Terminology (2015),source_document
compassion,अनक ु ं पा,Bharatavani / CSTT Fundamental Administrative Terminology (2015),source_document
compassionate ground,अनुकंपा आधार,Bharatavani / CSTT Fundamental Administrative Terminology (2015),source_document
compassionate leave,अनुकंपा छुटी,Bharatavani / CSTT Fundamental Administrative Terminology (2015),source_document
compatible,अनुकुल,Bharatavani / CSTT Fundamental Administrative Terminology (2015),source_document
compel,1. बोड़हे 2. बाताव होचो,Bharatavani / CSTT Fundamental Administrative Terminology (2015),source_document
compendium,आसोलाः जावरा,Bharatavani / CSTT Fundamental Administrative Terminology (2015),source_document
compensation,खुती पुरून,Bharatavani / CSTT Fundamental Administrative Terminology (2015),source_document
compensatory allowance,खुती पुरून भात्ता,Bharatavani / CSTT Fundamental Administrative Terminology (2015),source_document
compensatory leave,खत ु ी परू ु न छुटी,Bharatavani / CSTT Fundamental Administrative Terminology (2015),source_document
competence,दाड़ेयाः,Bharatavani / CSTT Fundamental Administrative Terminology (2015),source_document
competent,दाड़े,Bharatavani / CSTT Fundamental Administrative Terminology (2015),source_document
competent authority,दाड़ेयानिच ् मालिक,Bharatavani / CSTT Fundamental Administrative Terminology (2015),source_document
competition,1. हे पराव 2. हे टावादि,Bharatavani / CSTT Fundamental Administrative Terminology (2015),source_document
competitive examination,हे पराव बिनिड,Bharatavani / CSTT Fundamental Administrative Terminology (2015),source_document
compilation,1. जावरा 2. तुम़ाल,Bharatavani / CSTT Fundamental Administrative Terminology (2015),source_document
complaint,नालिस,Bharatavani / CSTT Fundamental Administrative Terminology (2015),source_document
complaint book,नालिस पुथी,Bharatavani / CSTT Fundamental Administrative Terminology (2015),source_document
complement,परू क,Bharatavani / CSTT Fundamental Administrative Terminology (2015),source_document
complementary,पूरक,Bharatavani / CSTT Fundamental Administrative Terminology (2015),source_document
complete,पुराव,Bharatavani / CSTT Fundamental Administrative Terminology (2015),source_document
completion certificate,पुऱाव सिद साकाम,Bharatavani / CSTT Fundamental Administrative Terminology (2015),source_document
compliance,1. बाताव 2. हे सारी,Bharatavani / CSTT Fundamental Administrative Terminology (2015),source_document
complicated,आँट,Bharatavani / CSTT Fundamental Administrative Terminology (2015),source_document
compliment,सारहाव,Bharatavani / CSTT Fundamental Administrative Terminology (2015),source_document
complimentary copy,हे सारी कागोच ्,Bharatavani / CSTT Fundamental Administrative Terminology (2015),source_document
comply with,हें सारी कामी,Bharatavani / CSTT Fundamental Administrative Terminology (2015),source_document
composite culture,ओकतो आराचाली,Bharatavani / CSTT Fundamental Administrative Terminology (2015),source_document
composition,बेनाव,Bharatavani / CSTT Fundamental Administrative Terminology (2015),source_document
comprehensive,माराङते,Bharatavani / CSTT Fundamental Administrative Terminology (2015),source_document
comprehensive insurance,माराङते बीमा,Bharatavani / CSTT Fundamental Administrative Terminology (2015),source_document
compromise,सल ु ईलामा,Bharatavani / CSTT Fundamental Administrative Terminology (2015),source_document
compulsory,निहात,Bharatavani / CSTT Fundamental Administrative Terminology (2015),source_document
compulsory retirement,निहात कामीखोन छुटी,Bharatavani / CSTT Fundamental Administrative Terminology (2015),source_document
computer,कंप्युटर,Bharatavani / CSTT Fundamental Administrative Terminology (2015),source_document
computer centre,कंप्युटर तालमा,Bharatavani / CSTT Fundamental Administrative Terminology (2015),source_document
computer friendly,कंप्युटर गाते,Bharatavani / CSTT Fundamental Administrative Terminology (2015),source_document
computerization,कंप्युटरीकरण,Bharatavani / CSTT Fundamental Administrative Terminology (2015),source_document
computer language,कंप्युटर पारसी ़,Bharatavani / CSTT Fundamental Administrative Terminology (2015),source_document
computer literacy,कंप्युटर सेचेत,Bharatavani / CSTT Fundamental Administrative Terminology (2015),source_document
concept,उइहाऱ,Bharatavani / CSTT Fundamental Administrative Terminology (2015),source_document
concern,उइहाराः,Bharatavani / CSTT Fundamental Administrative Terminology (2015),source_document
concession,छाड़,Bharatavani / CSTT Fundamental Administrative Terminology (2015),source_document
concessional rate,छाड़ दोर,Bharatavani / CSTT Fundamental Administrative Terminology (2015),source_document
concession certificate,छाड़ सिद साकाम,Bharatavani / CSTT Fundamental Administrative Terminology (2015),source_document
conciliation,सुलाईनामा,Bharatavani / CSTT Fundamental Administrative Terminology (2015),source_document
concluding remarks,मुच़ात टिपनी,Bharatavani / CSTT Fundamental Administrative Terminology (2015),source_document
conclusion,झारतेत,Bharatavani / CSTT Fundamental Administrative Terminology (2015),source_document
conclusive,ठ़ावकावाकात,Bharatavani / CSTT Fundamental Administrative Terminology (2015),source_document
concur,हें रेबेन,Bharatavani / CSTT Fundamental Administrative Terminology (2015),source_document
concurrence,रे बेन,Bharatavani / CSTT Fundamental Administrative Terminology (2015),source_document
condemn,बेलेक लाई सोदोर,Bharatavani / CSTT Fundamental Administrative Terminology (2015),source_document
condition,दोसा,Bharatavani / CSTT Fundamental Administrative Terminology (2015),source_document
conditional,सोरतोते,Bharatavani / CSTT Fundamental Administrative Terminology (2015),source_document
conditional acceptance,सोरतोते हे सारी,Bharatavani / CSTT Fundamental Administrative Terminology (2015),source_document
conditions of contract,ठिका हाताव रे ना सारे तो,Bharatavani / CSTT Fundamental Administrative Terminology (2015),source_document
conditions of service,कामी ़ रे नाः सोरतो,Bharatavani / CSTT Fundamental Administrative Terminology (2015),source_document
condolence,1. भावना 2. उइहार आजले,Bharatavani / CSTT Fundamental Administrative Terminology (2015),source_document
condone,इक़ा,Bharatavani / CSTT Fundamental Administrative Terminology (2015),source_document
conduct,1. सोभाव,Bharatavani / CSTT Fundamental Administrative Terminology (2015),source_document
conduct rules,सोभाव नियोम,Bharatavani / CSTT Fundamental Administrative Terminology (2015),source_document
conference,सेनेलेत ्,Bharatavani / CSTT Fundamental Administrative Terminology (2015),source_document
conference room,सेनेलेत खुंदड़ी,Bharatavani / CSTT Fundamental Administrative Terminology (2015),source_document
conferencing facility,सेनेलेत गोड़ो,Bharatavani / CSTT Fundamental Administrative Terminology (2015),source_document
confer,एमाः,Bharatavani / CSTT Fundamental Administrative Terminology (2015),source_document
confidential,उकुवाः,Bharatavani / CSTT Fundamental Administrative Terminology (2015),source_document
confinement,आकोट,Bharatavani / CSTT Fundamental Administrative Terminology (2015),source_document
confirm,1. पुस्टाव 2. सारी़,Bharatavani / CSTT Fundamental Administrative Terminology (2015),source_document
confirmation,चिति,Bharatavani / CSTT Fundamental Administrative Terminology (2015),source_document
confirmation of service,थिति चाकरी,Bharatavani / CSTT Fundamental Administrative Terminology (2015),source_document
confirmation order,थिति आदे श,Bharatavani / CSTT Fundamental Administrative Terminology (2015),source_document
confiscation,जोब्त,Bharatavani / CSTT Fundamental Administrative Terminology (2015),source_document
conflict,1. विरोध,Bharatavani / CSTT Fundamental Administrative Terminology (2015),source_document
conflicting views,आपना आपनी विचार,Bharatavani / CSTT Fundamental Administrative Terminology (2015),source_document
conformity,ओनालेका,Bharatavani / CSTT Fundamental Administrative Terminology (2015),source_document
congratulation,सारहाव,Bharatavani / CSTT Fundamental Administrative Terminology (2015),source_document
connection,जोड़ाव,Bharatavani / CSTT Fundamental Administrative Terminology (2015),source_document
connivance,मितरीते हें सारी,Bharatavani / CSTT Fundamental Administrative Terminology (2015),source_document
conscience,भितरीकेदाय,Bharatavani / CSTT Fundamental Administrative Terminology (2015),source_document
consensus,मितमोत,Bharatavani / CSTT Fundamental Administrative Terminology (2015),source_document
consent,1. हें सारी 2. रे बेन,Bharatavani / CSTT Fundamental Administrative Terminology (2015),source_document
consequence,ओरजो,Bharatavani / CSTT Fundamental Administrative Terminology (2015),source_document
consequent,ओरजोयेम,Bharatavani / CSTT Fundamental Administrative Terminology (2015),source_document
conservation,रूखिया,Bharatavani / CSTT Fundamental Administrative Terminology (2015),source_document
consideration zone,हें सारी टोठा,Bharatavani / CSTT Fundamental Administrative Terminology (2015),source_document
consignee,भेजा,Bharatavani / CSTT Fundamental Administrative Terminology (2015),source_document
consignment,भेजाकेत,Bharatavani / CSTT Fundamental Administrative Terminology (2015),source_document
consignment note,भेजाकेत ् रे नाः हिसाब,Bharatavani / CSTT Fundamental Administrative Terminology (2015),source_document
consistent,1. गाते 2. मितते,Bharatavani / CSTT Fundamental Administrative Terminology (2015),source_document
consolidated fund,1. सारे च ् टाका 2. बाञ्चाव टाका,Bharatavani / CSTT Fundamental Administrative Terminology (2015),source_document
consolidated pay,सारे चकावडी,Bharatavani / CSTT Fundamental Administrative Terminology (2015),source_document
consolidated statement,सारे च बिखराण,Bharatavani / CSTT Fundamental Administrative Terminology (2015),source_document
consolidation,1. चंकबंदी 2. केटे च ्,Bharatavani / CSTT Fundamental Administrative Terminology (2015),source_document
conspicuous,सह ु ी पस ु ्त़ाव,Bharatavani / CSTT Fundamental Administrative Terminology (2015),source_document
conspiracy,1. षड्यंत 2. सापड़ाव,Bharatavani / CSTT Fundamental Administrative Terminology (2015),source_document
constant,1. थोम 2. थामगाडी,Bharatavani / CSTT Fundamental Administrative Terminology (2015),source_document
constituency,बाछनाव टोठा,Bharatavani / CSTT Fundamental Administrative Terminology (2015),source_document
constituent,संघटक,Bharatavani / CSTT Fundamental Administrative Terminology (2015),source_document
constitution,संविधान,Bharatavani / CSTT Fundamental Administrative Terminology (2015),source_document
constraint,1. बोड़हे 2. संरचना,Bharatavani / CSTT Fundamental Administrative Terminology (2015),source_document
construction,बेनाव,Bharatavani / CSTT Fundamental Administrative Terminology (2015),source_document
consultant,सोलहे एमोगिच ्,Bharatavani / CSTT Fundamental Administrative Terminology (2015),source_document
consultation,सोलहे,Bharatavani / CSTT Fundamental Administrative Terminology (2015),source_document
consultative committee,सोलहे एमोः गाँवला,Bharatavani / CSTT Fundamental Administrative Terminology (2015),source_document
consumable item,उपयोग सामान,Bharatavani / CSTT Fundamental Administrative Terminology (2015),source_document
consume,खोरोच,Bharatavani / CSTT Fundamental Administrative Terminology (2015),source_document
consumer’s goods,खोरोचियावाः सामान,Bharatavani / CSTT Fundamental Administrative Terminology (2015),source_document
consumer forum/council,खोरोचियावाः आखड़ा,Bharatavani / CSTT Fundamental Administrative Terminology (2015),source_document
consumer orientation,खोरोचियावाः लापाई,Bharatavani / CSTT Fundamental Administrative Terminology (2015),source_document
consumption,1. खोपोत 2. खोरचा,Bharatavani / CSTT Fundamental Administrative Terminology (2015),source_document
contact,सम्पर्क,Bharatavani / CSTT Fundamental Administrative Terminology (2015),source_document
contact programme,सम्पर्क कामीहोरा ़,Bharatavani / CSTT Fundamental Administrative Terminology (2015),source_document
contagious disease,साहे त्ररे नाः आजार,Bharatavani / CSTT Fundamental Administrative Terminology (2015),source_document
contain,1. आकोट 2. टे काव,Bharatavani / CSTT Fundamental Administrative Terminology (2015),source_document
contemplate,मोनलागाव विचार,Bharatavani / CSTT Fundamental Administrative Terminology (2015),source_document
contemporary,निताः,Bharatavani / CSTT Fundamental Administrative Terminology (2015),source_document
contempt of court,नेयायालय रे ना बाङबाताव,Bharatavani / CSTT Fundamental Administrative Terminology (2015),source_document
contention,विवाद,Bharatavani / CSTT Fundamental Administrative Terminology (2015),source_document
contents,विषय सूची,Bharatavani / CSTT Fundamental Administrative Terminology (2015),source_document
contest,विवादिया,Bharatavani / CSTT Fundamental Administrative Terminology (2015),source_document
context,ओना बाबोत ते,Bharatavani / CSTT Fundamental Administrative Terminology (2015),source_document
contingencies,टाटका खोरोच,Bharatavani / CSTT Fundamental Administrative Terminology (2015),source_document
contingency,बाड़तीयाः,Bharatavani / CSTT Fundamental Administrative Terminology (2015),source_document
contingency allowance,बाड़तीयाः भात्ता,Bharatavani / CSTT Fundamental Administrative Terminology (2015),source_document
contingency fund,बाड़तीयाः कावटी,Bharatavani / CSTT Fundamental Administrative Terminology (2015),source_document
contingency grant,बाड़ती एमोगाः,Bharatavani / CSTT Fundamental Administrative Terminology (2015),source_document
contingency plan,टाटका बाञ्चाव पान्था,Bharatavani / CSTT Fundamental Administrative Terminology (2015),source_document
contingent charges,टाटका खोरोच,Bharatavani / CSTT Fundamental Administrative Terminology (2015),source_document
continuous appointment,लेताड़ बाहाली,Bharatavani / CSTT Fundamental Administrative Terminology (2015),source_document
continuous development,लेताड़ रानाकाप ्,Bharatavani / CSTT Fundamental Administrative Terminology (2015),source_document
continuous process,लेताड़ कामी ़,Bharatavani / CSTT Fundamental Administrative Terminology (2015),source_document
continuous service,लेताड़ चाकरी,Bharatavani / CSTT Fundamental Administrative Terminology (2015),source_document
contraband,घेराव,Bharatavani / CSTT Fundamental Administrative Terminology (2015),source_document
contract,1. ठे का 2. ठिका,Bharatavani / CSTT Fundamental Administrative Terminology (2015),source_document
contract deed,ठे का डिड,Bharatavani / CSTT Fundamental Administrative Terminology (2015),source_document
contract of employment,ठिका कामियाको ़,Bharatavani / CSTT Fundamental Administrative Terminology (2015),source_document
contract period,1. ठिका ओकतो 2. ठिका समय,Bharatavani / CSTT Fundamental Administrative Terminology (2015),source_document
contractual document,ठिका कागोच ्,Bharatavani / CSTT Fundamental Administrative Terminology (2015),source_document
contractual liability,ठिकाया दे वलिया,Bharatavani / CSTT Fundamental Administrative Terminology (2015),source_document
contractual service,ठिका क़ामी,Bharatavani / CSTT Fundamental Administrative Terminology (2015),source_document
contradiction,एपेर हे डच े ्,Bharatavani / CSTT Fundamental Administrative Terminology (2015),source_document
contradictory statement,एपेरहे डच े काथा,Bharatavani / CSTT Fundamental Administrative Terminology (2015),source_document
contrary,उल्टा,Bharatavani / CSTT Fundamental Administrative Terminology (2015),source_document
contravention,1. बाङबाताव 2. ताड़ाम पारोम,Bharatavani / CSTT Fundamental Administrative Terminology (2015),source_document
contribution,एनेम,Bharatavani / CSTT Fundamental Administrative Terminology (2015),source_document
contributory pension scheme,एनेम पेन्सन पान्था,Bharatavani / CSTT Fundamental Administrative Terminology (2015),source_document
contributory provident fund,एनेम प्रोमिडेट फाड,Bharatavani / CSTT Fundamental Administrative Terminology (2015),source_document
control,1. कोबोच ् 2. आकोट 3. कन्ट्रोल,Bharatavani / CSTT Fundamental Administrative Terminology (2015),source_document
controlling officer,कोबोजिया साहे ब,Bharatavani / CSTT Fundamental Administrative Terminology (2015),source_document
controversial,बिबादिया,Bharatavani / CSTT Fundamental Administrative Terminology (2015),source_document
controversial matter,बिबादिया बिषय,Bharatavani / CSTT Fundamental Administrative Terminology (2015),source_document
controversy,बिबाद,Bharatavani / CSTT Fundamental Administrative Terminology (2015),source_document
convenience,सुविधा,Bharatavani / CSTT Fundamental Administrative Terminology (2015),source_document
convention,सेदाय रे वाज,Bharatavani / CSTT Fundamental Administrative Terminology (2015),source_document
conventional,सेदायाः,Bharatavani / CSTT Fundamental Administrative Terminology (2015),source_document
conversant,1. बापाडाय 2. बाडाया,Bharatavani / CSTT Fundamental Administrative Terminology (2015),source_document
convert,1. बोनोदोल 2. बोदोल,Bharatavani / CSTT Fundamental Administrative Terminology (2015),source_document
converted leave,बोनोदोल छुटी,Bharatavani / CSTT Fundamental Administrative Terminology (2015),source_document
conveyance,गाडी,Bharatavani / CSTT Fundamental Administrative Terminology (2015),source_document
conveyance allowance,गाडी भात्ता,Bharatavani / CSTT Fundamental Administrative Terminology (2015),source_document
conveyance deed,गाडी कागोच,Bharatavani / CSTT Fundamental Administrative Terminology (2015),source_document
conveyance expenses,गाडी खोरोच,Bharatavani / CSTT Fundamental Administrative Terminology (2015),source_document
convict,दस ु ी ठावराव,Bharatavani / CSTT Fundamental Administrative Terminology (2015),source_document
conviction,दस ु ी सायबोस्तो,Bharatavani / CSTT Fundamental Administrative Terminology (2015),source_document
convocation,सिदसाकाम सेनेले,Bharatavani / CSTT Fundamental Administrative Terminology (2015),source_document
cooling off period,उपशमन अवधि,Bharatavani / CSTT Fundamental Administrative Terminology (2015),source_document
cooperation,गोपोड़ो,Bharatavani / CSTT Fundamental Administrative Terminology (2015),source_document
cooperative,गोपोड़ो,Bharatavani / CSTT Fundamental Administrative Terminology (2015),source_document
cooperative society,गोपोड़ो सोसाइटी,Bharatavani / CSTT Fundamental Administrative Terminology (2015),source_document
co-opt,गोड़ो एम,Bharatavani / CSTT Fundamental Administrative Terminology (2015),source_document
co-opted member,गोड़ो एम रसिया,Bharatavani / CSTT Fundamental Administrative Terminology (2015),source_document
co-ordination,गोड़ो-तालमेल,Bharatavani / CSTT Fundamental Administrative Terminology (2015),source_document
co-owner,गाड़ो-मालिक,Bharatavani / CSTT Fundamental Administrative Terminology (2015),source_document
co-partner,गोड़ो-भागियारी,Bharatavani / CSTT Fundamental Administrative Terminology (2015),source_document
copy,1. नोकोल 2. कागोच ्,Bharatavani / CSTT Fundamental Administrative Terminology (2015),source_document
copying,नोकोलेत ्,Bharatavani / CSTT Fundamental Administrative Terminology (2015),source_document
copyright,आइदारी,Bharatavani / CSTT Fundamental Administrative Terminology (2015),source_document
cordial,नापायलेकाते,Bharatavani / CSTT Fundamental Administrative Terminology (2015),source_document
coroner,गोयच बाबोतते,Bharatavani / CSTT Fundamental Administrative Terminology (2015),source_document
corporate body,निगमित निकाय,Bharatavani / CSTT Fundamental Administrative Terminology (2015),source_document
corporate planning,कम्पानी आयोजोना,Bharatavani / CSTT Fundamental Administrative Terminology (2015),source_document
corporation,निगम,Bharatavani / CSTT Fundamental Administrative Terminology (2015),source_document
corporation tax,निगम कर,Bharatavani / CSTT Fundamental Administrative Terminology (2015),source_document
correction,सुधार,Bharatavani / CSTT Fundamental Administrative Terminology (2015),source_document
correspondence,चिठी ओल,Bharatavani / CSTT Fundamental Administrative Terminology (2015),source_document
correspondence course,चिठी साकाम ते पांड़हा,Bharatavani / CSTT Fundamental Administrative Terminology (2015),source_document
correspondence portion,चिठी साकाम हाटिञ,Bharatavani / CSTT Fundamental Administrative Terminology (2015),source_document
correspondent,1. सासापड़ाईच ् 2. खोबोर एमोगिच ्,Bharatavani / CSTT Fundamental Administrative Terminology (2015),source_document
corresponding,ओनका लेकाते,Bharatavani / CSTT Fundamental Administrative Terminology (2015),source_document
corrigendum,भुल सुधार,Bharatavani / CSTT Fundamental Administrative Terminology (2015),source_document
corroborate,1. परु ाव 2. कामी परु ाव,Bharatavani / CSTT Fundamental Administrative Terminology (2015),source_document
corroboration,पुराव,Bharatavani / CSTT Fundamental Administrative Terminology (2015),source_document
corrupt,1. भ्रष ्‍‌ट 2. बाड़िच कामी,Bharatavani / CSTT Fundamental Administrative Terminology (2015),source_document
corruption,बाड़िच बेभार,Bharatavani / CSTT Fundamental Administrative Terminology (2015),source_document
corrupt practice,बाड़िच चरित,Bharatavani / CSTT Fundamental Administrative Terminology (2015),source_document
cosmopolitan city,जेगेत नागार,Bharatavani / CSTT Fundamental Administrative Terminology (2015),source_document
cost,लागात ्,Bharatavani / CSTT Fundamental Administrative Terminology (2015),source_document
cost accountant,"लागात, लेखाकार",Bharatavani / CSTT Fundamental Administrative Terminology (2015),source_document
cost analysis,लागात ् बिदडनाव ्,Bharatavani / CSTT Fundamental Administrative Terminology (2015),source_document
cost ceiling,लागात सीमा,Bharatavani / CSTT Fundamental Administrative Terminology (2015),source_document
cost effectiveness,लागत रे नाः किफायत,Bharatavani / CSTT Fundamental Administrative Terminology (2015),source_document
cost of living,लागात रे याः खोरोच ्,Bharatavani / CSTT Fundamental Administrative Terminology (2015),source_document
cost overrun,लागात पारोमोः कान,Bharatavani / CSTT Fundamental Administrative Terminology (2015),source_document
cottage industry,बिरिद कामी,Bharatavani / CSTT Fundamental Administrative Terminology (2015),source_document
council,1. परिषद 2. माडेर,Bharatavani / CSTT Fundamental Administrative Terminology (2015),source_document
council of ministers,1. मंत्रि माडेर,Bharatavani / CSTT Fundamental Administrative Terminology (2015),source_document
council of states,राज्यसभा,Bharatavani / CSTT Fundamental Administrative Terminology (2015),source_document
counsel,"कांउसेल, गोड़ो एम",Bharatavani / CSTT Fundamental Administrative Terminology (2015),source_document
counselling,"गोड़ो एम,",Bharatavani / CSTT Fundamental Administrative Terminology (2015),source_document
counter,काउं टर,Bharatavani / CSTT Fundamental Administrative Terminology (2015),source_document
counter action,जोबाबी कारबाई,Bharatavani / CSTT Fundamental Administrative Terminology (2015),source_document
counter affidavit,जोवाबी हलफनामा,Bharatavani / CSTT Fundamental Administrative Terminology (2015),source_document
counter charge,आरोप,Bharatavani / CSTT Fundamental Administrative Terminology (2015),source_document
counter claim,प्रति दावा,Bharatavani / CSTT Fundamental Administrative Terminology (2015),source_document
counterfeit currency,जाली टाका,Bharatavani / CSTT Fundamental Administrative Terminology (2015),source_document
counterfeiting,जाल साज,Bharatavani / CSTT Fundamental Administrative Terminology (2015),source_document
counterfoil,"हाँडिच, कागोच",Bharatavani / CSTT Fundamental Administrative Terminology (2015),source_document
counter offer,प्रति प्रस्ताब,Bharatavani / CSTT Fundamental Administrative Terminology (2015),source_document
countersign,काउनटार सही,Bharatavani / CSTT Fundamental Administrative Terminology (2015),source_document
coup (de etat),तख्ता पालटी,Bharatavani / CSTT Fundamental Administrative Terminology (2015),source_document
coupon,कूपन,Bharatavani / CSTT Fundamental Administrative Terminology (2015),source_document
courier,काथा इदियिच ्,Bharatavani / CSTT Fundamental Administrative Terminology (2015),source_document
courier service,काथा इदि कामी,Bharatavani / CSTT Fundamental Administrative Terminology (2015),source_document
course,1. दिसा 2. पाड़हाव धारा,Bharatavani / CSTT Fundamental Administrative Terminology (2015),source_document
courses of study,पाड़हाव धारा,Bharatavani / CSTT Fundamental Administrative Terminology (2015),source_document
court case,कोट मामला,Bharatavani / CSTT Fundamental Administrative Terminology (2015),source_document
courtesy,नापाय बेबहार,Bharatavani / CSTT Fundamental Administrative Terminology (2015),source_document
court of small causes,काच़ नेयाव रे नाः कोट,Bharatavani / CSTT Fundamental Administrative Terminology (2015),source_document
covenant,एतोहोब आईन,Bharatavani / CSTT Fundamental Administrative Terminology (2015),source_document
cover,मोलाट,Bharatavani / CSTT Fundamental Administrative Terminology (2015),source_document
coverage,पुरा एसेत,Bharatavani / CSTT Fundamental Administrative Terminology (2015),source_document
covering letter,"एसेत, चिठी",Bharatavani / CSTT Fundamental Administrative Terminology (2015),source_document
covering memo,"एसेत, मेमो,",Bharatavani / CSTT Fundamental Administrative Terminology (2015),source_document
covering note,टिपनी,Bharatavani / CSTT Fundamental Administrative Terminology (2015),source_document
crash programme,लोगोन कामी होरा,Bharatavani / CSTT Fundamental Administrative Terminology (2015),source_document
creamy layer,नावा उतन ्‌ ाव गाँवता,Bharatavani / CSTT Fundamental Administrative Terminology (2015),source_document
creation,सिरजोन,Bharatavani / CSTT Fundamental Administrative Terminology (2015),source_document
creative,सिरजावाः,Bharatavani / CSTT Fundamental Administrative Terminology (2015),source_document
creativity,सिरजाव रे नाः,Bharatavani / CSTT Fundamental Administrative Terminology (2015),source_document
creche,गिदरा ओड़ाः,Bharatavani / CSTT Fundamental Administrative Terminology (2015),source_document
credentials committe,चिठी एपेम गाँवता,Bharatavani / CSTT Fundamental Administrative Terminology (2015),source_document
credibility,पातियावानाः,Bharatavani / CSTT Fundamental Administrative Terminology (2015),source_document
credit,उधाऱ,Bharatavani / CSTT Fundamental Administrative Terminology (2015),source_document
creditable,सारहावाः,Bharatavani / CSTT Fundamental Administrative Terminology (2015),source_document
credit advice,सुझाव,Bharatavani / CSTT Fundamental Administrative Terminology (2015),source_document
credit and thrift society,बाँञ्चाव उघाऱ गाँवता,Bharatavani / CSTT Fundamental Administrative Terminology (2015),source_document
credit card,क्रे डिड काड,Bharatavani / CSTT Fundamental Administrative Terminology (2015),source_document
credit facilities,उघ़ार सुविधा,Bharatavani / CSTT Fundamental Administrative Terminology (2015),source_document
credit entry,जोमा एम ्,Bharatavani / CSTT Fundamental Administrative Terminology (2015),source_document
credit note,जोमा कागज,Bharatavani / CSTT Fundamental Administrative Terminology (2015),source_document
creditor,"ऋण हाताविच,",Bharatavani / CSTT Fundamental Administrative Terminology (2015),source_document
cremation,होड़ रापाः,Bharatavani / CSTT Fundamental Administrative Terminology (2015),source_document
cremation ground,माड़ घाटी,Bharatavani / CSTT Fundamental Administrative Terminology (2015),source_document
crew,कामिया दल,Bharatavani / CSTT Fundamental Administrative Terminology (2015),source_document
crime,काई़,Bharatavani / CSTT Fundamental Administrative Terminology (2015),source_document
criminal breach of trust,काईयाना ़ पातयाव रापुद,Bharatavani / CSTT Fundamental Administrative Terminology (2015),source_document
criminal court,सासेत नाय ओड़ाः,Bharatavani / CSTT Fundamental Administrative Terminology (2015),source_document
criminal negligence,काईयाना ़ ओन हे ड़ा,Bharatavani / CSTT Fundamental Administrative Terminology (2015),source_document
criminal offence,सासेताना काई़,Bharatavani / CSTT Fundamental Administrative Terminology (2015),source_document
criminal procedure code,सासेत एम रे नाः आ़न,Bharatavani / CSTT Fundamental Administrative Terminology (2015),source_document
crisis,ओभाब,Bharatavani / CSTT Fundamental Administrative Terminology (2015),source_document
crisis management,ओभाब बेबस्था,Bharatavani / CSTT Fundamental Administrative Terminology (2015),source_document
criterion,"सासेत, एम",Bharatavani / CSTT Fundamental Administrative Terminology (2015),source_document
criticism,ओक्ता,Bharatavani / CSTT Fundamental Administrative Terminology (2015),source_document
cross,गेद काः,Bharatavani / CSTT Fundamental Administrative Terminology (2015),source_document
cross breed,मेसाल ईता ़,Bharatavani / CSTT Fundamental Administrative Terminology (2015),source_document
cross checking,बानार पाह्‌टा ञेंल,Bharatavani / CSTT Fundamental Administrative Terminology (2015),source_document
crossed cheque,1. क्रास चेक् 2. गार आकान चेक्,Bharatavani / CSTT Fundamental Administrative Terminology (2015),source_document
cross examination,जेरा,Bharatavani / CSTT Fundamental Administrative Terminology (2015),source_document
cross reference,आकिन बाबोत ्,Bharatavani / CSTT Fundamental Administrative Terminology (2015),source_document
cross voting,पाहटाकिया मोत एम,Bharatavani / CSTT Fundamental Administrative Terminology (2015),source_document
crucial date,ठावक़ा माहित ्,Bharatavani / CSTT Fundamental Administrative Terminology (2015),source_document
crude,बेरेल,Bharatavani / CSTT Fundamental Administrative Terminology (2015),source_document
culpable homicide,बेवाड़िच होड़ गोच ्,Bharatavani / CSTT Fundamental Administrative Terminology (2015),source_document
culprit,दोसी,Bharatavani / CSTT Fundamental Administrative Terminology (2015),source_document
cultivation,चासी,Bharatavani / CSTT Fundamental Administrative Terminology (2015),source_document
cumulative,सारे जिच ्,Bharatavani / CSTT Fundamental Administrative Terminology (2015),source_document
currency,कावडी,Bharatavani / CSTT Fundamental Administrative Terminology (2015),source_document
currency exchange,कावडी बोनोदोल,Bharatavani / CSTT Fundamental Administrative Terminology (2015),source_document
currency note,कावडी नोट,Bharatavani / CSTT Fundamental Administrative Terminology (2015),source_document
current,निताः,Bharatavani / CSTT Fundamental Administrative Terminology (2015),source_document
current account,चालु खाता,Bharatavani / CSTT Fundamental Administrative Terminology (2015),source_document
current duties,निताः कामी भार,Bharatavani / CSTT Fundamental Administrative Terminology (2015),source_document
current session,चालाः कान सत्र,Bharatavani / CSTT Fundamental Administrative Terminology (2015),source_document
curriculum vitae (cv),जोयोन चाका,Bharatavani / CSTT Fundamental Administrative Terminology (2015),source_document
curtail,काच ् काः,Bharatavani / CSTT Fundamental Administrative Terminology (2015),source_document
custodian,जोगाव दोहोयिच ्,Bharatavani / CSTT Fundamental Administrative Terminology (2015),source_document
custody,डोँडेक दोहो,Bharatavani / CSTT Fundamental Administrative Terminology (2015),source_document
custom,सेदाय आरी-चाली,Bharatavani / CSTT Fundamental Administrative Terminology (2015),source_document
custom(s),सीमा शल ु ्क,Bharatavani / CSTT Fundamental Administrative Terminology (2015),source_document
customary,सेदाय काथाऐ पातयाव,Bharatavani / CSTT Fundamental Administrative Terminology (2015),source_document
customary procedure,सेदाय लेका कामी होरा,Bharatavani / CSTT Fundamental Administrative Terminology (2015),source_document
custom duty,सीमा रे कामी,Bharatavani / CSTT Fundamental Administrative Terminology (2015),source_document
customer,1. ग्राहक 2. गोहराक्,Bharatavani / CSTT Fundamental Administrative Terminology (2015),source_document
customer friendly,गोहराक् गापाते,Bharatavani / CSTT Fundamental Administrative Terminology (2015),source_document
custom examination,सीमा कामी रे नाः बिनिड,Bharatavani / CSTT Fundamental Administrative Terminology (2015),source_document
cut down,1. कोमकाः 2. घाडिच ् काः 3. ओहराव काः,Bharatavani / CSTT Fundamental Administrative Terminology (2015),source_document
cut motion,कोम काः प्रस्ताब,Bharatavani / CSTT Fundamental Administrative Terminology (2015),source_document
cut off date,"निट आकान माहित, ठावका आकान माहित",Bharatavani / CSTT Fundamental Administrative Terminology (2015),source_document
cycle,चाका,Bharatavani / CSTT Fundamental Administrative Terminology (2015),source_document
daily,दिनाम,Bharatavani / CSTT Fundamental Administrative Terminology (2015),source_document
daily allowance,दिनाम भात्ता,Bharatavani / CSTT Fundamental Administrative Terminology (2015),source_document
daily diary,दिनाम डायरी,Bharatavani / CSTT Fundamental Administrative Terminology (2015),source_document
daily register,दिनाम रे जिस्टार,Bharatavani / CSTT Fundamental Administrative Terminology (2015),source_document
daily report,दिनाम रिपोट,Bharatavani / CSTT Fundamental Administrative Terminology (2015),source_document
daily routine,दिनाम कामी,Bharatavani / CSTT Fundamental Administrative Terminology (2015),source_document
daily wages,1. दिनाम कामिया 2. दिनाम कुड़ाई,Bharatavani / CSTT Fundamental Administrative Terminology (2015),source_document
dak stage,डाक ठाँव,Bharatavani / CSTT Fundamental Administrative Terminology (2015),source_document
dak tray,डाक ट्रे,Bharatavani / CSTT Fundamental Administrative Terminology (2015),source_document
damage,1. रापुत 2. लोसकान 3. बेरबाद,Bharatavani / CSTT Fundamental Administrative Terminology (2015),source_document
damages,लोसकानाः,Bharatavani / CSTT Fundamental Administrative Terminology (2015),source_document
dangerous,बोतोरानिच ्,Bharatavani / CSTT Fundamental Administrative Terminology (2015),source_document
daring,साहोसी 2. दिलकारिया,Bharatavani / CSTT Fundamental Administrative Terminology (2015),source_document
data,आँकड़ा,Bharatavani / CSTT Fundamental Administrative Terminology (2015),source_document
data bank,आँकड़ा काबडी मरु ाई,Bharatavani / CSTT Fundamental Administrative Terminology (2015),source_document
data base,आँकड़ा सारे च ्,Bharatavani / CSTT Fundamental Administrative Terminology (2015),source_document
data collection,आँकड़ा तुमाल़,Bharatavani / CSTT Fundamental Administrative Terminology (2015),source_document
data feeding,आँकड़ा पेरेच ्,Bharatavani / CSTT Fundamental Administrative Terminology (2015),source_document
data processing,आँकड़ा प्रसेस,Bharatavani / CSTT Fundamental Administrative Terminology (2015),source_document
date,माहित ्,Bharatavani / CSTT Fundamental Administrative Terminology (2015),source_document
date of arrival,"हिजुः कान माहित,",Bharatavani / CSTT Fundamental Administrative Terminology (2015),source_document
date of birth,जानाम माहित ्,Bharatavani / CSTT Fundamental Administrative Terminology (2015),source_document
date of departure,चालाः माहित ्,Bharatavani / CSTT Fundamental Administrative Terminology (2015),source_document
date of discharge,कामी छुटी माहित,Bharatavani / CSTT Fundamental Administrative Terminology (2015),source_document
date of maturity,पुराः माहित ्,Bharatavani / CSTT Fundamental Administrative Terminology (2015),source_document
date of receipt,हाताव माहित,Bharatavani / CSTT Fundamental Administrative Terminology (2015),source_document
date stamp,1. तारिख मोहोर 2. दिनाम रे नाः लेखा,Bharatavani / CSTT Fundamental Administrative Terminology (2015),source_document
day scholar,दिऩाम पाठुवा,Bharatavani / CSTT Fundamental Administrative Terminology (2015),source_document
day shift,दिनाम पारी,Bharatavani / CSTT Fundamental Administrative Terminology (2015),source_document
days of grace,छाड़ दिन,Bharatavani / CSTT Fundamental Administrative Terminology (2015),source_document
day to day work,दिनाम दिन रे नाः कामी,Bharatavani / CSTT Fundamental Administrative Terminology (2015),source_document
dead account,मच ु ात ् आकान खाता,Bharatavani / CSTT Fundamental Administrative Terminology (2015),source_document
dead line,मुचात आकान सिमा,Bharatavani / CSTT Fundamental Administrative Terminology (2015),source_document
deadlock,आकोट,Bharatavani / CSTT Fundamental Administrative Terminology (2015),source_document
dead stock register,मारे सामान रे नाः खाता,Bharatavani / CSTT Fundamental Administrative Terminology (2015),source_document
dead weight,गुट हामाल,Bharatavani / CSTT Fundamental Administrative Terminology (2015),source_document
deal,सावदा,Bharatavani / CSTT Fundamental Administrative Terminology (2015),source_document
dealing assistant,ओओल ् गोड़ोयिच ्,Bharatavani / CSTT Fundamental Administrative Terminology (2015),source_document
dealing,एपेम-चापाल,Bharatavani / CSTT Fundamental Administrative Terminology (2015),source_document
death anniversary,गज ु ःु माहित ्,Bharatavani / CSTT Fundamental Administrative Terminology (2015),source_document
dearness allowance,माहगा भातता,Bharatavani / CSTT Fundamental Administrative Terminology (2015),source_document
death benefit,गुजुः रे नाः लाब,Bharatavani / CSTT Fundamental Administrative Terminology (2015),source_document
death in service,कामी तल ु च ु गोच ्,Bharatavani / CSTT Fundamental Administrative Terminology (2015),source_document
deauthorizatioin,प्राधिकार निरसन,Bharatavani / CSTT Fundamental Administrative Terminology (2015),source_document
debar,डेबार,Bharatavani / CSTT Fundamental Administrative Terminology (2015),source_document
debit,डेबिट,Bharatavani / CSTT Fundamental Administrative Terminology (2015),source_document
debit advice,डेबिट रे नाः सझ ु ाव,Bharatavani / CSTT Fundamental Administrative Terminology (2015),source_document
debt,ऋण,Bharatavani / CSTT Fundamental Administrative Terminology (2015),source_document
debt management,ऋण कामिया को,Bharatavani / CSTT Fundamental Administrative Terminology (2015),source_document
debtor,ऋण हातायिच ्,Bharatavani / CSTT Fundamental Administrative Terminology (2015),source_document
deceased,गोच ्,Bharatavani / CSTT Fundamental Administrative Terminology (2015),source_document
decency,नापाय बेबहार,Bharatavani / CSTT Fundamental Administrative Terminology (2015),source_document
decentralization,बिकेन्द्रीकरण,Bharatavani / CSTT Fundamental Administrative Terminology (2015),source_document
deciding factor,ठावका आकान लागात ्,Bharatavani / CSTT Fundamental Administrative Terminology (2015),source_document
decision,गोटे ल ्,Bharatavani / CSTT Fundamental Administrative Terminology (2015),source_document
decision making,गोटे ल ् बेनाव,Bharatavani / CSTT Fundamental Administrative Terminology (2015),source_document
decision making process,गोटे ल बेनाव रे नाः कामी होरा,Bharatavani / CSTT Fundamental Administrative Terminology (2015),source_document
declaration,उछाऩ,Bharatavani / CSTT Fundamental Administrative Terminology (2015),source_document
declaration of income,आय रे नाः उछाऩ,Bharatavani / CSTT Fundamental Administrative Terminology (2015),source_document
declared value,उछानाकान ़ गोनोङ,Bharatavani / CSTT Fundamental Administrative Terminology (2015),source_document
declare on oath,किरिया चेतान उछ़ान,Bharatavani / CSTT Fundamental Administrative Terminology (2015),source_document
decode,बाड़िच रोड़,Bharatavani / CSTT Fundamental Administrative Terminology (2015),source_document
decontrol,बे आकोट,Bharatavani / CSTT Fundamental Administrative Terminology (2015),source_document
decorum,नापाय बेबहार 2. नापाय माऩ,Bharatavani / CSTT Fundamental Administrative Terminology (2015),source_document
decrease,कोमोः कान,Bharatavani / CSTT Fundamental Administrative Terminology (2015),source_document
decree,डिगरी,Bharatavani / CSTT Fundamental Administrative Terminology (2015),source_document
dedication,आल़ाय,Bharatavani / CSTT Fundamental Administrative Terminology (2015),source_document
deductible,सारे च ् लेकानाः,Bharatavani / CSTT Fundamental Administrative Terminology (2015),source_document
deduction,सारे च ्,Bharatavani / CSTT Fundamental Administrative Terminology (2015),source_document
deduction at source,आय रे नाः सारे च ्,Bharatavani / CSTT Fundamental Administrative Terminology (2015),source_document
deduction from salary,दोरमाहा खोन सारे च,Bharatavani / CSTT Fundamental Administrative Terminology (2015),source_document
deed,डिड्,Bharatavani / CSTT Fundamental Administrative Terminology (2015),source_document
deed of mortgage,बोनदे ज रे नाः डिड्,Bharatavani / CSTT Fundamental Administrative Terminology (2015),source_document
deemed university,मानित ़ ् बिरदागाड़ 2. जेगेत विरदागाड़,Bharatavani / CSTT Fundamental Administrative Terminology (2015),source_document
deface,बाड़िच चेहरा,Bharatavani / CSTT Fundamental Administrative Terminology (2015),source_document
de facto,वस्तुत,Bharatavani / CSTT Fundamental Administrative Terminology (2015),source_document
defalcation,आत ्,Bharatavani / CSTT Fundamental Administrative Terminology (2015),source_document
defamation,मानहा ़ नि़,Bharatavani / CSTT Fundamental Administrative Terminology (2015),source_document
default,सारे च ् काउडी 2. बाकिया,Bharatavani / CSTT Fundamental Administrative Terminology (2015),source_document
defaulter,बाकिया एमोगिच ्,Bharatavani / CSTT Fundamental Administrative Terminology (2015),source_document
defective,दोस पेरेय,Bharatavani / CSTT Fundamental Administrative Terminology (2015),source_document
defence,रुखिया 2. बाँञ्चाव,Bharatavani / CSTT Fundamental Administrative Terminology (2015),source_document
defence counsel,1. डिफेन्स गाँवता 2. बाँञ्याव गाँवता,Bharatavani / CSTT Fundamental Administrative Terminology (2015),source_document
defence production,1. बाचाव आरजाव,Bharatavani / CSTT Fundamental Administrative Terminology (2015),source_document
defendant,बिबादी 2. बिरुदिया,Bharatavani / CSTT Fundamental Administrative Terminology (2015),source_document
defer,थुकुम क़ामी,Bharatavani / CSTT Fundamental Administrative Terminology (2015),source_document
deferred expenditure,थुकुम खोरोच,Bharatavani / CSTT Fundamental Administrative Terminology (2015),source_document
defiance,बालट़ा ़,Bharatavani / CSTT Fundamental Administrative Terminology (2015),source_document
deficit,घाटा,Bharatavani / CSTT Fundamental Administrative Terminology (2015),source_document
deficit budget,घाटा बाजेट,Bharatavani / CSTT Fundamental Administrative Terminology (2015),source_document
define,ठाँवका ़ 2. ल़ायारी,Bharatavani / CSTT Fundamental Administrative Terminology (2015),source_document
defy,उदम़ा,Bharatavani / CSTT Fundamental Administrative Terminology (2015),source_document
degradation,कामी ़ खोन लातार आँड़गो,Bharatavani / CSTT Fundamental Administrative Terminology (2015),source_document
degree,"सिद, साकाम 2. उपाधि साकाम 3. हाटिञ,",Bharatavani / CSTT Fundamental Administrative Terminology (2015),source_document
dejure,बिधि लेकाते,Bharatavani / CSTT Fundamental Administrative Terminology (2015),source_document
delay,घाड़िक,Bharatavani / CSTT Fundamental Administrative Terminology (2015),source_document
delegate,रासिया ़,Bharatavani / CSTT Fundamental Administrative Terminology (2015),source_document
delegated authority,रासिया एमोगिच ्,Bharatavani / CSTT Fundamental Administrative Terminology (2015),source_document
delegation,रासिया गाँबता,Bharatavani / CSTT Fundamental Administrative Terminology (2015),source_document
delegation of powers,रासिया कोवाः दाड़े,Bharatavani / CSTT Fundamental Administrative Terminology (2015),source_document
delete,1 . इड़िँच 2. ओथोः 3. उचाड़,Bharatavani / CSTT Fundamental Administrative Terminology (2015),source_document
deletion,ओचोः 2. मेटाव,Bharatavani / CSTT Fundamental Administrative Terminology (2015),source_document
deliberately,बाडाय काते,Bharatavani / CSTT Fundamental Administrative Terminology (2015),source_document
deliberation,गालमाराव काते,Bharatavani / CSTT Fundamental Administrative Terminology (2015),source_document
delicencing,लाईसेन्स ओचोः,Bharatavani / CSTT Fundamental Administrative Terminology (2015),source_document
delimitation,सिमाऩ ओचोः,Bharatavani / CSTT Fundamental Administrative Terminology (2015),source_document
deliver,एम ्,Bharatavani / CSTT Fundamental Administrative Terminology (2015),source_document
delivery,एम ् काः 2. पेरेच होड़मो,Bharatavani / CSTT Fundamental Administrative Terminology (2015),source_document
demand,दाबी,Bharatavani / CSTT Fundamental Administrative Terminology (2015),source_document
demand note,दाबी ढाका,Bharatavani / CSTT Fundamental Administrative Terminology (2015),source_document
demarcation,सिमा ढाग,Bharatavani / CSTT Fundamental Administrative Terminology (2015),source_document
demi-official,आधा ओफिस,Bharatavani / CSTT Fundamental Administrative Terminology (2015),source_document
democracy,होड़ सासन 2. लोकतन्त्र,Bharatavani / CSTT Fundamental Administrative Terminology (2015),source_document
demonstration,उनद ु ःु,Bharatavani / CSTT Fundamental Administrative Terminology (2015),source_document
demoralization,मोन ् दाड़े रापुद्,Bharatavani / CSTT Fundamental Administrative Terminology (2015),source_document
demurrage,तायोम तेयाः सुलक,Bharatavani / CSTT Fundamental Administrative Terminology (2015),source_document
denial,1. बाङ हेँ सारी 2. बाङ रे बेन,Bharatavani / CSTT Fundamental Administrative Terminology (2015),source_document
denomination,ठावका आकान गोनाङ 2. धोरोम गाताक्,Bharatavani / CSTT Fundamental Administrative Terminology (2015),source_document
de novo,नावा ते,Bharatavani / CSTT Fundamental Administrative Terminology (2015),source_document
deny,बाङ हेँ सारी,Bharatavani / CSTT Fundamental Administrative Terminology (2015),source_document
depart,चालाव,Bharatavani / CSTT Fundamental Administrative Terminology (2015),source_document
department,विभाग,Bharatavani / CSTT Fundamental Administrative Terminology (2015),source_document
departmental,विभाग रे नाः,Bharatavani / CSTT Fundamental Administrative Terminology (2015),source_document
departmental action,विभाग रे नाः कामी,Bharatavani / CSTT Fundamental Administrative Terminology (2015),source_document
departmental enquiry,विभागीय जाँच,Bharatavani / CSTT Fundamental Administrative Terminology (2015),source_document
departmental investigation,विभागीय खोच तोलास,Bharatavani / CSTT Fundamental Administrative Terminology (2015),source_document
departmental irregularity,विभागियो ओनियोम,Bharatavani / CSTT Fundamental Administrative Terminology (2015),source_document
departmental library,विभागियो पुथि ओड़ाक,Bharatavani / CSTT Fundamental Administrative Terminology (2015),source_document
departmental negligence,बिभागियो ओनहे ड़ा,Bharatavani / CSTT Fundamental Administrative Terminology (2015),source_document
departmental permission,विभागियो अनम ु ति,Bharatavani / CSTT Fundamental Administrative Terminology (2015),source_document
departmental qualifying,विभागियो लाकतियाना विनीड,Bharatavani / CSTT Fundamental Administrative Terminology (2015),source_document
departure,चालाव रे नाः,Bharatavani / CSTT Fundamental Administrative Terminology (2015),source_document
dependency certificate,भार एम ् रे नाः सिद् साकाम,Bharatavani / CSTT Fundamental Administrative Terminology (2015),source_document
dependent,1. हिर्ला 2. भार एम ् आकान,Bharatavani / CSTT Fundamental Administrative Terminology (2015),source_document
dependent children,भार एम आकान गिदरा,Bharatavani / CSTT Fundamental Administrative Terminology (2015),source_document
deploy,लेखाकाको,Bharatavani / CSTT Fundamental Administrative Terminology (2015),source_document
deponent,साखी,Bharatavani / CSTT Fundamental Administrative Terminology (2015),source_document
deportation,दिसोम खोन ओडोक गिडी,Bharatavani / CSTT Fundamental Administrative Terminology (2015),source_document
depose,साखी एम ्,Bharatavani / CSTT Fundamental Administrative Terminology (2015),source_document
deposit,जोमा,Bharatavani / CSTT Fundamental Administrative Terminology (2015),source_document
depot,बाङखान,Bharatavani / CSTT Fundamental Administrative Terminology (2015),source_document
depreciation,गोनोङ घाटाव एना,Bharatavani / CSTT Fundamental Administrative Terminology (2015),source_document
depressed class,लिच़ाड़ गावताक,Bharatavani / CSTT Fundamental Administrative Terminology (2015),source_document
deprive,दडाड़ गिडि,Bharatavani / CSTT Fundamental Administrative Terminology (2015),source_document
deputation,1. कामी हाताड़िच ् 2. नापाय गाँवता,Bharatavani / CSTT Fundamental Administrative Terminology (2015),source_document
deputation allowance,कामी हाताड़ रे नाः भातता,Bharatavani / CSTT Fundamental Administrative Terminology (2015),source_document
deputy,जोगो,Bharatavani / CSTT Fundamental Administrative Terminology (2015),source_document
deregistered,बाङ रे जिस्टार आकान,Bharatavani / CSTT Fundamental Administrative Terminology (2015),source_document
dereliction of duty,कामी रे ओन हे ड़ा,Bharatavani / CSTT Fundamental Administrative Terminology (2015),source_document
dereservation,बे राखा,Bharatavani / CSTT Fundamental Administrative Terminology (2015),source_document
derogation,बे दल ु ाड़,Bharatavani / CSTT Fundamental Administrative Terminology (2015),source_document
derogatory,बे दल ु ाड़ चिनहा,Bharatavani / CSTT Fundamental Administrative Terminology (2015),source_document
derogatory remark,बे दल ु ाड़ चिनहा,Bharatavani / CSTT Fundamental Administrative Terminology (2015),source_document
descendant,बोङसो,Bharatavani / CSTT Fundamental Administrative Terminology (2015),source_document
description,बिबोरोन ओल ्,Bharatavani / CSTT Fundamental Administrative Terminology (2015),source_document
deserving,नापाय जाँवाय,Bharatavani / CSTT Fundamental Administrative Terminology (2015),source_document
design,कारीकोल,Bharatavani / CSTT Fundamental Administrative Terminology (2015),source_document
designate,कारीकोल कामी,Bharatavani / CSTT Fundamental Administrative Terminology (2015),source_document
designation,हुदा ञुतुम,Bharatavani / CSTT Fundamental Administrative Terminology (2015),source_document
despatch,भेजा,Bharatavani / CSTT Fundamental Administrative Terminology (2015),source_document
despatch note,भेजा साकाम,Bharatavani / CSTT Fundamental Administrative Terminology (2015),source_document
despatch register,भेजा रे नाः रे जिसटार,Bharatavani / CSTT Fundamental Administrative Terminology (2015),source_document
destination,जोस,Bharatavani / CSTT Fundamental Administrative Terminology (2015),source_document
destitute,1. बे हिरला 2. बे साहारा,Bharatavani / CSTT Fundamental Administrative Terminology (2015),source_document
detail,पुसटाव,Bharatavani / CSTT Fundamental Administrative Terminology (2015),source_document
detailed,पुसटावते,Bharatavani / CSTT Fundamental Administrative Terminology (2015),source_document
detect,तोलास हाताव,Bharatavani / CSTT Fundamental Administrative Terminology (2015),source_document
detention,आटकाव 2. आकोट,Bharatavani / CSTT Fundamental Administrative Terminology (2015),source_document
detenu,"नोजोर बोनद,",Bharatavani / CSTT Fundamental Administrative Terminology (2015),source_document
determination,ठावका,Bharatavani / CSTT Fundamental Administrative Terminology (2015),source_document
deterrence,प्रतिवारण,Bharatavani / CSTT Fundamental Administrative Terminology (2015),source_document
detriment,"बेहित,",Bharatavani / CSTT Fundamental Administrative Terminology (2015),source_document
detrimental,बे हिताः,Bharatavani / CSTT Fundamental Administrative Terminology (2015),source_document
devaluation,ठिक बाङ ञेँल,Bharatavani / CSTT Fundamental Administrative Terminology (2015),source_document
devastation,1. बिनास 2. बिधसं,Bharatavani / CSTT Fundamental Administrative Terminology (2015),source_document
development,1. उतन ्‌ ाव 2. रानाकाब,Bharatavani / CSTT Fundamental Administrative Terminology (2015),source_document
deviate,बिचलित,Bharatavani / CSTT Fundamental Administrative Terminology (2015),source_document
device,युकती,Bharatavani / CSTT Fundamental Administrative Terminology (2015),source_document
devotion,पातयाव ़ 2. आसरा,Bharatavani / CSTT Fundamental Administrative Terminology (2015),source_document
diagnose,खोज तोलास,Bharatavani / CSTT Fundamental Administrative Terminology (2015),source_document
diagram,आँकाव,Bharatavani / CSTT Fundamental Administrative Terminology (2015),source_document
diary,डायरी,Bharatavani / CSTT Fundamental Administrative Terminology (2015),source_document
dictation,आँजोमते ओल,Bharatavani / CSTT Fundamental Administrative Terminology (2015),source_document
dies non,बाड़िच दिन,Bharatavani / CSTT Fundamental Administrative Terminology (2015),source_document
diet,जोमाः,Bharatavani / CSTT Fundamental Administrative Terminology (2015),source_document
digest,गोटे ल काथा गादे ल,Bharatavani / CSTT Fundamental Administrative Terminology (2015),source_document
dignified,गोरोब पेरेच ्,Bharatavani / CSTT Fundamental Administrative Terminology (2015),source_document
dignity,गोरोब,Bharatavani / CSTT Fundamental Administrative Terminology (2015),source_document
digression,जिनित खोन छाड़,Bharatavani / CSTT Fundamental Administrative Terminology (2015),source_document
dilatory,बिलोमिच ्,Bharatavani / CSTT Fundamental Administrative Terminology (2015),source_document
dilemma,दबु िधा,Bharatavani / CSTT Fundamental Administrative Terminology (2015),source_document
diligent,खाटावनी ़,Bharatavani / CSTT Fundamental Administrative Terminology (2015),source_document
dimension,जिलिञ ते,Bharatavani / CSTT Fundamental Administrative Terminology (2015),source_document
diploma,डिपलोमा,Bharatavani / CSTT Fundamental Administrative Terminology (2015),source_document
diplomacy,राजआरी,Bharatavani / CSTT Fundamental Administrative Terminology (2015),source_document
diplomatic immunity,राजआन छाड़,Bharatavani / CSTT Fundamental Administrative Terminology (2015),source_document
direct,1. सोझे 2. सिघा,Bharatavani / CSTT Fundamental Administrative Terminology (2015),source_document
direct competition,सिघा हे पराव,Bharatavani / CSTT Fundamental Administrative Terminology (2015),source_document
direct interview,सिघा ञाँपाम-रोपोड़,Bharatavani / CSTT Fundamental Administrative Terminology (2015),source_document
direction,सिघा ञाँपाम-रोपोड़,Bharatavani / CSTT Fundamental Administrative Terminology (2015),source_document
directory,दिसा एम ्,Bharatavani / CSTT Fundamental Administrative Terminology (2015),source_document
direct recruit,सिघा कामीरे हाताव,Bharatavani / CSTT Fundamental Administrative Terminology (2015),source_document
disallow,बाङ मोनजुर 2. बाङ रे बेन,Bharatavani / CSTT Fundamental Administrative Terminology (2015),source_document
disability,ओपोङगो,Bharatavani / CSTT Fundamental Administrative Terminology (2015),source_document
disabled person,बेगोर दाड़े होड़ 2. कमजुर होड़,Bharatavani / CSTT Fundamental Administrative Terminology (2015),source_document
disablement benefit,ओपोङगोवाः लाभ,Bharatavani / CSTT Fundamental Administrative Terminology (2015),source_document
disadvantage,बे भालाई,Bharatavani / CSTT Fundamental Administrative Terminology (2015),source_document
disagree,बाङ हेँसारी,Bharatavani / CSTT Fundamental Administrative Terminology (2015),source_document
disallowed,बाङ मोनजुर,Bharatavani / CSTT Fundamental Administrative Terminology (2015),source_document
disapproval,बाङ ओनुमोदोन,Bharatavani / CSTT Fundamental Administrative Terminology (2015),source_document
disaster,बिपोद,Bharatavani / CSTT Fundamental Administrative Terminology (2015),source_document
disaster management,बिपोदाः कामियाको,Bharatavani / CSTT Fundamental Administrative Terminology (2015),source_document
disband,रापुद काः,Bharatavani / CSTT Fundamental Administrative Terminology (2015),source_document
disbursement,संतवितरण,Bharatavani / CSTT Fundamental Administrative Terminology (2015),source_document
discard,भेगार काः,Bharatavani / CSTT Fundamental Administrative Terminology (2015),source_document
discharge,कामी खोन ओडोक्,Bharatavani / CSTT Fundamental Administrative Terminology (2015),source_document
discharge slip,छुटी खोन ओडोक,Bharatavani / CSTT Fundamental Administrative Terminology (2015),source_document
disciplinary action,ओनु सासोन कारवाई ़,Bharatavani / CSTT Fundamental Administrative Terminology (2015),source_document
disciplinary procedure,ओनुसासोन आ़न,Bharatavani / CSTT Fundamental Administrative Terminology (2015),source_document
discipline,1. ओनस ु ासोन 2. मानाव बाताव,Bharatavani / CSTT Fundamental Administrative Terminology (2015),source_document
disclaim,1. बे दाबी 2. दाव ओचोः,Bharatavani / CSTT Fundamental Administrative Terminology (2015),source_document
disclosure,1. पारसाल 2. उछनाव,Bharatavani / CSTT Fundamental Administrative Terminology (2015),source_document
discontent,बे खुसि,Bharatavani / CSTT Fundamental Administrative Terminology (2015),source_document
discontinuance,मुच़ात ् एना,Bharatavani / CSTT Fundamental Administrative Terminology (2015),source_document
discontinue,मुच़ात ्,Bharatavani / CSTT Fundamental Administrative Terminology (2015),source_document
discord,मोतोंभेह,Bharatavani / CSTT Fundamental Administrative Terminology (2015),source_document
discount,1. छुट 2. छाड़,Bharatavani / CSTT Fundamental Administrative Terminology (2015),source_document
discover,1. पानते 2. तोलास 3. खोज,Bharatavani / CSTT Fundamental Administrative Terminology (2015),source_document
discredit,बाङ पातियाव,Bharatavani / CSTT Fundamental Administrative Terminology (2015),source_document
discrepancy,बे गाते,Bharatavani / CSTT Fundamental Administrative Terminology (2015),source_document
discretion,1. बिवेक 2. बुज,Bharatavani / CSTT Fundamental Administrative Terminology (2015),source_document
discretionary grant,बुझाव गोड़ो टाका,Bharatavani / CSTT Fundamental Administrative Terminology (2015),source_document
discretionary power,"विकेक रे नाः होक,",Bharatavani / CSTT Fundamental Administrative Terminology (2015),source_document
discrimination,भेद-भाव,Bharatavani / CSTT Fundamental Administrative Terminology (2015),source_document
discussion,गाल माराव,Bharatavani / CSTT Fundamental Administrative Terminology (2015),source_document
dishonest,बेमान,Bharatavani / CSTT Fundamental Administrative Terminology (2015),source_document
dishonour (a cheque),बेसिकार,Bharatavani / CSTT Fundamental Administrative Terminology (2015),source_document
disintegration,बिघोटोन,Bharatavani / CSTT Fundamental Administrative Terminology (2015),source_document
disk,डिस,Bharatavani / CSTT Fundamental Administrative Terminology (2015),source_document
dislocation,बे दोखोल,Bharatavani / CSTT Fundamental Administrative Terminology (2015),source_document
disloyal,बे पातियाव ़,Bharatavani / CSTT Fundamental Administrative Terminology (2015),source_document
dismiss,मुचात ्,Bharatavani / CSTT Fundamental Administrative Terminology (2015),source_document
dismissal,पद खोन ओचोः,Bharatavani / CSTT Fundamental Administrative Terminology (2015),source_document
dismissal procedure,पद खोन ओचोः रे नाः क़ामी होरा,Bharatavani / CSTT Fundamental Administrative Terminology (2015),source_document
disobey,बाङ बाताव,Bharatavani / CSTT Fundamental Administrative Terminology (2015),source_document
disorder,छिँ ञ छातुर,Bharatavani / CSTT Fundamental Administrative Terminology (2015),source_document
disorganise,छिँ ञ छातुर हुय,Bharatavani / CSTT Fundamental Administrative Terminology (2015),source_document
disparity,बेसोमान,Bharatavani / CSTT Fundamental Administrative Terminology (2015),source_document
dispatch section,भेजा रे नाः भाग,Bharatavani / CSTT Fundamental Administrative Terminology (2015),source_document
dispensable,परिहार्यकारण,Bharatavani / CSTT Fundamental Administrative Terminology (2015),source_document
disperse,दिडती-बिती,Bharatavani / CSTT Fundamental Administrative Terminology (2015),source_document
displaced,बेठाँव,Bharatavani / CSTT Fundamental Administrative Terminology (2015),source_document
display,बे साजाव,Bharatavani / CSTT Fundamental Administrative Terminology (2015),source_document
displeasure,बे खुसी,Bharatavani / CSTT Fundamental Administrative Terminology (2015),source_document
disposal,1. निपटाव 2. सामड़ाव,Bharatavani / CSTT Fundamental Administrative Terminology (2015),source_document
dispose of,सामटाव,Bharatavani / CSTT Fundamental Administrative Terminology (2015),source_document
disposition,1. आदत 2. सोभाव,Bharatavani / CSTT Fundamental Administrative Terminology (2015),source_document
dispossess,"1. बे कोबजा 2. बे होक,",Bharatavani / CSTT Fundamental Administrative Terminology (2015),source_document
dispute,विबाद 2. नेयाव 3. तापाम 4. खापारियाव,Bharatavani / CSTT Fundamental Administrative Terminology (2015),source_document
disqualification,बेलेखमाऩ,Bharatavani / CSTT Fundamental Administrative Terminology (2015),source_document
disregard,ओनहे ड़ा 2. बे मानोत़,Bharatavani / CSTT Fundamental Administrative Terminology (2015),source_document
disruption,आकोट 2. रापद ु,Bharatavani / CSTT Fundamental Administrative Terminology (2015),source_document
dissatisfaction,बाङ खुसी 2. बे तिरपीद्,Bharatavani / CSTT Fundamental Administrative Terminology (2015),source_document
dissent,बे सोहोमोती,Bharatavani / CSTT Fundamental Administrative Terminology (2015),source_document
disservice,उपक ्‌ ाऱ,Bharatavani / CSTT Fundamental Administrative Terminology (2015),source_document
dissociate,बे जोनोड़,Bharatavani / CSTT Fundamental Administrative Terminology (2015),source_document
dissolution,रापुद,Bharatavani / CSTT Fundamental Administrative Terminology (2015),source_document
dissolve,रापुद काः,Bharatavani / CSTT Fundamental Administrative Terminology (2015),source_document
distance learning,सागिञ सेचेत ्,Bharatavani / CSTT Fundamental Administrative Terminology (2015),source_document
distillery,पावरा भाटी,Bharatavani / CSTT Fundamental Administrative Terminology (2015),source_document
distinct,हाटिञ,Bharatavani / CSTT Fundamental Administrative Terminology (2015),source_document
distinguish,हाटिञ काः,Bharatavani / CSTT Fundamental Administrative Terminology (2015),source_document
distortion,रापुत काते,Bharatavani / CSTT Fundamental Administrative Terminology (2015),source_document
distress,कोसटो 2. बिपोद,Bharatavani / CSTT Fundamental Administrative Terminology (2015),source_document
distribute,हाँहिञ,Bharatavani / CSTT Fundamental Administrative Terminology (2015),source_document
distribution,हाँटिञ,Bharatavani / CSTT Fundamental Administrative Terminology (2015),source_document
district,जिला 2. ठोठा,Bharatavani / CSTT Fundamental Administrative Terminology (2015),source_document
district centre,ठोठा तालमा,Bharatavani / CSTT Fundamental Administrative Terminology (2015),source_document
disturbance,गोड़ बोड़,Bharatavani / CSTT Fundamental Administrative Terminology (2015),source_document
ditto,हे सारी,Bharatavani / CSTT Fundamental Administrative Terminology (2015),source_document
diversion,होर चाँगा 2. चाँगा होर,Bharatavani / CSTT Fundamental Administrative Terminology (2015),source_document
dividend,लाभ तेत ्,Bharatavani / CSTT Fundamental Administrative Terminology (2015),source_document
division,हाटिञ,Bharatavani / CSTT Fundamental Administrative Terminology (2015),source_document
divorce,बापाग,Bharatavani / CSTT Fundamental Administrative Terminology (2015),source_document
docket,डोकेट,Bharatavani / CSTT Fundamental Administrative Terminology (2015),source_document
doctor,डाकतार 2. रान एमोगिच,Bharatavani / CSTT Fundamental Administrative Terminology (2015),source_document
document,कागोज साकाम,Bharatavani / CSTT Fundamental Administrative Terminology (2015),source_document
documentary evidence,कागोज साकाम साखी,Bharatavani / CSTT Fundamental Administrative Terminology (2015),source_document
documentation,कागोज साकाम पारसाल,Bharatavani / CSTT Fundamental Administrative Terminology (2015),source_document
domicile,थानित,Bharatavani / CSTT Fundamental Administrative Terminology (2015),source_document
domicile certificate,थानित सिद् साकाम,Bharatavani / CSTT Fundamental Administrative Terminology (2015),source_document
dominant,बुनुसति,Bharatavani / CSTT Fundamental Administrative Terminology (2015),source_document
donation,गोड़ो एम ्,Bharatavani / CSTT Fundamental Administrative Terminology (2015),source_document
dossier,किरिञिज,Bharatavani / CSTT Fundamental Administrative Terminology (2015),source_document
doubtful,सनदे ह,Bharatavani / CSTT Fundamental Administrative Terminology (2015),source_document
dove tailing,लेताड़ ते लाई़,Bharatavani / CSTT Fundamental Administrative Terminology (2015),source_document
down grade,लातार आँड़गो,Bharatavani / CSTT Fundamental Administrative Terminology (2015),source_document
draft,प्रारूप,Bharatavani / CSTT Fundamental Administrative Terminology (2015),source_document
draft reply,प्रारूप रे नाः लानाई,Bharatavani / CSTT Fundamental Administrative Terminology (2015),source_document
drastic measure,केटच ् उपाय,Bharatavani / CSTT Fundamental Administrative Terminology (2015),source_document
draw,ओडोक 2. हाताव 3. गेत,Bharatavani / CSTT Fundamental Administrative Terminology (2015),source_document
drawer,चेक एमोगिच ्,Bharatavani / CSTT Fundamental Administrative Terminology (2015),source_document
drawing,1. कारीगोल 2. चितारिया ़,Bharatavani / CSTT Fundamental Administrative Terminology (2015),source_document
drought,1. रोहोड़ 2. आकाल,Bharatavani / CSTT Fundamental Administrative Terminology (2015),source_document
dry promotion,बेगोर लाबते पोद लाब,Bharatavani / CSTT Fundamental Administrative Terminology (2015),source_document
dual charge,बारया रे नाः कामी भार,Bharatavani / CSTT Fundamental Administrative Terminology (2015),source_document
dual citizenship,बारया नागरिकता,Bharatavani / CSTT Fundamental Administrative Terminology (2015),source_document
due,बाकी,Bharatavani / CSTT Fundamental Administrative Terminology (2015),source_document
due diligence,लोगोन ते,Bharatavani / CSTT Fundamental Administrative Terminology (2015),source_document
dues,बाकी काउडी,Bharatavani / CSTT Fundamental Administrative Terminology (2015),source_document
duly,कानुन लेकाते,Bharatavani / CSTT Fundamental Administrative Terminology (2015),source_document
duplicate,दोसार कोपी,Bharatavani / CSTT Fundamental Administrative Terminology (2015),source_document
duration,मेयादी,Bharatavani / CSTT Fundamental Administrative Terminology (2015),source_document
duress,दाबाव,Bharatavani / CSTT Fundamental Administrative Terminology (2015),source_document
duty,कामी,Bharatavani / CSTT Fundamental Administrative Terminology (2015),source_document
duty allowance,कामी भातता,Bharatavani / CSTT Fundamental Administrative Terminology (2015),source_document
duty chart,कामी चाट,Bharatavani / CSTT Fundamental Administrative Terminology (2015),source_document
duty leave,कामी छुटी,Bharatavani / CSTT Fundamental Administrative Terminology (2015),source_document
duty room,1. कामी ओडाः 2. कामी खुदड़ी,Bharatavani / CSTT Fundamental Administrative Terminology (2015),source_document
dying declaration,गज ु ःु ओकतो रे होड़,Bharatavani / CSTT Fundamental Administrative Terminology (2015),source_document
dynamics,चालागिच ्,Bharatavani / CSTT Fundamental Administrative Terminology (2015),source_document
earmark,1. उद्‌दिष ्‍ट काः 2. सामाङ काः 3. खोदा चिनहा,Bharatavani / CSTT Fundamental Administrative Terminology (2015),source_document
earned leave,आरजाव छुटी,Bharatavani / CSTT Fundamental Administrative Terminology (2015),source_document
earnings,1. आरजाव 2. कामाव,Bharatavani / CSTT Fundamental Administrative Terminology (2015),source_document
eco-friendly,होय-हिंसिद नापाय,Bharatavani / CSTT Fundamental Administrative Terminology (2015),source_document
ecology,हालोत ्,Bharatavani / CSTT Fundamental Administrative Terminology (2015),source_document
economic,1. आर्थिक 2. काउडी साँड़ोसिया,Bharatavani / CSTT Fundamental Administrative Terminology (2015),source_document
economical exploitation,1. आर्थिक सस ु ोन 2. जोम.ञुँ कोचलोन,Bharatavani / CSTT Fundamental Administrative Terminology (2015),source_document
economy,कावडी बेबसता,Bharatavani / CSTT Fundamental Administrative Terminology (2015),source_document
economy class,कंु कुरबुद,Bharatavani / CSTT Fundamental Administrative Terminology (2015),source_document
editing,सासापड़ाव,Bharatavani / CSTT Fundamental Administrative Terminology (2015),source_document
edition,उछान सेरमा,Bharatavani / CSTT Fundamental Administrative Terminology (2015),source_document
editorial,सासापड़ावईच,Bharatavani / CSTT Fundamental Administrative Terminology (2015),source_document
education,सेचेत ्,Bharatavani / CSTT Fundamental Administrative Terminology (2015),source_document
educational career,सेचेत जीयोन,Bharatavani / CSTT Fundamental Administrative Terminology (2015),source_document
educational institute,चेदोः आसड़ा,Bharatavani / CSTT Fundamental Administrative Terminology (2015),source_document
educational qualification,सेचेत लेक मात,Bharatavani / CSTT Fundamental Administrative Terminology (2015),source_document
effect,ओरसोङ,Bharatavani / CSTT Fundamental Administrative Terminology (2015),source_document
effective,ओरसोङआकान,Bharatavani / CSTT Fundamental Administrative Terminology (2015),source_document
effective date,ओरसोङ माहित खोन,Bharatavani / CSTT Fundamental Administrative Terminology (2015),source_document
effects,माल-झाल,Bharatavani / CSTT Fundamental Administrative Terminology (2015),source_document
efficacy,नापाय उपजाव,Bharatavani / CSTT Fundamental Administrative Terminology (2015),source_document
efficiency,कामी दाड़े,Bharatavani / CSTT Fundamental Administrative Terminology (2015),source_document
efficient,दाड़े,Bharatavani / CSTT Fundamental Administrative Terminology (2015),source_document
ejectment,बेदोखोल,Bharatavani / CSTT Fundamental Administrative Terminology (2015),source_document
elaborate,जिलिञ ते ल़ाई,Bharatavani / CSTT Fundamental Administrative Terminology (2015),source_document
elapse,पारोमा,Bharatavani / CSTT Fundamental Administrative Terminology (2015),source_document
elected representative,बाघनाव आकान रासिया ़,Bharatavani / CSTT Fundamental Administrative Terminology (2015),source_document
election,बाघनाव,Bharatavani / CSTT Fundamental Administrative Terminology (2015),source_document
electoral college,बाघनाव कोवाः गाँवता,Bharatavani / CSTT Fundamental Administrative Terminology (2015),source_document
electorate,बाघनाव कोवा गाँवता 2. बाछनाव टोठा,Bharatavani / CSTT Fundamental Administrative Terminology (2015),source_document
electrification,बिजली सारभार,Bharatavani / CSTT Fundamental Administrative Terminology (2015),source_document
electronic media,इलोकट्रनिक पारसाल तालमा,Bharatavani / CSTT Fundamental Administrative Terminology (2015),source_document
elementary,एतोहोब ्,Bharatavani / CSTT Fundamental Administrative Terminology (2015),source_document
eligibility,जोग्मान,Bharatavani / CSTT Fundamental Administrative Terminology (2015),source_document
eligibility test,जोगमान बिडाव,Bharatavani / CSTT Fundamental Administrative Terminology (2015),source_document
elimination,ओडोक,Bharatavani / CSTT Fundamental Administrative Terminology (2015),source_document
eloquence,1. बाड़ती रोरोड़ 2. खापारियाव ़,Bharatavani / CSTT Fundamental Administrative Terminology (2015),source_document
embarrass,उलझाव रे ञुरँ,Bharatavani / CSTT Fundamental Administrative Terminology (2015),source_document
embezzlement,1. आत ् केआय 2. हिड़िञ,Bharatavani / CSTT Fundamental Administrative Terminology (2015),source_document
emblem,1. चिनहा 2. आपनाराः चिनहा,Bharatavani / CSTT Fundamental Administrative Terminology (2015),source_document
embossing seal,चेतान मोहोर,Bharatavani / CSTT Fundamental Administrative Terminology (2015),source_document
emergency,टाटका,Bharatavani / CSTT Fundamental Administrative Terminology (2015),source_document
emergency relief,टाटका गोड़ोः एम,Bharatavani / CSTT Fundamental Administrative Terminology (2015),source_document
emergent,आचका,Bharatavani / CSTT Fundamental Administrative Terminology (2015),source_document
emigration,बाहरे खोन हे च ्,Bharatavani / CSTT Fundamental Administrative Terminology (2015),source_document
emoluments,1. लाब 2. कुड़ाई,Bharatavani / CSTT Fundamental Administrative Terminology (2015),source_document
empanelment,ञुतुम हारोः ़,Bharatavani / CSTT Fundamental Administrative Terminology (2015),source_document
empathy,एटाः होड़ाः आ़ईकाव,Bharatavani / CSTT Fundamental Administrative Terminology (2015),source_document
employ,कामी साबोः,Bharatavani / CSTT Fundamental Administrative Terminology (2015),source_document
employee,कामिया ़,Bharatavani / CSTT Fundamental Administrative Terminology (2015),source_document
employee participation,कामिया ़ भ़ागियारी,Bharatavani / CSTT Fundamental Administrative Terminology (2015),source_document
employee’s contribution,कामियारी भाग हाताव,Bharatavani / CSTT Fundamental Administrative Terminology (2015),source_document
employees provident fund,कर्मचारी भविष्य निधि,Bharatavani / CSTT Fundamental Administrative Terminology (2015),source_document
employer,कामिईच ्,Bharatavani / CSTT Fundamental Administrative Terminology (2015),source_document
employment,1. कामाव 2. रोजगार,Bharatavani / CSTT Fundamental Administrative Terminology (2015),source_document
employment exchange,रोजगार ओफिस,Bharatavani / CSTT Fundamental Administrative Terminology (2015),source_document
employment notice,1. रोजगार लाई़ 2. रोजगार नोटिस,Bharatavani / CSTT Fundamental Administrative Terminology (2015),source_document
employment office,रोजगार ओफिस,Bharatavani / CSTT Fundamental Administrative Terminology (2015),source_document
empower,दाड़े,Bharatavani / CSTT Fundamental Administrative Terminology (2015),source_document
empowerment,दाडे आगु आकात,Bharatavani / CSTT Fundamental Administrative Terminology (2015),source_document
enact,कानन ु बेनाव,Bharatavani / CSTT Fundamental Administrative Terminology (2015),source_document
enactment,कानुन तेत ्,Bharatavani / CSTT Fundamental Administrative Terminology (2015),source_document
en bloc,मित धाव ते,Bharatavani / CSTT Fundamental Administrative Terminology (2015),source_document
encash,चेक,Bharatavani / CSTT Fundamental Administrative Terminology (2015),source_document
enclose,साँवते लाठा,Bharatavani / CSTT Fundamental Administrative Terminology (2015),source_document
encouragement,सारावना,Bharatavani / CSTT Fundamental Administrative Terminology (2015),source_document
encroachment,बाड़हाव,Bharatavani / CSTT Fundamental Administrative Terminology (2015),source_document
encumbrance,गोः भारिया,Bharatavani / CSTT Fundamental Administrative Terminology (2015),source_document
endorse,गोड़ो एम ्,Bharatavani / CSTT Fundamental Administrative Terminology (2015),source_document
endowment,बेखोय मुऱाई,Bharatavani / CSTT Fundamental Administrative Terminology (2015),source_document
end product,मुचात आरजाव,Bharatavani / CSTT Fundamental Administrative Terminology (2015),source_document
energy,दाड़े,Bharatavani / CSTT Fundamental Administrative Terminology (2015),source_document
enforce,जोबोर,Bharatavani / CSTT Fundamental Administrative Terminology (2015),source_document
engage,कामी रे लागाव,Bharatavani / CSTT Fundamental Administrative Terminology (2015),source_document
enhancement,बाड़,Bharatavani / CSTT Fundamental Administrative Terminology (2015),source_document
enjoin,मेसाल,Bharatavani / CSTT Fundamental Administrative Terminology (2015),source_document
en masse,गादे ल ते,Bharatavani / CSTT Fundamental Administrative Terminology (2015),source_document
enquiry,1. कुकली ओड़ाः 2. कुली कुपल ु ी,Bharatavani / CSTT Fundamental Administrative Terminology (2015),source_document
enrol,भुरती ँ ुम ओल होचो,Bharatavani / CSTT Fundamental Administrative Terminology (2015),source_document
enrolment number,ञुतुम ओल एलेख,Bharatavani / CSTT Fundamental Administrative Terminology (2015),source_document
en route,हारे ते,Bharatavani / CSTT Fundamental Administrative Terminology (2015),source_document
ensuing,ढाराकान,Bharatavani / CSTT Fundamental Administrative Terminology (2015),source_document
ensure,ठावका काः,Bharatavani / CSTT Fundamental Administrative Terminology (2015),source_document
enter,1. दर्ज काः 2. साँवाव काः,Bharatavani / CSTT Fundamental Administrative Terminology (2015),source_document
enterprise,उदयम ्,Bharatavani / CSTT Fundamental Administrative Terminology (2015),source_document
entertain,1. रासका जोड़ 2. गाहना लागाः,Bharatavani / CSTT Fundamental Administrative Terminology (2015),source_document
entertainment,रासका,Bharatavani / CSTT Fundamental Administrative Terminology (2015),source_document
entitle,होकदार हुयुः,Bharatavani / CSTT Fundamental Administrative Terminology (2015),source_document
entitled,होकदार,Bharatavani / CSTT Fundamental Administrative Terminology (2015),source_document
entitlement,होकदारी,Bharatavani / CSTT Fundamental Administrative Terminology (2015),source_document
entrance,1. बोलोन 2. आदे र,Bharatavani / CSTT Fundamental Administrative Terminology (2015),source_document
entrant,बोलोन को,Bharatavani / CSTT Fundamental Administrative Terminology (2015),source_document
entry,बोलोन होर,Bharatavani / CSTT Fundamental Administrative Terminology (2015),source_document
entry level job,कामी घाप,Bharatavani / CSTT Fundamental Administrative Terminology (2015),source_document
enumeration,लेखा,Bharatavani / CSTT Fundamental Administrative Terminology (2015),source_document
environment,होय-हिसित ्,Bharatavani / CSTT Fundamental Administrative Terminology (2015),source_document
envoy,1. रायबारिया 2. होरकोला,Bharatavani / CSTT Fundamental Administrative Terminology (2015),source_document
epidemic (disease),महामारी,Bharatavani / CSTT Fundamental Administrative Terminology (2015),source_document
epitome,सार तेत ्,Bharatavani / CSTT Fundamental Administrative Terminology (2015),source_document
equality,बारा-बारी,Bharatavani / CSTT Fundamental Administrative Terminology (2015),source_document
equilibrium,समान ते,Bharatavani / CSTT Fundamental Administrative Terminology (2015),source_document
equipment,हातियार,Bharatavani / CSTT Fundamental Administrative Terminology (2015),source_document
equity,1. सोमान 2. बारा-बारी,Bharatavani / CSTT Fundamental Administrative Terminology (2015),source_document
equivalent,बारा-बारी,Bharatavani / CSTT Fundamental Administrative Terminology (2015),source_document
equivocal,बारया मानेयाः,Bharatavani / CSTT Fundamental Administrative Terminology (2015),source_document
eradicate,मच ु ात ् काः,Bharatavani / CSTT Fundamental Administrative Terminology (2015),source_document
errata,सुघराव साकाम,Bharatavani / CSTT Fundamental Administrative Terminology (2015),source_document
error,भुल बिसर,Bharatavani / CSTT Fundamental Administrative Terminology (2015),source_document
escalation,आचते बाड़हा,Bharatavani / CSTT Fundamental Administrative Terminology (2015),source_document
escort,1. जागाव ईच 2. बाबाञ्यावईच 3.,Bharatavani / CSTT Fundamental Administrative Terminology (2015),source_document
essential,निहात़,Bharatavani / CSTT Fundamental Administrative Terminology (2015),source_document
establishment,थापित,Bharatavani / CSTT Fundamental Administrative Terminology (2015),source_document
estimate,आय-उमाऩ खोरोच,Bharatavani / CSTT Fundamental Administrative Terminology (2015),source_document
estimated cost,आय-उमाऩ ढाम,Bharatavani / CSTT Fundamental Administrative Terminology (2015),source_document
ethics,नीतिशास्त्र,Bharatavani / CSTT Fundamental Administrative Terminology (2015),source_document
etiquette,नापाय बेभार,Bharatavani / CSTT Fundamental Administrative Terminology (2015),source_document
evacuation,अकर्म,Bharatavani / CSTT Fundamental Administrative Terminology (2015),source_document
evade,टालाव,Bharatavani / CSTT Fundamental Administrative Terminology (2015),source_document
evaluation,1. कागज गेत ् 2. खाता ञेँल,Bharatavani / CSTT Fundamental Administrative Terminology (2015),source_document
even number,समान एलेख,Bharatavani / CSTT Fundamental Administrative Terminology (2015),source_document
eventual,हुय दाडेयाः,Bharatavani / CSTT Fundamental Administrative Terminology (2015),source_document
eviction,बे दोखोल,Bharatavani / CSTT Fundamental Administrative Terminology (2015),source_document
evidence,1. साखी 2. सुबुत,Bharatavani / CSTT Fundamental Administrative Terminology (2015),source_document
evolve,1. लाहानति 2. हानाराकाब,Bharatavani / CSTT Fundamental Administrative Terminology (2015),source_document
exact,ठाँवका,Bharatavani / CSTT Fundamental Administrative Terminology (2015),source_document
examination,बिनिड,Bharatavani / CSTT Fundamental Administrative Terminology (2015),source_document
examinee,बिनिड एमोगिच ्,Bharatavani / CSTT Fundamental Administrative Terminology (2015),source_document
examiner,बिनिड हातावईच ्,Bharatavani / CSTT Fundamental Administrative Terminology (2015),source_document
example,तोरजोमेया,Bharatavani / CSTT Fundamental Administrative Terminology (2015),source_document
excavation,भीतरीला,Bharatavani / CSTT Fundamental Administrative Terminology (2015),source_document
excellent,निफुट,Bharatavani / CSTT Fundamental Administrative Terminology (2015),source_document
exception,अपबाद,Bharatavani / CSTT Fundamental Administrative Terminology (2015),source_document
exceptional,ओसाधारोन,Bharatavani / CSTT Fundamental Administrative Terminology (2015),source_document
excess,बाड़ती,Bharatavani / CSTT Fundamental Administrative Terminology (2015),source_document
exchange,एपेम,Bharatavani / CSTT Fundamental Administrative Terminology (2015),source_document
exchequer,राज काउडी मुऱाई,Bharatavani / CSTT Fundamental Administrative Terminology (2015),source_document
exclude,ओडोक् काः,Bharatavani / CSTT Fundamental Administrative Terminology (2015),source_document
excuse,ईक़ा,Bharatavani / CSTT Fundamental Administrative Terminology (2015),source_document
execute,कामी पुराव,Bharatavani / CSTT Fundamental Administrative Terminology (2015),source_document
executive,1. कार्य पालिका 2. कामिया को,Bharatavani / CSTT Fundamental Administrative Terminology (2015),source_document
executive committee,कामिया कोवाः गाँवता,Bharatavani / CSTT Fundamental Administrative Terminology (2015),source_document
executive power,कामी कोवाः दाड़े,Bharatavani / CSTT Fundamental Administrative Terminology (2015),source_document
executives,कामी होड़ कोवाः थोक्,Bharatavani / CSTT Fundamental Administrative Terminology (2015),source_document
executive staff,कामी होड़ को,Bharatavani / CSTT Fundamental Administrative Terminology (2015),source_document
exempt,छाड़ एम ्,Bharatavani / CSTT Fundamental Administrative Terminology (2015),source_document
exemption,छाड़,Bharatavani / CSTT Fundamental Administrative Terminology (2015),source_document
exercise,1. प्रयोग 2. बिडाव,Bharatavani / CSTT Fundamental Administrative Terminology (2015),source_document
ex gratia,नेहोर आते,Bharatavani / CSTT Fundamental Administrative Terminology (2015),source_document
ex gratia payment,नेहोराते कुड़ाई,Bharatavani / CSTT Fundamental Administrative Terminology (2015),source_document
exhaust,सारे च काः,Bharatavani / CSTT Fundamental Administrative Terminology (2015),source_document
exhaustive,सानाम सेद्,Bharatavani / CSTT Fundamental Administrative Terminology (2015),source_document
exhibit,उदःु सोदोर,Bharatavani / CSTT Fundamental Administrative Terminology (2015),source_document
exigency,टाटका लाकती,Bharatavani / CSTT Fundamental Administrative Terminology (2015),source_document
exim policy,किरिञ आखरिञ आ़न,Bharatavani / CSTT Fundamental Administrative Terminology (2015),source_document
exit,ओडोकोः होर,Bharatavani / CSTT Fundamental Administrative Terminology (2015),source_document
exit interview,बाहरे ओडोकाः ञाँपाम- रोपोड़,Bharatavani / CSTT Fundamental Administrative Terminology (2015),source_document
exit policy,बाहरे ओडोक आ़न,Bharatavani / CSTT Fundamental Administrative Terminology (2015),source_document
exit poll,आय-उमान मत लेखा,Bharatavani / CSTT Fundamental Administrative Terminology (2015),source_document
ex-officio,पोदे न,Bharatavani / CSTT Fundamental Administrative Terminology (2015),source_document
exonerate,इक़ा काय,Bharatavani / CSTT Fundamental Administrative Terminology (2015),source_document
expansion,जिलिञ ते,Bharatavani / CSTT Fundamental Administrative Terminology (2015),source_document
ex-parte,मित पाहटाते,Bharatavani / CSTT Fundamental Administrative Terminology (2015),source_document
expatriation,दिसोम खोन बाहे र काय,Bharatavani / CSTT Fundamental Administrative Terminology (2015),source_document
expedient,सानामा कामी,Bharatavani / CSTT Fundamental Administrative Terminology (2015),source_document
expedite,लोंगोन कामी पुराव,Bharatavani / CSTT Fundamental Administrative Terminology (2015),source_document
expel,"परीक्षा खोन ओडोक काय,",Bharatavani / CSTT Fundamental Administrative Terminology (2015),source_document
expenditure,खोरोच,Bharatavani / CSTT Fundamental Administrative Terminology (2015),source_document
experience,1. बाडाय 2. मारखी,Bharatavani / CSTT Fundamental Administrative Terminology (2015),source_document
experiment,बिडाव,Bharatavani / CSTT Fundamental Administrative Terminology (2015),source_document
expert,बाडायाने,Bharatavani / CSTT Fundamental Administrative Terminology (2015),source_document
expiry,1. समय पारोमेना 2. ओकृ पारोन,Bharatavani / CSTT Fundamental Administrative Terminology (2015),source_document
expiry date,1. माहित पारोम एना 2. चाबाः माहित,Bharatavani / CSTT Fundamental Administrative Terminology (2015),source_document
explanation,पुसटाव ते लाई़,Bharatavani / CSTT Fundamental Administrative Terminology (2015),source_document
explicit,पस ु टाव़,Bharatavani / CSTT Fundamental Administrative Terminology (2015),source_document
exploitation,1. रोडोच ् 2. कोचलोन,Bharatavani / CSTT Fundamental Administrative Terminology (2015),source_document
explore,खोबोर हाताव,Bharatavani / CSTT Fundamental Administrative Terminology (2015),source_document
explosion,1. बिसफोट 2. बारुद,Bharatavani / CSTT Fundamental Administrative Terminology (2015),source_document
export,भेजा,Bharatavani / CSTT Fundamental Administrative Terminology (2015),source_document
ex-post facto,कामी रे न होकदार,Bharatavani / CSTT Fundamental Administrative Terminology (2015),source_document
express,लोगोन ते,Bharatavani / CSTT Fundamental Administrative Terminology (2015),source_document
expression,लाई पासनाव,Bharatavani / CSTT Fundamental Administrative Terminology (2015),source_document
expulsion,ओडोक काय,Bharatavani / CSTT Fundamental Administrative Terminology (2015),source_document
expunge,हाटाव,Bharatavani / CSTT Fundamental Administrative Terminology (2015),source_document
extend,बाड़हाव,Bharatavani / CSTT Fundamental Administrative Terminology (2015),source_document
extent,बिछनाव,Bharatavani / CSTT Fundamental Administrative Terminology (2015),source_document
external,बाहरे,Bharatavani / CSTT Fundamental Administrative Terminology (2015),source_document
extortion,धोन कुमुद ु,Bharatavani / CSTT Fundamental Administrative Terminology (2015),source_document
extra,बाड़ती,Bharatavani / CSTT Fundamental Administrative Terminology (2015),source_document
extract,राकाब आकान,Bharatavani / CSTT Fundamental Administrative Terminology (2015),source_document
extraordinary,लासेर हाताङ,Bharatavani / CSTT Fundamental Administrative Terminology (2015),source_document
extravagant,बाड़ती खोरोच,Bharatavani / CSTT Fundamental Administrative Terminology (2015),source_document
extremist,लो लो हाँताङ इया,Bharatavani / CSTT Fundamental Administrative Terminology (2015),source_document
extrovert,आडिसेन दव ु ार,Bharatavani / CSTT Fundamental Administrative Terminology (2015),source_document
eye witness,मेत ते ञेलँ साखी,Bharatavani / CSTT Fundamental Administrative Terminology (2015),source_document
fabricate,बेनाव,Bharatavani / CSTT Fundamental Administrative Terminology (2015),source_document
face value,आकाव आकान ओनोङ,Bharatavani / CSTT Fundamental Administrative Terminology (2015),source_document
facilitate,सुबिधा बेनाव,Bharatavani / CSTT Fundamental Administrative Terminology (2015),source_document
facility,सुविधा हाताव,Bharatavani / CSTT Fundamental Administrative Terminology (2015),source_document
facsimile,काच़ ओलाक,Bharatavani / CSTT Fundamental Administrative Terminology (2015),source_document
fact,तेतत े ्,Bharatavani / CSTT Fundamental Administrative Terminology (2015),source_document
factionalism,गट ु बाजी,Bharatavani / CSTT Fundamental Administrative Terminology (2015),source_document
factor,चेतखातिर,Bharatavani / CSTT Fundamental Administrative Terminology (2015),source_document
factory,कारखाना,Bharatavani / CSTT Fundamental Administrative Terminology (2015),source_document
factual,तेतत े ् काथा,Bharatavani / CSTT Fundamental Administrative Terminology (2015),source_document
faculty,संकाय,Bharatavani / CSTT Fundamental Administrative Terminology (2015),source_document
fail,फेल,Bharatavani / CSTT Fundamental Administrative Terminology (2015),source_document
fair,1. नापाय 2. फारचा,Bharatavani / CSTT Fundamental Administrative Terminology (2015),source_document
faith,पातियाव,Bharatavani / CSTT Fundamental Administrative Terminology (2015),source_document
fake,1. जाली 2. नोकली,Bharatavani / CSTT Fundamental Administrative Terminology (2015),source_document
family,धारोञ्ज,Bharatavani / CSTT Fundamental Administrative Terminology (2015),source_document
famine,आकाल,Bharatavani / CSTT Fundamental Administrative Terminology (2015),source_document
fare,भाड़ा,Bharatavani / CSTT Fundamental Administrative Terminology (2015),source_document
farewell,बिदाय,Bharatavani / CSTT Fundamental Administrative Terminology (2015),source_document
farming,चास-बास,Bharatavani / CSTT Fundamental Administrative Terminology (2015),source_document
fatigue,लाँगा,Bharatavani / CSTT Fundamental Administrative Terminology (2015),source_document
fault,दोस,Bharatavani / CSTT Fundamental Administrative Terminology (2015),source_document
favour,दाया,Bharatavani / CSTT Fundamental Administrative Terminology (2015),source_document
feasibility,गोड़ो,Bharatavani / CSTT Fundamental Administrative Terminology (2015),source_document
federation,गाँवता,Bharatavani / CSTT Fundamental Administrative Terminology (2015),source_document
fee,सुलक,Bharatavani / CSTT Fundamental Administrative Terminology (2015),source_document
feed back,मारे नाः,Bharatavani / CSTT Fundamental Administrative Terminology (2015),source_document
feeling,आ़यकाव,Bharatavani / CSTT Fundamental Administrative Terminology (2015),source_document
felicitate,साराव एम ्,Bharatavani / CSTT Fundamental Administrative Terminology (2015),source_document
fellow,गाते,Bharatavani / CSTT Fundamental Administrative Terminology (2015),source_document
fellowship,गोड़ो टाका ञाँम,Bharatavani / CSTT Fundamental Administrative Terminology (2015),source_document
female,कुड़ी,Bharatavani / CSTT Fundamental Administrative Terminology (2015),source_document
fertile,1. उपजाव 2. आरजाव,Bharatavani / CSTT Fundamental Administrative Terminology (2015),source_document
fictitious,उपहाराः,Bharatavani / CSTT Fundamental Administrative Terminology (2015),source_document
fidelity,सारियान,Bharatavani / CSTT Fundamental Administrative Terminology (2015),source_document
field,गोडा,Bharatavani / CSTT Fundamental Administrative Terminology (2015),source_document
figure,1. चितार 2. लेख 3. लोकसा,Bharatavani / CSTT Fundamental Administrative Terminology (2015),source_document
file,फाईल,Bharatavani / CSTT Fundamental Administrative Terminology (2015),source_document
filing,मिसिल बंदी,Bharatavani / CSTT Fundamental Administrative Terminology (2015),source_document
film,फिलिम,Bharatavani / CSTT Fundamental Administrative Terminology (2015),source_document
final,मुचात ्,Bharatavani / CSTT Fundamental Administrative Terminology (2015),source_document
finance,काउडी,Bharatavani / CSTT Fundamental Administrative Terminology (2015),source_document
financial,कावडी ़,Bharatavani / CSTT Fundamental Administrative Terminology (2015),source_document
financier,काउडी बाबोद,Bharatavani / CSTT Fundamental Administrative Terminology (2015),source_document
findings,सार तेत ्,Bharatavani / CSTT Fundamental Administrative Terminology (2015),source_document
fine,1. जुरीमाना 2. डाडोम,Bharatavani / CSTT Fundamental Administrative Terminology (2015),source_document
fine arts,चेहरा चितार,Bharatavani / CSTT Fundamental Administrative Terminology (2015),source_document
finger print,काटुप छाप,Bharatavani / CSTT Fundamental Administrative Terminology (2015),source_document
finished goods,बेनाव माल,Bharatavani / CSTT Fundamental Administrative Terminology (2015),source_document
fire,सेगेल,Bharatavani / CSTT Fundamental Administrative Terminology (2015),source_document
firing,गलि ु काजड,Bharatavani / CSTT Fundamental Administrative Terminology (2015),source_document
firm,फार्म,Bharatavani / CSTT Fundamental Administrative Terminology (2015),source_document
first aid,एतोहोब रानोः,Bharatavani / CSTT Fundamental Administrative Terminology (2015),source_document
first class,1. एतोहोब घाप 2. नापाय,Bharatavani / CSTT Fundamental Administrative Terminology (2015),source_document
first division,एतोहोब घाप,Bharatavani / CSTT Fundamental Administrative Terminology (2015),source_document
first information report,एतोहोब सूचना रिपट,Bharatavani / CSTT Fundamental Administrative Terminology (2015),source_document
fiscal,राज काउडी मुराई़,Bharatavani / CSTT Fundamental Administrative Terminology (2015),source_document
fisheries,हाकु चास,Bharatavani / CSTT Fundamental Administrative Terminology (2015),source_document
fit,निफुट,Bharatavani / CSTT Fundamental Administrative Terminology (2015),source_document
fitness,निफुट तेत ्,Bharatavani / CSTT Fundamental Administrative Terminology (2015),source_document
fix,ठाँवका,Bharatavani / CSTT Fundamental Administrative Terminology (2015),source_document
fixation,ठाँवका आकान,Bharatavani / CSTT Fundamental Administrative Terminology (2015),source_document
fixed,ठावका आकान,Bharatavani / CSTT Fundamental Administrative Terminology (2015),source_document
flag,1. हिसिर 2. चिर,Bharatavani / CSTT Fundamental Administrative Terminology (2015),source_document
flap,पटटी,Bharatavani / CSTT Fundamental Administrative Terminology (2015),source_document
flat,टाँडी,Bharatavani / CSTT Fundamental Administrative Terminology (2015),source_document
fleet,बेड़ा,Bharatavani / CSTT Fundamental Administrative Terminology (2015),source_document
flexibility,टानावोः,Bharatavani / CSTT Fundamental Administrative Terminology (2015),source_document
flight,उडानगाडी,Bharatavani / CSTT Fundamental Administrative Terminology (2015),source_document
flood relief,बान खोन बाँञ्याव,Bharatavani / CSTT Fundamental Administrative Terminology (2015),source_document
floor,पिडा,Bharatavani / CSTT Fundamental Administrative Terminology (2015),source_document
flow,लिगीन,Bharatavani / CSTT Fundamental Administrative Terminology (2015),source_document
fluctuation,आड़गो राकाप,Bharatavani / CSTT Fundamental Administrative Terminology (2015),source_document
foeticide,पेरेच होड़मो गिडि,Bharatavani / CSTT Fundamental Administrative Terminology (2015),source_document
folder,गुड़ियाव,Bharatavani / CSTT Fundamental Administrative Terminology (2015),source_document
folio,साकाम,Bharatavani / CSTT Fundamental Administrative Terminology (2015),source_document
follow,पाँजा,Bharatavani / CSTT Fundamental Administrative Terminology (2015),source_document
following,लातार रे ओल आकान,Bharatavani / CSTT Fundamental Administrative Terminology (2015),source_document
follower,पाँजायिज,Bharatavani / CSTT Fundamental Administrative Terminology (2015),source_document
foment,उसक़ायिज,Bharatavani / CSTT Fundamental Administrative Terminology (2015),source_document
foot note,जाँग चिनहा,Bharatavani / CSTT Fundamental Administrative Terminology (2015),source_document
forced labour,जोबोर ते कामी होयो,Bharatavani / CSTT Fundamental Administrative Terminology (2015),source_document
forecast,माड़ाङ खोन बाडाय,Bharatavani / CSTT Fundamental Administrative Terminology (2015),source_document
foregone conclusion,माड़ाङ ते बाडाय,Bharatavani / CSTT Fundamental Administrative Terminology (2015),source_document
foreign,1. परदे सी 2. बिदे सी,Bharatavani / CSTT Fundamental Administrative Terminology (2015),source_document
foreman,फोरमेन,Bharatavani / CSTT Fundamental Administrative Terminology (2015),source_document
forenoon,बासियाम,Bharatavani / CSTT Fundamental Administrative Terminology (2015),source_document
foresight,सागिञ ़ ञेञेलिच,Bharatavani / CSTT Fundamental Administrative Terminology (2015),source_document
foreword,एतोहोब काथा,Bharatavani / CSTT Fundamental Administrative Terminology (2015),source_document
forfeit,हात ् काः,Bharatavani / CSTT Fundamental Administrative Terminology (2015),source_document
forged,जाली,Bharatavani / CSTT Fundamental Administrative Terminology (2015),source_document
forgery,जाल साजी,Bharatavani / CSTT Fundamental Administrative Terminology (2015),source_document
form,फोरोम,Bharatavani / CSTT Fundamental Administrative Terminology (2015),source_document
formal,माड़ाङ ते सेचेत,Bharatavani / CSTT Fundamental Administrative Terminology (2015),source_document
format,फोरमेट,Bharatavani / CSTT Fundamental Administrative Terminology (2015),source_document
former,माड़ाङ तेन,Bharatavani / CSTT Fundamental Administrative Terminology (2015),source_document
formula,लाई़ आरी,Bharatavani / CSTT Fundamental Administrative Terminology (2015),source_document
forthwith,टाटका,Bharatavani / CSTT Fundamental Administrative Terminology (2015),source_document
forward,माड़ाङ सेत ् भेजा,Bharatavani / CSTT Fundamental Administrative Terminology (2015),source_document
forwarding letter,माड़ाङ सेत ् भेजा चिठी,Bharatavani / CSTT Fundamental Administrative Terminology (2015),source_document
foundation,बुनियाद,Bharatavani / CSTT Fundamental Administrative Terminology (2015),source_document
fraction,1. हाटिञ 2. भाग,Bharatavani / CSTT Fundamental Administrative Terminology (2015),source_document
franchise,मोत एम रे याः होक्,Bharatavani / CSTT Fundamental Administrative Terminology (2015),source_document
fraud,एएड़ेयिच,Bharatavani / CSTT Fundamental Administrative Terminology (2015),source_document
free,1. उलफा 2. पोलाते,Bharatavani / CSTT Fundamental Administrative Terminology (2015),source_document
freeze,कीलित कोराव,Bharatavani / CSTT Fundamental Administrative Terminology (2015),source_document
freight,भाड़ा,Bharatavani / CSTT Fundamental Administrative Terminology (2015),source_document
fuel,सेगेल,Bharatavani / CSTT Fundamental Administrative Terminology (2015),source_document
full-scale,परु ा,Bharatavani / CSTT Fundamental Administrative Terminology (2015),source_document
function,सोमारोह,Bharatavani / CSTT Fundamental Administrative Terminology (2015),source_document
fund,काउडी,Bharatavani / CSTT Fundamental Administrative Terminology (2015),source_document
fundamentalism,रिहिटान होड़,Bharatavani / CSTT Fundamental Administrative Terminology (2015),source_document
furnish,सामाङ काः,Bharatavani / CSTT Fundamental Administrative Terminology (2015),source_document
further action,माड़ाङ कामी,Bharatavani / CSTT Fundamental Administrative Terminology (2015),source_document
gainful employment,लाबआना रोचकार,Bharatavani / CSTT Fundamental Administrative Terminology (2015),source_document
gainful occupation,लाबआना जिबक़ा,Bharatavani / CSTT Fundamental Administrative Terminology (2015),source_document
gate pass,बोलोन साकाम,Bharatavani / CSTT Fundamental Administrative Terminology (2015),source_document
gazetted,1. राजपत्रित 2. राज साकाम,Bharatavani / CSTT Fundamental Administrative Terminology (2015),source_document
gazetted holiday,राज साकाम छुटी,Bharatavani / CSTT Fundamental Administrative Terminology (2015),source_document
general,1. सामान्य 2. साधारोन,Bharatavani / CSTT Fundamental Administrative Terminology (2015),source_document
general administration,सामान्य सासोकिया,Bharatavani / CSTT Fundamental Administrative Terminology (2015),source_document
general body,साधारोन सोभा,Bharatavani / CSTT Fundamental Administrative Terminology (2015),source_document
general election,सानाम होडाः चुनाव,Bharatavani / CSTT Fundamental Administrative Terminology (2015),source_document
general meeting,सानाम होड़ाः दप ु ुड़ु ब,Bharatavani / CSTT Fundamental Administrative Terminology (2015),source_document
general practice,सानाम होड़ाः चोलोन,Bharatavani / CSTT Fundamental Administrative Terminology (2015),source_document
general procedure,सानाम होड़ाः कामी,Bharatavani / CSTT Fundamental Administrative Terminology (2015),source_document
general rule,सानाम होड़ाः निथोम,Bharatavani / CSTT Fundamental Administrative Terminology (2015),source_document
general ward,सानाम होड़ाः उवार्ड,Bharatavani / CSTT Fundamental Administrative Terminology (2015),source_document
generation,पीड़ही,Bharatavani / CSTT Fundamental Administrative Terminology (2015),source_document
genius,पेरेच अनिच,Bharatavani / CSTT Fundamental Administrative Terminology (2015),source_document
genuine,सोही,Bharatavani / CSTT Fundamental Administrative Terminology (2015),source_document
gift,दान,Bharatavani / CSTT Fundamental Administrative Terminology (2015),source_document
gist,सारतेत ्,Bharatavani / CSTT Fundamental Administrative Terminology (2015),source_document
global tender,जेगेत ठिका,Bharatavani / CSTT Fundamental Administrative Terminology (2015),source_document
glossary,साबाद गादे,Bharatavani / CSTT Fundamental Administrative Terminology (2015),source_document
goal,जोस,Bharatavani / CSTT Fundamental Administrative Terminology (2015),source_document
godown,सामान दोहोवाः,Bharatavani / CSTT Fundamental Administrative Terminology (2015),source_document
good,नापाय,Bharatavani / CSTT Fundamental Administrative Terminology (2015),source_document
good conduct,नापाय चरित,Bharatavani / CSTT Fundamental Administrative Terminology (2015),source_document
good faith,1. नापाय पातियाव 2. सारि पातियाव,Bharatavani / CSTT Fundamental Administrative Terminology (2015),source_document
good offices,"तालायिच,",Bharatavani / CSTT Fundamental Administrative Terminology (2015),source_document
goodwill,नापाय ञुतुम,Bharatavani / CSTT Fundamental Administrative Terminology (2015),source_document
govern,सासोन चालाव,Bharatavani / CSTT Fundamental Administrative Terminology (2015),source_document
governance,सासोन,Bharatavani / CSTT Fundamental Administrative Terminology (2015),source_document
government,सरकार,Bharatavani / CSTT Fundamental Administrative Terminology (2015),source_document
government press,सरकार छापाखाना,Bharatavani / CSTT Fundamental Administrative Terminology (2015),source_document
government service,सरकारी कामि,Bharatavani / CSTT Fundamental Administrative Terminology (2015),source_document
gradation,हाटिञ,Bharatavani / CSTT Fundamental Administrative Terminology (2015),source_document
grade,पोद हाटिञ,Bharatavani / CSTT Fundamental Administrative Terminology (2015),source_document
grading,पोद ठाँवका,Bharatavani / CSTT Fundamental Administrative Terminology (2015),source_document
graduate,ग्रेजुयेट,Bharatavani / CSTT Fundamental Administrative Terminology (2015),source_document
graduated wages,रानाकाब कुड़ाई,Bharatavani / CSTT Fundamental Administrative Terminology (2015),source_document
graduate trainee,ग्रेजुयेट कोवाः सेचेत ्,Bharatavani / CSTT Fundamental Administrative Terminology (2015),source_document
graft,घुस,Bharatavani / CSTT Fundamental Administrative Terminology (2015),source_document
grand total,कुल जोड़,Bharatavani / CSTT Fundamental Administrative Terminology (2015),source_document
grant,गोड़ो टाका,Bharatavani / CSTT Fundamental Administrative Terminology (2015),source_document
grant-in-aid,गोड़ो टाका एम ्,Bharatavani / CSTT Fundamental Administrative Terminology (2015),source_document
grapevine,1. बिना पस ु ्टाव खोबोर 2. बे पस ु ्टाव रवोबारे,Bharatavani / CSTT Fundamental Administrative Terminology (2015),source_document
graph,ओनोल ्,Bharatavani / CSTT Fundamental Administrative Terminology (2015),source_document
graphology,ति तेयाः ओल,Bharatavani / CSTT Fundamental Administrative Terminology (2015),source_document
grateful,1. दायाआन 2. नेहोरिच ्,Bharatavani / CSTT Fundamental Administrative Terminology (2015),source_document
gratuity,उपदान,Bharatavani / CSTT Fundamental Administrative Terminology (2015),source_document
green hand,नावा चेदोः गिच ्,Bharatavani / CSTT Fundamental Administrative Terminology (2015),source_document
greeting(s),नेवता साकाम,Bharatavani / CSTT Fundamental Administrative Terminology (2015),source_document
grievance,1. नालिस 2. कोसटो,Bharatavani / CSTT Fundamental Administrative Terminology (2015),source_document
grievous,गाहिर,Bharatavani / CSTT Fundamental Administrative Terminology (2015),source_document
gross,गुट,Bharatavani / CSTT Fundamental Administrative Terminology (2015),source_document
gross amount,गुट कावडी,Bharatavani / CSTT Fundamental Administrative Terminology (2015),source_document
gross misconduct,आडी बाड़िच वेबहार,Bharatavani / CSTT Fundamental Administrative Terminology (2015),source_document
gross negligence,आडी ओन हे ड़ा,Bharatavani / CSTT Fundamental Administrative Terminology (2015),source_document
gross profit,गुट लाब,Bharatavani / CSTT Fundamental Administrative Terminology (2015),source_document
gross revenue,गुट खाजना,Bharatavani / CSTT Fundamental Administrative Terminology (2015),source_document
gross total,गट ु जोडाव,Bharatavani / CSTT Fundamental Administrative Terminology (2015),source_document
groundless,बे प्रमानाः,Bharatavani / CSTT Fundamental Administrative Terminology (2015),source_document
ground rent,1. जायगा रे नाः भाड़ा 2. खाजना,Bharatavani / CSTT Fundamental Administrative Terminology (2015),source_document
grounds,1. ओत 2. घारती,Bharatavani / CSTT Fundamental Administrative Terminology (2015),source_document
group,1. गोट 2. गस ु टी 3. दङगोल,Bharatavani / CSTT Fundamental Administrative Terminology (2015),source_document
grouping and grading,दोङगोल आर हाटिञ,Bharatavani / CSTT Fundamental Administrative Terminology (2015),source_document
guarantee,1. गेरेंचटी 2. गोटाओरीच ्,Bharatavani / CSTT Fundamental Administrative Terminology (2015),source_document
guarantor,गेरेनटी एमोगिच ्,Bharatavani / CSTT Fundamental Administrative Terminology (2015),source_document
guard,1. गाड 2. दारवान,Bharatavani / CSTT Fundamental Administrative Terminology (2015),source_document
guard file,गाड फाईल,Bharatavani / CSTT Fundamental Administrative Terminology (2015),source_document
guardian,मालिक,Bharatavani / CSTT Fundamental Administrative Terminology (2015),source_document
guest house,पेड़ा ओड़ाक,Bharatavani / CSTT Fundamental Administrative Terminology (2015),source_document
guide,होर उदःु गिज,Bharatavani / CSTT Fundamental Administrative Terminology (2015),source_document
guidelines,दिसा एमोगिच ्,Bharatavani / CSTT Fundamental Administrative Terminology (2015),source_document
guilt,1. कायु 2. दस ु ी,Bharatavani / CSTT Fundamental Administrative Terminology (2015),source_document
habit,1. सोभाव 2. हे वा पारकाव,Bharatavani / CSTT Fundamental Administrative Terminology (2015),source_document
habitual,आधा छुटी,Bharatavani / CSTT Fundamental Administrative Terminology (2015),source_document
half-holiday,आधा छुटी,Bharatavani / CSTT Fundamental Administrative Terminology (2015),source_document
half pay,आधा वेतन,Bharatavani / CSTT Fundamental Administrative Terminology (2015),source_document
hall,बाखुल,Bharatavani / CSTT Fundamental Administrative Terminology (2015),source_document
halt,जिराव,Bharatavani / CSTT Fundamental Administrative Terminology (2015),source_document
hand,ति,Bharatavani / CSTT Fundamental Administrative Terminology (2015),source_document
handbill,1. पारचा 2. पामपेलेट,Bharatavani / CSTT Fundamental Administrative Terminology (2015),source_document
handbook,काटिय पुथि,Bharatavani / CSTT Fundamental Administrative Terminology (2015),source_document
handicap,1. लाँगड़ा 2. खोड़दा 3. खोदड़ी,Bharatavani / CSTT Fundamental Administrative Terminology (2015),source_document
handle,सामड़ाव,Bharatavani / CSTT Fundamental Administrative Terminology (2015),source_document
handloom,ति तेयाः बेनाव किचरिच,Bharatavani / CSTT Fundamental Administrative Terminology (2015),source_document
handy,हुँडिञाः,Bharatavani / CSTT Fundamental Administrative Terminology (2015),source_document
hand-over,1. जिममा 2. चाल,Bharatavani / CSTT Fundamental Administrative Terminology (2015),source_document
handwriting,ति ते ओल,Bharatavani / CSTT Fundamental Administrative Terminology (2015),source_document
harassment,सांताव,Bharatavani / CSTT Fundamental Administrative Terminology (2015),source_document
harbour,दाः जाहाज रे नाः तिगुन ठाँव,Bharatavani / CSTT Fundamental Administrative Terminology (2015),source_document
hard labour,दोमे खाटाव,Bharatavani / CSTT Fundamental Administrative Terminology (2015),source_document
hardware,केटे च तार,Bharatavani / CSTT Fundamental Administrative Terminology (2015),source_document
hard working,"खाटाव ईय,",Bharatavani / CSTT Fundamental Administrative Terminology (2015),source_document
haulage,लादे,Bharatavani / CSTT Fundamental Administrative Terminology (2015),source_document
hawker,फिरि बाला,Bharatavani / CSTT Fundamental Administrative Terminology (2015),source_document
hazard,1. मुहिम 2. बोतोरानाः,Bharatavani / CSTT Fundamental Administrative Terminology (2015),source_document
head,1. बोहोः 2. मल ु होड़ 3. मखु िया,Bharatavani / CSTT Fundamental Administrative Terminology (2015),source_document
head office,मोड़ ओफिस,Bharatavani / CSTT Fundamental Administrative Terminology (2015),source_document
headquarter,मोड़ ओड़ाः,Bharatavani / CSTT Fundamental Administrative Terminology (2015),source_document
health certificate,निफुट सिद साकाम,Bharatavani / CSTT Fundamental Administrative Terminology (2015),source_document
hearing,फायसाला,Bharatavani / CSTT Fundamental Administrative Terminology (2015),source_document
hearsay,आँजोम आँजोमा,Bharatavani / CSTT Fundamental Administrative Terminology (2015),source_document
heavy vehicle,हामाल गाडी,Bharatavani / CSTT Fundamental Administrative Terminology (2015),source_document
heir,वारिस,Bharatavani / CSTT Fundamental Administrative Terminology (2015),source_document
held up,तिगु आकान,Bharatavani / CSTT Fundamental Administrative Terminology (2015),source_document
herewith,नोवा साँवते,Bharatavani / CSTT Fundamental Administrative Terminology (2015),source_document
heritage,1. बिरासोत 2. हापड़ाम खोन,Bharatavani / CSTT Fundamental Administrative Terminology (2015),source_document
hierarchy,तोगे साबाद,Bharatavani / CSTT Fundamental Administrative Terminology (2015),source_document
higher authority,चेतान धाब मालिक,Bharatavani / CSTT Fundamental Administrative Terminology (2015),source_document
high grade,चेतान लेकाना,Bharatavani / CSTT Fundamental Administrative Terminology (2015),source_document
high level,चेतान धाद,Bharatavani / CSTT Fundamental Administrative Terminology (2015),source_document
high level decision,चेतान धाद रे नाः फयसाला,Bharatavani / CSTT Fundamental Administrative Terminology (2015),source_document
highlights,आसोल खोबोर,Bharatavani / CSTT Fundamental Administrative Terminology (2015),source_document
high official,चेतान घापरिन अधिकारी,Bharatavani / CSTT Fundamental Administrative Terminology (2015),source_document
high priorty,माड़ाङ सुबिधा,Bharatavani / CSTT Fundamental Administrative Terminology (2015),source_document
high school,चेतान आसड़ा,Bharatavani / CSTT Fundamental Administrative Terminology (2015),source_document
hire,भाड़ा ते हाताव,Bharatavani / CSTT Fundamental Administrative Terminology (2015),source_document
hiring,भाड़ाते हाताव,Bharatavani / CSTT Fundamental Administrative Terminology (2015),source_document
history sheet,नागामिया कागोज,Bharatavani / CSTT Fundamental Administrative Terminology (2015),source_document
hoarding,जोमाखोर,Bharatavani / CSTT Fundamental Administrative Terminology (2015),source_document
holding,भागियारी पूजी,Bharatavani / CSTT Fundamental Administrative Terminology (2015),source_document
holiday,छुटी,Bharatavani / CSTT Fundamental Administrative Terminology (2015),source_document
homage,दल ु ाड़ आ़जले,Bharatavani / CSTT Fundamental Administrative Terminology (2015),source_document
home,ओड़ाः,Bharatavani / CSTT Fundamental Administrative Terminology (2015),source_document
homicide,होड़ गोच,Bharatavani / CSTT Fundamental Administrative Terminology (2015),source_document
honest,1. सोड़ामोन 2. इमानदार,Bharatavani / CSTT Fundamental Administrative Terminology (2015),source_document
honorarium,कामी कुड़ाई़,Bharatavani / CSTT Fundamental Administrative Terminology (2015),source_document
honorary,माऩ ते,Bharatavani / CSTT Fundamental Administrative Terminology (2015),source_document
honour,माऩ,Bharatavani / CSTT Fundamental Administrative Terminology (2015),source_document
hostel,पाठुवा ओड़ाः,Bharatavani / CSTT Fundamental Administrative Terminology (2015),source_document
hostile,1. बिबादिया 2. बाईरी,Bharatavani / CSTT Fundamental Administrative Terminology (2015),source_document
house rent,ओड़ाः भाड़ा,Bharatavani / CSTT Fundamental Administrative Terminology (2015),source_document
house rent allowance,ओड़ाः भातता,Bharatavani / CSTT Fundamental Administrative Terminology (2015),source_document
house tax,ओडाः खाजना,Bharatavani / CSTT Fundamental Administrative Terminology (2015),source_document
housing,ताँहेन ओडाः,Bharatavani / CSTT Fundamental Administrative Terminology (2015),source_document
housing society,ताँहेन ओड़ाः सोसाईटी,Bharatavani / CSTT Fundamental Administrative Terminology (2015),source_document
hue and cry,किकियाव,Bharatavani / CSTT Fundamental Administrative Terminology (2015),source_document
humane,दायाआनिच ्,Bharatavani / CSTT Fundamental Administrative Terminology (2015),source_document
human rights,मानवा होक्,Bharatavani / CSTT Fundamental Administrative Terminology (2015),source_document
humiliation,ओपोमान,Bharatavani / CSTT Fundamental Administrative Terminology (2015),source_document
hygiene,निफुट साँड़ेस,Bharatavani / CSTT Fundamental Administrative Terminology (2015),source_document
hypothecation,माल बाँधाव,Bharatavani / CSTT Fundamental Administrative Terminology (2015),source_document
idea,हुदिस,Bharatavani / CSTT Fundamental Administrative Terminology (2015),source_document
ideal,नापाय,Bharatavani / CSTT Fundamental Administrative Terminology (2015),source_document
identical,मित लेकान,Bharatavani / CSTT Fundamental Administrative Terminology (2015),source_document
identification,उपरुम,Bharatavani / CSTT Fundamental Administrative Terminology (2015),source_document
identity,उरुम,Bharatavani / CSTT Fundamental Administrative Terminology (2015),source_document
identity card,उपरुम साकाम,Bharatavani / CSTT Fundamental Administrative Terminology (2015),source_document
ignorance,बे बाडायिच,Bharatavani / CSTT Fundamental Administrative Terminology (2015),source_document
ignore,ओन हे ड़ा,Bharatavani / CSTT Fundamental Administrative Terminology (2015),source_document
illegal,बेसारिया,Bharatavani / CSTT Fundamental Administrative Terminology (2015),source_document
illegal strike,बे सारिया होड़ताल,Bharatavani / CSTT Fundamental Administrative Terminology (2015),source_document
illigible,बाङ पाड़हावाः,Bharatavani / CSTT Fundamental Administrative Terminology (2015),source_document
ill-feeling,बाड़िच उपहार,Bharatavani / CSTT Fundamental Administrative Terminology (2015),source_document
illicit,बे सारियाः,Bharatavani / CSTT Fundamental Administrative Terminology (2015),source_document
illiteracy,1. बाङ पाड़ाव शेड़ 2. मुख्क,Bharatavani / CSTT Fundamental Administrative Terminology (2015),source_document
illogical,बेकार तर्क,Bharatavani / CSTT Fundamental Administrative Terminology (2015),source_document
illustration,1. पारतुल 2. चितार,Bharatavani / CSTT Fundamental Administrative Terminology (2015),source_document
image,1. छवि 2. उमल ु,Bharatavani / CSTT Fundamental Administrative Terminology (2015),source_document
imbalance,बे सामड़ाव,Bharatavani / CSTT Fundamental Administrative Terminology (2015),source_document
immature,बाङ केटे जाः,Bharatavani / CSTT Fundamental Administrative Terminology (2015),source_document
immediate,टाटका,Bharatavani / CSTT Fundamental Administrative Terminology (2015),source_document
immediate action,टाटका कामी,Bharatavani / CSTT Fundamental Administrative Terminology (2015),source_document
immediate officer,टाटका मालिक,Bharatavani / CSTT Fundamental Administrative Terminology (2015),source_document
immigrant,बिदे सिया,Bharatavani / CSTT Fundamental Administrative Terminology (2015),source_document
immoral,बाड़िय बेबहार,Bharatavani / CSTT Fundamental Administrative Terminology (2015),source_document
immovable,बाङ आचरु,Bharatavani / CSTT Fundamental Administrative Terminology (2015),source_document
immune,खुला,Bharatavani / CSTT Fundamental Administrative Terminology (2015),source_document
immunity,खुला आनाः,Bharatavani / CSTT Fundamental Administrative Terminology (2015),source_document
impact,छाप,Bharatavani / CSTT Fundamental Administrative Terminology (2015),source_document
impartial,ओका पाहटा हो बाङ,Bharatavani / CSTT Fundamental Administrative Terminology (2015),source_document
impeachment,ओचोः,Bharatavani / CSTT Fundamental Administrative Terminology (2015),source_document
impediment,बाधा,Bharatavani / CSTT Fundamental Administrative Terminology (2015),source_document
imperative,बाददो,Bharatavani / CSTT Fundamental Administrative Terminology (2015),source_document
impersonation,प्रति रोपोन,Bharatavani / CSTT Fundamental Administrative Terminology (2015),source_document
implement,लागु,Bharatavani / CSTT Fundamental Administrative Terminology (2015),source_document
implicate,फाँसाव,Bharatavani / CSTT Fundamental Administrative Terminology (2015),source_document
implicit,निहात़,Bharatavani / CSTT Fundamental Administrative Terminology (2015),source_document
import,बाहरे खोन आगु,Bharatavani / CSTT Fundamental Administrative Terminology (2015),source_document
important,लाकतीयानाः,Bharatavani / CSTT Fundamental Administrative Terminology (2015),source_document
importer,आगुयिच,Bharatavani / CSTT Fundamental Administrative Terminology (2015),source_document
impost,मासुल,Bharatavani / CSTT Fundamental Administrative Terminology (2015),source_document
impound,हे सारी होचो,Bharatavani / CSTT Fundamental Administrative Terminology (2015),source_document
impression,छाप,Bharatavani / CSTT Fundamental Administrative Terminology (2015),source_document
imprest,माडाङ दायी,Bharatavani / CSTT Fundamental Administrative Terminology (2015),source_document
improper,बे उचित,Bharatavani / CSTT Fundamental Administrative Terminology (2015),source_document
improve,सुघराव,Bharatavani / CSTT Fundamental Administrative Terminology (2015),source_document
improvement,सध ु ार,Bharatavani / CSTT Fundamental Administrative Terminology (2015),source_document
improvisation,कामी चालाः बेबसथा,Bharatavani / CSTT Fundamental Administrative Terminology (2015),source_document
impute,बदनाम,Bharatavani / CSTT Fundamental Administrative Terminology (2015),source_document
in abeyance,चालाः गिच ्,Bharatavani / CSTT Fundamental Administrative Terminology (2015),source_document
inability,बेलेक,Bharatavani / CSTT Fundamental Administrative Terminology (2015),source_document
inaccessible,सेटेर खोन बाहरे,Bharatavani / CSTT Fundamental Administrative Terminology (2015),source_document
inadmissible,बाङ रे बेन,Bharatavani / CSTT Fundamental Administrative Terminology (2015),source_document
inadvertently,बाङ बाडायिच,Bharatavani / CSTT Fundamental Administrative Terminology (2015),source_document
inauguration,उडाव़,Bharatavani / CSTT Fundamental Administrative Terminology (2015),source_document
in cash,नगद,Bharatavani / CSTT Fundamental Administrative Terminology (2015),source_document
incentive,सारहाव,Bharatavani / CSTT Fundamental Administrative Terminology (2015),source_document
incidental,टाटका घोटोन,Bharatavani / CSTT Fundamental Administrative Terminology (2015),source_document
inclination,1. झुकाव 2. रिझाव,Bharatavani / CSTT Fundamental Administrative Terminology (2015),source_document
inclusive,साँवते,Bharatavani / CSTT Fundamental Administrative Terminology (2015),source_document
incognito,बे बाटाय,Bharatavani / CSTT Fundamental Administrative Terminology (2015),source_document
income,आय,Bharatavani / CSTT Fundamental Administrative Terminology (2015),source_document
income tax,आय रे नाः खाजना,Bharatavani / CSTT Fundamental Administrative Terminology (2015),source_document
income tax clearance certif-,आय खाजना साकाम,Bharatavani / CSTT Fundamental Administrative Terminology (2015),source_document
income tax return,आय खाजना बिबरनी,Bharatavani / CSTT Fundamental Administrative Terminology (2015),source_document
incoming,भीतिर सेन हिजःु,Bharatavani / CSTT Fundamental Administrative Terminology (2015),source_document
incompetency,बे दाड़ेयान,Bharatavani / CSTT Fundamental Administrative Terminology (2015),source_document
incompetent,कोम जोर,Bharatavani / CSTT Fundamental Administrative Terminology (2015),source_document
incomplete,1. आतरा 2. बाङ पुराव,Bharatavani / CSTT Fundamental Administrative Terminology (2015),source_document
inconclusive,1. बे ठावका 2. बे फायसाला,Bharatavani / CSTT Fundamental Administrative Terminology (2015),source_document
incongruous,बे जुताः,Bharatavani / CSTT Fundamental Administrative Terminology (2015),source_document
inconsistency,बे गाताक,Bharatavani / CSTT Fundamental Administrative Terminology (2015),source_document
inconvenience,असुविधा,Bharatavani / CSTT Fundamental Administrative Terminology (2015),source_document
incorporated,मेसाल,Bharatavani / CSTT Fundamental Administrative Terminology (2015),source_document
incorrect,भल ु,Bharatavani / CSTT Fundamental Administrative Terminology (2015),source_document
incredible,बाङ पातियावाः,Bharatavani / CSTT Fundamental Administrative Terminology (2015),source_document
increment,बेतन बाङहाव,Bharatavani / CSTT Fundamental Administrative Terminology (2015),source_document
incumbent,पद हाताव,Bharatavani / CSTT Fundamental Administrative Terminology (2015),source_document
incumbrance,भार हाताव,Bharatavani / CSTT Fundamental Administrative Terminology (2015),source_document
indemnification,खुतिपुरोन,Bharatavani / CSTT Fundamental Administrative Terminology (2015),source_document
indent,कोयसाकाम,Bharatavani / CSTT Fundamental Administrative Terminology (2015),source_document
independence day,फुरगाल़ माहा,Bharatavani / CSTT Fundamental Administrative Terminology (2015),source_document
independent,फुरगाल़,Bharatavani / CSTT Fundamental Administrative Terminology (2015),source_document
index,सूची साकाम,Bharatavani / CSTT Fundamental Administrative Terminology (2015),source_document
index card,सूची को,Bharatavani / CSTT Fundamental Administrative Terminology (2015),source_document
indication,ईसारा़,Bharatavani / CSTT Fundamental Administrative Terminology (2015),source_document
indict,अभ्यारोपिक,Bharatavani / CSTT Fundamental Administrative Terminology (2015),source_document
indifference,1. लेगड़ोच 2. लिच़ाङ,Bharatavani / CSTT Fundamental Administrative Terminology (2015),source_document
indirect,1. बे सोझे 2. उलटा ते,Bharatavani / CSTT Fundamental Administrative Terminology (2015),source_document
indiscipline,बे मानाव-बाताव,Bharatavani / CSTT Fundamental Administrative Terminology (2015),source_document
indiscretion,बे बुझु,Bharatavani / CSTT Fundamental Administrative Terminology (2015),source_document
indiscriminate,आँधा-धत ु ्,Bharatavani / CSTT Fundamental Administrative Terminology (2015),source_document
indisputable,बे बिबाद,Bharatavani / CSTT Fundamental Administrative Terminology (2015),source_document
indistinct,बे पुसटाव,Bharatavani / CSTT Fundamental Administrative Terminology (2015),source_document
indorsement,1. साहटा रे आँकाव 2. साहता लेका,Bharatavani / CSTT Fundamental Administrative Terminology (2015),source_document
individual,1. एकला 2. होड़,Bharatavani / CSTT Fundamental Administrative Terminology (2015),source_document
induction,1. बोलो मेसा 2. जावरा,Bharatavani / CSTT Fundamental Administrative Terminology (2015),source_document
in duplicate,दोसार कोपी साँव,Bharatavani / CSTT Fundamental Administrative Terminology (2015),source_document
industrialization,बिरिद कामी,Bharatavani / CSTT Fundamental Administrative Terminology (2015),source_document
industrial staff,बिरिद कामिया को,Bharatavani / CSTT Fundamental Administrative Terminology (2015),source_document
industrious,अव्यवसायी,Bharatavani / CSTT Fundamental Administrative Terminology (2015),source_document
industry,बिरिद 2. कारखाना,Bharatavani / CSTT Fundamental Administrative Terminology (2015),source_document
inefficiency,बाङ दाङे,Bharatavani / CSTT Fundamental Administrative Terminology (2015),source_document
inequity,बे सोमान,Bharatavani / CSTT Fundamental Administrative Terminology (2015),source_document
inevitable,कारोन बोस 2. सोमभबबाङ,Bharatavani / CSTT Fundamental Administrative Terminology (2015),source_document
inexpedient,बे सोमान,Bharatavani / CSTT Fundamental Administrative Terminology (2015),source_document
inexperienced,बाङ बाडायिच,Bharatavani / CSTT Fundamental Administrative Terminology (2015),source_document
in fact,सारि तेत ्,Bharatavani / CSTT Fundamental Administrative Terminology (2015),source_document
infection,सोङक्रामोक,Bharatavani / CSTT Fundamental Administrative Terminology (2015),source_document
inferior,लातार,Bharatavani / CSTT Fundamental Administrative Terminology (2015),source_document
infirmity,बे दाड़ेयान,Bharatavani / CSTT Fundamental Administrative Terminology (2015),source_document
inflation,पासनाव 2. आँड़गो-राकाप 3. दोन,Bharatavani / CSTT Fundamental Administrative Terminology (2015),source_document
inflation rate,आँड़गो राकाप दोले,Bharatavani / CSTT Fundamental Administrative Terminology (2015),source_document
influential,प्रभाव साली,Bharatavani / CSTT Fundamental Administrative Terminology (2015),source_document
informal,नाहाः सेचेत,Bharatavani / CSTT Fundamental Administrative Terminology (2015),source_document
information,1. सूचना 2. बाडाय एम ्,Bharatavani / CSTT Fundamental Administrative Terminology (2015),source_document
infrastructure,बुनियाद बेनाव,Bharatavani / CSTT Fundamental Administrative Terminology (2015),source_document
infringe,1. बाङ बाताव 2. दोन पारोम,Bharatavani / CSTT Fundamental Administrative Terminology (2015),source_document
infringement,बे बाताव,Bharatavani / CSTT Fundamental Administrative Terminology (2015),source_document
infructuous,बे आर्ज,Bharatavani / CSTT Fundamental Administrative Terminology (2015),source_document
inherent,1. आपनार केत ् 2. आलगा,Bharatavani / CSTT Fundamental Administrative Terminology (2015),source_document
inherit,हे ज आगुः कान,Bharatavani / CSTT Fundamental Administrative Terminology (2015),source_document
initial,एतोहोब,Bharatavani / CSTT Fundamental Administrative Terminology (2015),source_document
initials,एतोहोब सेचेत,Bharatavani / CSTT Fundamental Administrative Terminology (2015),source_document
initiate,एतोहोब कामी,Bharatavani / CSTT Fundamental Administrative Terminology (2015),source_document
injuction,आदे स,Bharatavani / CSTT Fundamental Administrative Terminology (2015),source_document
injury,1. हानि 2. खुति 3. बाजाव,Bharatavani / CSTT Fundamental Administrative Terminology (2015),source_document
inland letter,ओनतोर दे सीय साकाम,Bharatavani / CSTT Fundamental Administrative Terminology (2015),source_document
inoculation,टिका एम ्,Bharatavani / CSTT Fundamental Administrative Terminology (2015),source_document
input,1. खोरोच एम ् 2. लागाव,Bharatavani / CSTT Fundamental Administrative Terminology (2015),source_document
inquiry,1. कुपुली 2. तोदोनतो,Bharatavani / CSTT Fundamental Administrative Terminology (2015),source_document
insert,आपनारे त,Bharatavani / CSTT Fundamental Administrative Terminology (2015),source_document
insight,भीतरी ञेंल,Bharatavani / CSTT Fundamental Administrative Terminology (2015),source_document
inspect,पानते,Bharatavani / CSTT Fundamental Administrative Terminology (2015),source_document
inspector,पानतेयिच,Bharatavani / CSTT Fundamental Administrative Terminology (2015),source_document
instability,बे रिहिट,Bharatavani / CSTT Fundamental Administrative Terminology (2015),source_document
installation,गाँवताहाः,Bharatavani / CSTT Fundamental Administrative Terminology (2015),source_document
instalment,किसती ते,Bharatavani / CSTT Fundamental Administrative Terminology (2015),source_document
instigate,उसकाव,Bharatavani / CSTT Fundamental Administrative Terminology (2015),source_document
instigation,उसकाव,Bharatavani / CSTT Fundamental Administrative Terminology (2015),source_document
institute,आसड़ा,Bharatavani / CSTT Fundamental Administrative Terminology (2015),source_document
instruction,1. हिदायोत 2. दिसा उदःु,Bharatavani / CSTT Fundamental Administrative Terminology (2015),source_document
instrument,1. हातियार 2. ओलाः,Bharatavani / CSTT Fundamental Administrative Terminology (2015),source_document
insubordination,ओबेसता,Bharatavani / CSTT Fundamental Administrative Terminology (2015),source_document
insurance,बीमा,Bharatavani / CSTT Fundamental Administrative Terminology (2015),source_document
insure,1. बीमा एम ् 2. दाँव,Bharatavani / CSTT Fundamental Administrative Terminology (2015),source_document
integral,बे हाटिञ,Bharatavani / CSTT Fundamental Administrative Terminology (2015),source_document
integration,1. बे रापुद 2. मितठे न,Bharatavani / CSTT Fundamental Administrative Terminology (2015),source_document
integrity,1. सारितेत ् 2. बे रापुद,Bharatavani / CSTT Fundamental Administrative Terminology (2015),source_document
intelligible,बाडाय तेयाः,Bharatavani / CSTT Fundamental Administrative Terminology (2015),source_document
intensive,लोगोन कामी,Bharatavani / CSTT Fundamental Administrative Terminology (2015),source_document
intent,आसोय,Bharatavani / CSTT Fundamental Administrative Terminology (2015),source_document
interaction,भीतीर कामी,Bharatavani / CSTT Fundamental Administrative Terminology (2015),source_document
inter alia,भीतीर रे नाः काया,Bharatavani / CSTT Fundamental Administrative Terminology (2015),source_document
inter-departmental,भीतरी बिभाग,Bharatavani / CSTT Fundamental Administrative Terminology (2015),source_document
interest,सुद,Bharatavani / CSTT Fundamental Administrative Terminology (2015),source_document
interfere,दोखोल,Bharatavani / CSTT Fundamental Administrative Terminology (2015),source_document
interim,1. भीतरी रे नाः 2. भीतीर,Bharatavani / CSTT Fundamental Administrative Terminology (2015),source_document
interim order,भीतीर आदे स,Bharatavani / CSTT Fundamental Administrative Terminology (2015),source_document
interim relief,भीतीर गोड़ो,Bharatavani / CSTT Fundamental Administrative Terminology (2015),source_document
interim report,भीतीर रिपोट,Bharatavani / CSTT Fundamental Administrative Terminology (2015),source_document
intermediate,1. ताला-माला 2. इनटार पास,Bharatavani / CSTT Fundamental Administrative Terminology (2015),source_document
intermediate college,इनटार मेडियेट कालेज,Bharatavani / CSTT Fundamental Administrative Terminology (2015),source_document
intern,चेदोः गिच,Bharatavani / CSTT Fundamental Administrative Terminology (2015),source_document
internal,भीतरी तेयाः,Bharatavani / CSTT Fundamental Administrative Terminology (2015),source_document
international law,जेगेत रे नाः आ़न,Bharatavani / CSTT Fundamental Administrative Terminology (2015),source_document
internship,चेदोः लेकाना,Bharatavani / CSTT Fundamental Administrative Terminology (2015),source_document
interpolation,बागियाद आय,Bharatavani / CSTT Fundamental Administrative Terminology (2015),source_document
interpretation,भेद भाँगाव,Bharatavani / CSTT Fundamental Administrative Terminology (2015),source_document
interrogate,कुकली कुली,Bharatavani / CSTT Fundamental Administrative Terminology (2015),source_document
interrupt,एसेद,Bharatavani / CSTT Fundamental Administrative Terminology (2015),source_document
interruption,1. आकोट 2. रुक़ाव,Bharatavani / CSTT Fundamental Administrative Terminology (2015),source_document
inter se,आकिन तालारे,Bharatavani / CSTT Fundamental Administrative Terminology (2015),source_document
intervene,तालारे ताँहेन,Bharatavani / CSTT Fundamental Administrative Terminology (2015),source_document
intervention,तालारे पाड़ाय,Bharatavani / CSTT Fundamental Administrative Terminology (2015),source_document
interview,1. कुपली रोपोड़ 2. ञाँपाम रोपोड़,Bharatavani / CSTT Fundamental Administrative Terminology (2015),source_document
interviewee,ञाँपाम रोपोडिये,Bharatavani / CSTT Fundamental Administrative Terminology (2015),source_document
interviewer,ञाँपान रोपोड़ हातावईच,Bharatavani / CSTT Fundamental Administrative Terminology (2015),source_document
intimate,खोबोर एम,Bharatavani / CSTT Fundamental Administrative Terminology (2015),source_document
intimation,खोबोर,Bharatavani / CSTT Fundamental Administrative Terminology (2015),source_document
intimidation,1. धोमकाव 2. बोतोर होचो,Bharatavani / CSTT Fundamental Administrative Terminology (2015),source_document
intolerance,बे साहावाः,Bharatavani / CSTT Fundamental Administrative Terminology (2015),source_document
intoxication,निसा,Bharatavani / CSTT Fundamental Administrative Terminology (2015),source_document
intricacy,1. कठिन 2. जुटिलाः,Bharatavani / CSTT Fundamental Administrative Terminology (2015),source_document
intricate,जुटिल,Bharatavani / CSTT Fundamental Administrative Terminology (2015),source_document
introduce,उपरुम एम ्,Bharatavani / CSTT Fundamental Administrative Terminology (2015),source_document
introduction,उपरुम ्,Bharatavani / CSTT Fundamental Administrative Terminology (2015),source_document
invalid,"ओमान्य 2. बाङ बाताव, ओमानोत",Bharatavani / CSTT Fundamental Administrative Terminology (2015),source_document
invalidity,बाङ केटे जाः,Bharatavani / CSTT Fundamental Administrative Terminology (2015),source_document
invariably,जाव गी,Bharatavani / CSTT Fundamental Administrative Terminology (2015),source_document
investigation,1. खोज तोलास 2. पानते,Bharatavani / CSTT Fundamental Administrative Terminology (2015),source_document
investment,पूजी लागाव,Bharatavani / CSTT Fundamental Administrative Terminology (2015),source_document
invitation,नेवता,Bharatavani / CSTT Fundamental Administrative Terminology (2015),source_document
involuntary,बे ईचछा,Bharatavani / CSTT Fundamental Administrative Terminology (2015),source_document
involved,1. मेसा 2. जोड़ाव,Bharatavani / CSTT Fundamental Administrative Terminology (2015),source_document
ipso facto,आपनार ते,Bharatavani / CSTT Fundamental Administrative Terminology (2015),source_document
ipso jure,बाडाय तेयाः,Bharatavani / CSTT Fundamental Administrative Terminology (2015),source_document
irrational,बुझाव बानुः,Bharatavani / CSTT Fundamental Administrative Terminology (2015),source_document
irrecoverable,बे साघाव,Bharatavani / CSTT Fundamental Administrative Terminology (2015),source_document
irregular,छाड़ बिड़ हिजुः,Bharatavani / CSTT Fundamental Administrative Terminology (2015),source_document
irrelevant,बाङ मेसायिज,Bharatavani / CSTT Fundamental Administrative Terminology (2015),source_document
irresponsible,बे दादी 2. बे जिममा,Bharatavani / CSTT Fundamental Administrative Terminology (2015),source_document
irrevocable,1. अटल 2. बे टालाव,Bharatavani / CSTT Fundamental Administrative Terminology (2015),source_document
issue,1. ओडोक 2. जारी 3. भेजा,Bharatavani / CSTT Fundamental Administrative Terminology (2015),source_document
issue order,खालास 2. ओडाके रे नाः आदे स,Bharatavani / CSTT Fundamental Administrative Terminology (2015),source_document
issue price,ओ़डोक् दाम,Bharatavani / CSTT Fundamental Administrative Terminology (2015),source_document
item,1. बाबोद 2. जिनिस,Bharatavani / CSTT Fundamental Administrative Terminology (2015),source_document
job,"1. कामी, ़ 2. चाकरी ़",Bharatavani / CSTT Fundamental Administrative Terminology (2015),source_document
job description,कामी ़ विवरोन,Bharatavani / CSTT Fundamental Administrative Terminology (2015),source_document
job evaluation,कामी ़ तुलाजोखा,Bharatavani / CSTT Fundamental Administrative Terminology (2015),source_document
job freeze,कामी ़ ओकते,Bharatavani / CSTT Fundamental Administrative Terminology (2015),source_document
job hunting,1. च़ाकरी पान्ते 2. कामी ़ पान्ते,Bharatavani / CSTT Fundamental Administrative Terminology (2015),source_document
jobless,1. बेरोजगार 2. बाङरोचकार,Bharatavani / CSTT Fundamental Administrative Terminology (2015),source_document
job-oriented,कामी ़ बाबोत ्,Bharatavani / CSTT Fundamental Administrative Terminology (2015),source_document
job rotation,कामी ़ आचुरलेकाते,Bharatavani / CSTT Fundamental Administrative Terminology (2015),source_document
job satisfaction,कामी ़ खस ु ीः,Bharatavani / CSTT Fundamental Administrative Terminology (2015),source_document
job security,कामी ़ जोगाव,Bharatavani / CSTT Fundamental Administrative Terminology (2015),source_document
job specification,1. कामी ़ हाटिञ ़ 2. कामी ़ गुनाऩ,Bharatavani / CSTT Fundamental Administrative Terminology (2015),source_document
job study,कामी ़ पाड़हाव,Bharatavani / CSTT Fundamental Administrative Terminology (2015),source_document
job work,कायच ् कायच ् कामी ़,Bharatavani / CSTT Fundamental Administrative Terminology (2015),source_document
join,1. कामी ़ रे साब 2. मेसा,Bharatavani / CSTT Fundamental Administrative Terminology (2015),source_document
joining date,कामी ़ माहित ़ ् साब,Bharatavani / CSTT Fundamental Administrative Terminology (2015),source_document
joining pay,कामी ़ साब दोरमाहा,Bharatavani / CSTT Fundamental Administrative Terminology (2015),source_document
joining period,कामी ़ साब ओकते,Bharatavani / CSTT Fundamental Administrative Terminology (2015),source_document
joining report,कामीसाब रिपोर्ट,Bharatavani / CSTT Fundamental Administrative Terminology (2015),source_document
joining time,कामी ़ साब सोमोय,Bharatavani / CSTT Fundamental Administrative Terminology (2015),source_document
joint,1. मित ् 2. मितठे न,Bharatavani / CSTT Fundamental Administrative Terminology (2015),source_document
joint account,मितठ्‌े न खाता,Bharatavani / CSTT Fundamental Administrative Terminology (2015),source_document
joint cadre,मित ् केडर,Bharatavani / CSTT Fundamental Administrative Terminology (2015),source_document
joint committee,मितठ्‌े न कुमुट,Bharatavani / CSTT Fundamental Administrative Terminology (2015),source_document
joint consultative committee,मितठ्‌े न गापालमाराव कुमुट,Bharatavani / CSTT Fundamental Administrative Terminology (2015),source_document
joint family,मित ्‌टाङ घारोंच ्,Bharatavani / CSTT Fundamental Administrative Terminology (2015),source_document
jointly,मितघ ्‌ ाव में,Bharatavani / CSTT Fundamental Administrative Terminology (2015),source_document
jointly and severally,मितघ ्‌ ाव ते आर ञेगारलेका ते,Bharatavani / CSTT Fundamental Administrative Terminology (2015),source_document
joint ownership,मितठ्‌े न होकनामा,Bharatavani / CSTT Fundamental Administrative Terminology (2015),source_document
joint responsibility,मितघ ्‌ ाव ते दायी ़,Bharatavani / CSTT Fundamental Administrative Terminology (2015),source_document
joint venture,मितघ ्‌ ाव ते ओपोतोन,Bharatavani / CSTT Fundamental Administrative Terminology (2015),source_document
journal,1. पाथाम कागोच ् 2. खोबोरकागोच ्,Bharatavani / CSTT Fundamental Administrative Terminology (2015),source_document
journalist,1. पाथामिया 2. खोबोरिया,Bharatavani / CSTT Fundamental Administrative Terminology (2015),source_document
judgement,1. निर्णय 2. ठावका ़ ़,Bharatavani / CSTT Fundamental Administrative Terminology (2015),source_document
judicial,आदालत,Bharatavani / CSTT Fundamental Administrative Terminology (2015),source_document
judicial custody,आदालत हाजोत,Bharatavani / CSTT Fundamental Administrative Terminology (2015),source_document
judicial enquiry,आदालत जांच,Bharatavani / CSTT Fundamental Administrative Terminology (2015),source_document
judicial notice,आदालत नोटिस,Bharatavani / CSTT Fundamental Administrative Terminology (2015),source_document
judicial power,आदलत दाड़े,Bharatavani / CSTT Fundamental Administrative Terminology (2015),source_document
judicial service,आदलत कामी ़,Bharatavani / CSTT Fundamental Administrative Terminology (2015),source_document
judiciary,न्यायपालिका,Bharatavani / CSTT Fundamental Administrative Terminology (2015),source_document
judicious,नायलेकाते,Bharatavani / CSTT Fundamental Administrative Terminology (2015),source_document
junior administrative grade,लातार सासोनिया घाप,Bharatavani / CSTT Fundamental Administrative Terminology (2015),source_document
junior clerk,लातार कर्लक,Bharatavani / CSTT Fundamental Administrative Terminology (2015),source_document
junior in rank,रे नक रे लातार,Bharatavani / CSTT Fundamental Administrative Terminology (2015),source_document
juniority,लातारोः,Bharatavani / CSTT Fundamental Administrative Terminology (2015),source_document
junior most,लातारउतारिच ्,Bharatavani / CSTT Fundamental Administrative Terminology (2015),source_document
junior scale,लातारउताराः ़ वेतन,Bharatavani / CSTT Fundamental Administrative Terminology (2015),source_document
jurisdiction,1. अधिकारिता 2. श्रेताजिकार ़,Bharatavani / CSTT Fundamental Administrative Terminology (2015),source_document
just,ठिक,Bharatavani / CSTT Fundamental Administrative Terminology (2015),source_document
justice,न्यायमूर्ति,Bharatavani / CSTT Fundamental Administrative Terminology (2015),source_document
justiciable,कोट रे गालमाराव लेकानाः,Bharatavani / CSTT Fundamental Administrative Terminology (2015),source_document
justify,साफाईएम,Bharatavani / CSTT Fundamental Administrative Terminology (2015),source_document
key,1. आसोल 2. चाबी,Bharatavani / CSTT Fundamental Administrative Terminology (2015),source_document
keynote address,1. आसोलतेदाः रोड़ 2. एतोहोपर्‌ोड़,Bharatavani / CSTT Fundamental Administrative Terminology (2015),source_document
kick back,थाइया पारोम,Bharatavani / CSTT Fundamental Administrative Terminology (2015),source_document
kin,सुर,Bharatavani / CSTT Fundamental Administrative Terminology (2015),source_document
kith and kin,सुर सागाई ़,Bharatavani / CSTT Fundamental Administrative Terminology (2015),source_document
know-how,बाडाय-चेतल ्‌ ेका,Bharatavani / CSTT Fundamental Administrative Terminology (2015),source_document
knowledgeable,बाडायिच ्,Bharatavani / CSTT Fundamental Administrative Terminology (2015),source_document
labour,कामीया ़,Bharatavani / CSTT Fundamental Administrative Terminology (2015),source_document
labour charges,कामीया ़ दोरमाहा,Bharatavani / CSTT Fundamental Administrative Terminology (2015),source_document
labour contract,कामीया ़ ठिका,Bharatavani / CSTT Fundamental Administrative Terminology (2015),source_document
labour court,कामीया ़ कोर्ट,Bharatavani / CSTT Fundamental Administrative Terminology (2015),source_document
labour dispute,काम़ीया विवाद,Bharatavani / CSTT Fundamental Administrative Terminology (2015),source_document
labour force,कामीया ़ दाड़े,Bharatavani / CSTT Fundamental Administrative Terminology (2015),source_document
labour laws,कामीया ़ आ़न,Bharatavani / CSTT Fundamental Administrative Terminology (2015),source_document
labour room,कामीया ़ ओड़ा,Bharatavani / CSTT Fundamental Administrative Terminology (2015),source_document
labour union,कामीया ़ गाँवता,Bharatavani / CSTT Fundamental Administrative Terminology (2015),source_document
labour welfare,कामीया ़ भाला ़ ई़,Bharatavani / CSTT Fundamental Administrative Terminology (2015),source_document
land aquisition,हासा आरजाव,Bharatavani / CSTT Fundamental Administrative Terminology (2015),source_document
land mark,सिमा चिहना,Bharatavani / CSTT Fundamental Administrative Terminology (2015),source_document
land records,हासा खातयान,Bharatavani / CSTT Fundamental Administrative Terminology (2015),source_document
land reforms,हासा सघ ु राव,Bharatavani / CSTT Fundamental Administrative Terminology (2015),source_document
land revenue,मालगुजारी,Bharatavani / CSTT Fundamental Administrative Terminology (2015),source_document
land settlement,बदोबस्ती,Bharatavani / CSTT Fundamental Administrative Terminology (2015),source_document
land tenure,पट्टेदारी,Bharatavani / CSTT Fundamental Administrative Terminology (2015),source_document
land use certificate,हासा बेवहार रे नाः सारीसाकाम ़,Bharatavani / CSTT Fundamental Administrative Terminology (2015),source_document
large scale,माराङते,Bharatavani / CSTT Fundamental Administrative Terminology (2015),source_document
last date,मुचात़ ् माहित ़ ्,Bharatavani / CSTT Fundamental Administrative Terminology (2015),source_document
lasting,केटे च ्,Bharatavani / CSTT Fundamental Administrative Terminology (2015),source_document
lastly,मुच़ातर्‌े,Bharatavani / CSTT Fundamental Administrative Terminology (2015),source_document
last payment,मुचात़ दोरमाहा,Bharatavani / CSTT Fundamental Administrative Terminology (2015),source_document
late,गोयच ्,Bharatavani / CSTT Fundamental Administrative Terminology (2015),source_document
late attendance statement,तायोम हाजरी विवरण,Bharatavani / CSTT Fundamental Administrative Terminology (2015),source_document
late duty,तायोम डिवटी,Bharatavani / CSTT Fundamental Administrative Terminology (2015),source_document
late payment,तायोमते आम दोरमाहा,Bharatavani / CSTT Fundamental Administrative Terminology (2015),source_document
latest,नावानाः,Bharatavani / CSTT Fundamental Administrative Terminology (2015),source_document
laudable,सारहावाः,Bharatavani / CSTT Fundamental Administrative Terminology (2015),source_document
launch,1. आंड़गो 2. एतोहोप ्,Bharatavani / CSTT Fundamental Administrative Terminology (2015),source_document
law,काऩ ुन,Bharatavani / CSTT Fundamental Administrative Terminology (2015),source_document
law and order,कानुन आर वेवस्था,Bharatavani / CSTT Fundamental Administrative Terminology (2015),source_document
law breaker,आ़न राप़ ुदिच ्,Bharatavani / CSTT Fundamental Administrative Terminology (2015),source_document
lawsuit,1. वाद 2.आ़नकागोच ्,Bharatavani / CSTT Fundamental Administrative Terminology (2015),source_document
lawyer,वकील,Bharatavani / CSTT Fundamental Administrative Terminology (2015),source_document
layoff,कामीबोंद ़,Bharatavani / CSTT Fundamental Administrative Terminology (2015),source_document
layout,1. नोक् ‌सा 2. लोक् ‌सा,Bharatavani / CSTT Fundamental Administrative Terminology (2015),source_document
leader,1. नेता 2. आ़युरिच ्,Bharatavani / CSTT Fundamental Administrative Terminology (2015),source_document
leadership quality,आयुर रे नाः गुन,Bharatavani / CSTT Fundamental Administrative Terminology (2015),source_document
leaflet,पारे चा,Bharatavani / CSTT Fundamental Administrative Terminology (2015),source_document
leak,भेततेत लाय़,Bharatavani / CSTT Fundamental Administrative Terminology (2015),source_document
leap year,लिपइयार,Bharatavani / CSTT Fundamental Administrative Terminology (2015),source_document
learning,चेदोः,Bharatavani / CSTT Fundamental Administrative Terminology (2015),source_document
lease,पट्टा,Bharatavani / CSTT Fundamental Administrative Terminology (2015),source_document
leased accommodation,पट्टा ते ओड़ाः,Bharatavani / CSTT Fundamental Administrative Terminology (2015),source_document
leasehold,पट्टा ञाम,Bharatavani / CSTT Fundamental Administrative Terminology (2015),source_document
leaseholder,पट्टादार,Bharatavani / CSTT Fundamental Administrative Terminology (2015),source_document
leasing,लिजिंग,Bharatavani / CSTT Fundamental Administrative Terminology (2015),source_document
leave,1. छुट्टी 2. जिराव़,Bharatavani / CSTT Fundamental Administrative Terminology (2015),source_document
leave encashment,छुट्टी रे नाः टाकाएम,Bharatavani / CSTT Fundamental Administrative Terminology (2015),source_document
leave salary,छुट्टी रे नाः वेतन,Bharatavani / CSTT Fundamental Administrative Terminology (2015),source_document
leave vacancy,छुट्टी खाली,Bharatavani / CSTT Fundamental Administrative Terminology (2015),source_document
leave without pay,छुट्टी बेगोर दोरमाहा,Bharatavani / CSTT Fundamental Administrative Terminology (2015),source_document
leave with pay,छुट्टी साँवते दोरमाहा,Bharatavani / CSTT Fundamental Administrative Terminology (2015),source_document
lecture hall,लेकचार ओड़ाः,Bharatavani / CSTT Fundamental Administrative Terminology (2015),source_document
ledger,खाता बही,Bharatavani / CSTT Fundamental Administrative Terminology (2015),source_document
ledger balance,खाता सारे यच ्,Bharatavani / CSTT Fundamental Administrative Terminology (2015),source_document
legacy,1. आ़इन 2. कानन ु,Bharatavani / CSTT Fundamental Administrative Terminology (2015),source_document
legal,1. सारीयाः ़ 2. कानुनी,Bharatavani / CSTT Fundamental Administrative Terminology (2015),source_document
legality,सारीते ़ त्,Bharatavani / CSTT Fundamental Administrative Terminology (2015),source_document
legalization,सारीयाकात ्,Bharatavani / CSTT Fundamental Administrative Terminology (2015),source_document
legally,कानन ु ी लेकाते,Bharatavani / CSTT Fundamental Administrative Terminology (2015),source_document
legal practice,वकालत,Bharatavani / CSTT Fundamental Administrative Terminology (2015),source_document
legatee,वसीयतदार,Bharatavani / CSTT Fundamental Administrative Terminology (2015),source_document
legible,पाड़हाव योग्य,Bharatavani / CSTT Fundamental Administrative Terminology (2015),source_document
legislative,विधान मंडल,Bharatavani / CSTT Fundamental Administrative Terminology (2015),source_document
legislative business,सारीते ़ त्,Bharatavani / CSTT Fundamental Administrative Terminology (2015),source_document
legitimate,1. आनलकाते 2. विधि सम्मत,Bharatavani / CSTT Fundamental Administrative Terminology (2015),source_document
leisure,फुरसोत,Bharatavani / CSTT Fundamental Administrative Terminology (2015),source_document
lenicncy,लिवड़ुच ्,Bharatavani / CSTT Fundamental Administrative Terminology (2015),source_document
lessee,पट्टेदार,Bharatavani / CSTT Fundamental Administrative Terminology (2015),source_document
letter,1. चिठी 2. आखोर,Bharatavani / CSTT Fundamental Administrative Terminology (2015),source_document
letter pad,चिठी पेड,Bharatavani / CSTT Fundamental Administrative Terminology (2015),source_document
levy,1. दे ना 2. लेवी,Bharatavani / CSTT Fundamental Administrative Terminology (2015),source_document
liability,दे नायिच ्,Bharatavani / CSTT Fundamental Administrative Terminology (2015),source_document
liable,1. दायी 2. जिम्मेदार,Bharatavani / CSTT Fundamental Administrative Terminology (2015),source_document
liaison,सागा ़ ई़,Bharatavani / CSTT Fundamental Administrative Terminology (2015),source_document
library,पुथी गोदाम,Bharatavani / CSTT Fundamental Administrative Terminology (2015),source_document
licence,लाइसेन्स,Bharatavani / CSTT Fundamental Administrative Terminology (2015),source_document
licence holder,लाइसेन्सदार,Bharatavani / CSTT Fundamental Administrative Terminology (2015),source_document
licensed,लाइसेन्सञाम,Bharatavani / CSTT Fundamental Administrative Terminology (2015),source_document
licensee,लाईसेन्सदोहोयिच ्,Bharatavani / CSTT Fundamental Administrative Terminology (2015),source_document
lien,1. लियन 2. छुट्टी,Bharatavani / CSTT Fundamental Administrative Terminology (2015),source_document
life certificate,जियोन सिद साकाम,Bharatavani / CSTT Fundamental Administrative Terminology (2015),source_document
limit,1. सीमा 2. आ़इन,Bharatavani / CSTT Fundamental Administrative Terminology (2015),source_document
limitation,1. सीमा 2. ओकते,Bharatavani / CSTT Fundamental Administrative Terminology (2015),source_document
limited,काटीच ़ ्,Bharatavani / CSTT Fundamental Administrative Terminology (2015),source_document
limited concern,काटीच ़ ् गोड़ोएम,Bharatavani / CSTT Fundamental Administrative Terminology (2015),source_document
limited liability,काटीच ़ ् एम,Bharatavani / CSTT Fundamental Administrative Terminology (2015),source_document
limited tender,काटीच ़ ् ठिका ़,Bharatavani / CSTT Fundamental Administrative Terminology (2015),source_document
link,1. जोनोड़ 2. सम्बन्ध 3. सागाई़,Bharatavani / CSTT Fundamental Administrative Terminology (2015),source_document
linked,जोड़ाव,Bharatavani / CSTT Fundamental Administrative Terminology (2015),source_document
linked file,जोड़ाव फाइल,Bharatavani / CSTT Fundamental Administrative Terminology (2015),source_document
link language,जोनोड़ाव पारसी ़,Bharatavani / CSTT Fundamental Administrative Terminology (2015),source_document
liquidated damages,ठावकावाकात ़ ् लोक् ‌सान,Bharatavani / CSTT Fundamental Administrative Terminology (2015),source_document
liquidation,ठावकावाकात ़ ्,Bharatavani / CSTT Fundamental Administrative Terminology (2015),source_document
liquidator,ठावकाविच ़ ्,Bharatavani / CSTT Fundamental Administrative Terminology (2015),source_document
list,1. लिस्ट 2. सूची 3. उनद ु ःु,Bharatavani / CSTT Fundamental Administrative Terminology (2015),source_document
list of business,कामी ़ सूची,Bharatavani / CSTT Fundamental Administrative Terminology (2015),source_document
literate,आखोर उरूम,Bharatavani / CSTT Fundamental Administrative Terminology (2015),source_document
litigant,मोकोरदोमा,Bharatavani / CSTT Fundamental Administrative Terminology (2015),source_document
litigation,मोकोरदोमाबाजी,Bharatavani / CSTT Fundamental Administrative Terminology (2015),source_document
livery allowance,आंगरोप ् भत्ता,Bharatavani / CSTT Fundamental Administrative Terminology (2015),source_document
livestock,1. पशुधन 2. जियालीघोन,Bharatavani / CSTT Fundamental Administrative Terminology (2015),source_document
living standard,जीयोन रे ना घाप,Bharatavani / CSTT Fundamental Administrative Terminology (2015),source_document
living wage,बाञचावोः रे नाः कुड़ाई,Bharatavani / CSTT Fundamental Administrative Terminology (2015),source_document
loading,1. लादान 2. लादे,Bharatavani / CSTT Fundamental Administrative Terminology (2015),source_document
loan,1. कर्ज 2. ऋण,Bharatavani / CSTT Fundamental Administrative Terminology (2015),source_document
loaner,कर्जहाताविच ्,Bharatavani / CSTT Fundamental Administrative Terminology (2015),source_document
loaning department,कर्जएम विभाग,Bharatavani / CSTT Fundamental Administrative Terminology (2015),source_document
lobby,1. लॉबी 2. पाहटा,Bharatavani / CSTT Fundamental Administrative Terminology (2015),source_document
lobbying,शोःड़ोको जोगाड़,Bharatavani / CSTT Fundamental Administrative Terminology (2015),source_document
lock in period,एसेत ् रे नाः ओकते,Bharatavani / CSTT Fundamental Administrative Terminology (2015),source_document
lock out,एसेतउतार,Bharatavani / CSTT Fundamental Administrative Terminology (2015),source_document
locus standi,आजोम रे नाः होक,Bharatavani / CSTT Fundamental Administrative Terminology (2015),source_document
lodging,1. ताहें नळॉव 2. ओड़ाः,Bharatavani / CSTT Fundamental Administrative Terminology (2015),source_document
log book,कामी रे नाः पुथी,Bharatavani / CSTT Fundamental Administrative Terminology (2015),source_document
logic,1. तोरको 2. तोरको सासतोर,Bharatavani / CSTT Fundamental Administrative Terminology (2015),source_document
logo,1. उइहार चिन्हा 2. लोगो,Bharatavani / CSTT Fundamental Administrative Terminology (2015),source_document
long distance call,सागिञ ़ खोन होहो,Bharatavani / CSTT Fundamental Administrative Terminology (2015),source_document
long hand,ती तेयाः ओल,Bharatavani / CSTT Fundamental Administrative Terminology (2015),source_document
lot,1. खेप 2. आ़डीगान,Bharatavani / CSTT Fundamental Administrative Terminology (2015),source_document
lower,लातारगातार,Bharatavani / CSTT Fundamental Administrative Terminology (2015),source_document
lowest rate,लातार रे नाः दोरे,Bharatavani / CSTT Fundamental Administrative Terminology (2015),source_document
low grade,1. लातार चानाच 2. लातार घाप,Bharatavani / CSTT Fundamental Administrative Terminology (2015),source_document
loyal,पातयावान ़,Bharatavani / CSTT Fundamental Administrative Terminology (2015),source_document
lump sum,मितघ ्‌ ावते,Bharatavani / CSTT Fundamental Administrative Terminology (2015),source_document
lumpsum grant,मितघ ्‌ ावते गोड़ो टाका एम,Bharatavani / CSTT Fundamental Administrative Terminology (2015),source_document
machinery,मिसिनारी,Bharatavani / CSTT Fundamental Administrative Terminology (2015),source_document
machinery of government,सासोन मिसिनरि,Bharatavani / CSTT Fundamental Administrative Terminology (2015),source_document
magazine,पाथाम,Bharatavani / CSTT Fundamental Administrative Terminology (2015),source_document
mailing list,डाक सूची,Bharatavani / CSTT Fundamental Administrative Terminology (2015),source_document
maintain,1. दोहो 2. बेनावकाते दोहो,Bharatavani / CSTT Fundamental Administrative Terminology (2015),source_document
maintenance,दोहो,Bharatavani / CSTT Fundamental Administrative Terminology (2015),source_document
major,1. सेंड़ा 2. माराङ,Bharatavani / CSTT Fundamental Administrative Terminology (2015),source_document
majority,आ़डी साँगे,Bharatavani / CSTT Fundamental Administrative Terminology (2015),source_document
major works,माराङकामी ़,Bharatavani / CSTT Fundamental Administrative Terminology (2015),source_document
make up,कामी ़ पुराव़,Bharatavani / CSTT Fundamental Administrative Terminology (2015),source_document
maladjustment,1. बाङसापाहोब 2. बाड़िच सांबाव,Bharatavani / CSTT Fundamental Administrative Terminology (2015),source_document
maladministration,बाडिच ़ ् सासोन,Bharatavani / CSTT Fundamental Administrative Terminology (2015),source_document
malafide,बाड़िच ् उइहाऱ,Bharatavani / CSTT Fundamental Administrative Terminology (2015),source_document
malice,आ़डिस उइहाऱ,Bharatavani / CSTT Fundamental Administrative Terminology (2015),source_document
malpractice,बाड़िच बेवहार,Bharatavani / CSTT Fundamental Administrative Terminology (2015),source_document
maltreatment,बाड़िच ् आचार,Bharatavani / CSTT Fundamental Administrative Terminology (2015),source_document
management,बेवस्थारिनक ्‌ ो,Bharatavani / CSTT Fundamental Administrative Terminology (2015),source_document
manager,बेवस्थायिच ्,Bharatavani / CSTT Fundamental Administrative Terminology (2015),source_document
mandate,1. आज्ञा 2. भेजायिच ्,Bharatavani / CSTT Fundamental Administrative Terminology (2015),source_document
mandatory,1. आडाएमोगिच ् 2. लाकतीयाः,Bharatavani / CSTT Fundamental Administrative Terminology (2015),source_document
mandays,कामी ़ दिन,Bharatavani / CSTT Fundamental Administrative Terminology (2015),source_document
manhours,कामीटाडाङ़,Bharatavani / CSTT Fundamental Administrative Terminology (2015),source_document
manifesto,घोषणा पत्त,Bharatavani / CSTT Fundamental Administrative Terminology (2015),source_document
manipulation,तीतेयाः कामी ़,Bharatavani / CSTT Fundamental Administrative Terminology (2015),source_document
manoeuvre,दाँवपें च ्,Bharatavani / CSTT Fundamental Administrative Terminology (2015),source_document
manpower,होड़कोवाः दाड़े,Bharatavani / CSTT Fundamental Administrative Terminology (2015),source_document
man-to-man ranking,हापाटिञ,Bharatavani / CSTT Fundamental Administrative Terminology (2015),source_document
manual,1. पुस्तिका 2. आ़नआ़री,Bharatavani / CSTT Fundamental Administrative Terminology (2015),source_document
manual labour,होड़मोते कामी ़,Bharatavani / CSTT Fundamental Administrative Terminology (2015),source_document
manufacture,बेनाव,Bharatavani / CSTT Fundamental Administrative Terminology (2015),source_document
manufacturer,बेनाविच ्,Bharatavani / CSTT Fundamental Administrative Terminology (2015),source_document
manuscript,तीते ओलाः,Bharatavani / CSTT Fundamental Administrative Terminology (2015),source_document
map,नकसा,Bharatavani / CSTT Fundamental Administrative Terminology (2015),source_document
margin,1. गार 2. घारे,Bharatavani / CSTT Fundamental Administrative Terminology (2015),source_document
marginal,1. फोरोक 2. कोमते,Bharatavani / CSTT Fundamental Administrative Terminology (2015),source_document
marital status,बापल ्‌ ा रे नाः स्थिति,Bharatavani / CSTT Fundamental Administrative Terminology (2015),source_document
marketing,किरिञते,Bharatavani / CSTT Fundamental Administrative Terminology (2015),source_document
marketing economy,बाजार रे कावडी ़ व्यवस्था,Bharatavani / CSTT Fundamental Administrative Terminology (2015),source_document
mark,चिह्‌ ना,Bharatavani / CSTT Fundamental Administrative Terminology (2015),source_document
marksheet,एलेख साकाम,Bharatavani / CSTT Fundamental Administrative Terminology (2015),source_document
marks obtained,ञामाकात एलेख,Bharatavani / CSTT Fundamental Administrative Terminology (2015),source_document
mass,1. मितघ ्‌ ावते 2. आड़ीमाराङते,Bharatavani / CSTT Fundamental Administrative Terminology (2015),source_document
mass communication,होड़ गापालमाराव,Bharatavani / CSTT Fundamental Administrative Terminology (2015),source_document
mass consumption,माराङते भोगाव,Bharatavani / CSTT Fundamental Administrative Terminology (2015),source_document
mass immunization,माराङते उइहाऱ,Bharatavani / CSTT Fundamental Administrative Terminology (2015),source_document
mass media,होड़ तालारे गापालमारावको,Bharatavani / CSTT Fundamental Administrative Terminology (2015),source_document
mass production,आ़डी आरजाव,Bharatavani / CSTT Fundamental Administrative Terminology (2015),source_document
master file,मास्टरफाईल,Bharatavani / CSTT Fundamental Administrative Terminology (2015),source_document
master of ceremonies,मास्टर जावरा,Bharatavani / CSTT Fundamental Administrative Terminology (2015),source_document
master plan,मास्टर पल ्‌ ान,Bharatavani / CSTT Fundamental Administrative Terminology (2015),source_document
matching grant,ओनकालेका गोड़ो एम,Bharatavani / CSTT Fundamental Administrative Terminology (2015),source_document
material,सामान,Bharatavani / CSTT Fundamental Administrative Terminology (2015),source_document
maternity,1. जानाम ओड़ाः 2. गिदराजानाम ़,Bharatavani / CSTT Fundamental Administrative Terminology (2015),source_document
maternity leave,जानाम छुट्टी,Bharatavani / CSTT Fundamental Administrative Terminology (2015),source_document
matriculate,मैट्रिक पास,Bharatavani / CSTT Fundamental Administrative Terminology (2015),source_document
matrimonial,बापल ्‌ ायिच ्,Bharatavani / CSTT Fundamental Administrative Terminology (2015),source_document
mature,1. केटे च 2. पाकोट,Bharatavani / CSTT Fundamental Administrative Terminology (2015),source_document
maturity date,पाकोट माहित ़,Bharatavani / CSTT Fundamental Administrative Terminology (2015),source_document
maximum,बाड़तींकाते,Bharatavani / CSTT Fundamental Administrative Terminology (2015),source_document
means,उपाय़,Bharatavani / CSTT Fundamental Administrative Terminology (2015),source_document
measure,1. माप 2. जोखा,Bharatavani / CSTT Fundamental Administrative Terminology (2015),source_document
measurement,माप,Bharatavani / CSTT Fundamental Administrative Terminology (2015),source_document
measures,उपाय़,Bharatavani / CSTT Fundamental Administrative Terminology (2015),source_document
mechanic,मिसत््‌ री,Bharatavani / CSTT Fundamental Administrative Terminology (2015),source_document
mechanical,1. यांत्रिक 2. योंत्र,Bharatavani / CSTT Fundamental Administrative Terminology (2015),source_document
mechanism,1. तंत्र 2. कामी ़ आ़री,Bharatavani / CSTT Fundamental Administrative Terminology (2015),source_document
media,1. तालमा 2. तालाते,Bharatavani / CSTT Fundamental Administrative Terminology (2015),source_document
mediate,तालमालायिच ्,Bharatavani / CSTT Fundamental Administrative Terminology (2015),source_document
medical,1. ओझा 2. रारानिच ्,Bharatavani / CSTT Fundamental Administrative Terminology (2015),source_document
medical benefit,रारानरे नालाभ ़,Bharatavani / CSTT Fundamental Administrative Terminology (2015),source_document
medical examination,निपुट होड़मो जाँच,Bharatavani / CSTT Fundamental Administrative Terminology (2015),source_document
medico-legal,रानोः रे ना नियम,Bharatavani / CSTT Fundamental Administrative Terminology (2015),source_document
medium,1. तालमा 2. तालाते,Bharatavani / CSTT Fundamental Administrative Terminology (2015),source_document
meeting in camera,सिञओड़ाः रे दप ु ुड़ु प ्,Bharatavani / CSTT Fundamental Administrative Terminology (2015),source_document
member,रासिमा ़,Bharatavani / CSTT Fundamental Administrative Terminology (2015),source_document
memo,1. उइहारसाकाम 2. ज्ञापन,Bharatavani / CSTT Fundamental Administrative Terminology (2015),source_document
memorial,1. उइहाराः 2. मुड़हुत ्,Bharatavani / CSTT Fundamental Administrative Terminology (2015),source_document
mental ability,मोनेरेना योगमान,Bharatavani / CSTT Fundamental Administrative Terminology (2015),source_document
menu,जोमाः को,Bharatavani / CSTT Fundamental Administrative Terminology (2015),source_document
merger,मेसा,Bharatavani / CSTT Fundamental Administrative Terminology (2015),source_document
merit,1. गुन 2. योगमान,Bharatavani / CSTT Fundamental Administrative Terminology (2015),source_document
merit list,योगमान रे नाः कामी ़ सूची,Bharatavani / CSTT Fundamental Administrative Terminology (2015),source_document
meritorious,गन ु मान,Bharatavani / CSTT Fundamental Administrative Terminology (2015),source_document
merits,गुनानहोड़,Bharatavani / CSTT Fundamental Administrative Terminology (2015),source_document
merit scholarship,गुनान गोड़ोटाका आम,Bharatavani / CSTT Fundamental Administrative Terminology (2015),source_document
message,खोबोर,Bharatavani / CSTT Fundamental Administrative Terminology (2015),source_document
method,विधि,Bharatavani / CSTT Fundamental Administrative Terminology (2015),source_document
methodology,कामीहोरा,Bharatavani / CSTT Fundamental Administrative Terminology (2015),source_document
metropolitan area,माराङ नागार टोठा,Bharatavani / CSTT Fundamental Administrative Terminology (2015),source_document
middle income group,ताला आय चानाच ्,Bharatavani / CSTT Fundamental Administrative Terminology (2015),source_document
middleman,1. रायबार 2. तालायिच ्,Bharatavani / CSTT Fundamental Administrative Terminology (2015),source_document
midwifery,जानामहोचो रे नाः बिरदा,Bharatavani / CSTT Fundamental Administrative Terminology (2015),source_document
migrant,बाहरे रे न,Bharatavani / CSTT Fundamental Administrative Terminology (2015),source_document
mileage,1. सागिञ 2. लाभ,Bharatavani / CSTT Fundamental Administrative Terminology (2015),source_document
militancy,हुलगारिया चरित,Bharatavani / CSTT Fundamental Administrative Terminology (2015),source_document
millennium,सायसायसेरमाकिया,Bharatavani / CSTT Fundamental Administrative Terminology (2015),source_document
miniature,1. काटिच ़ ् 2. हुडिञ,Bharatavani / CSTT Fundamental Administrative Terminology (2015),source_document
minimum,काटिच ़ ् खोन काटिच ़ ्,Bharatavani / CSTT Fundamental Administrative Terminology (2015),source_document
mining,खादान,Bharatavani / CSTT Fundamental Administrative Terminology (2015),source_document
ministerial,लिपिकामीयो ़,Bharatavani / CSTT Fundamental Administrative Terminology (2015),source_document
ministry,1. मंत्रालय 2. विचारओड़ा,Bharatavani / CSTT Fundamental Administrative Terminology (2015),source_document
minor,1. गिदऱा 2. काटिच ़ ्,Bharatavani / CSTT Fundamental Administrative Terminology (2015),source_document
minority,काटिच ् को,Bharatavani / CSTT Fundamental Administrative Terminology (2015),source_document
minor works,काटिच ़ ् कामी ़,Bharatavani / CSTT Fundamental Administrative Terminology (2015),source_document
minutes,मिनट्स,Bharatavani / CSTT Fundamental Administrative Terminology (2015),source_document
misappropriation,बाड़िच ् बेवहारकामी ़,Bharatavani / CSTT Fundamental Administrative Terminology (2015),source_document
misbehaviour,बाड़िच ् कामी ़,Bharatavani / CSTT Fundamental Administrative Terminology (2015),source_document
miscarriage of justice,नाय राप़ त ु ्,Bharatavani / CSTT Fundamental Administrative Terminology (2015),source_document
miscellaneous,1. बाड़तीया 2. आरतेयाःको,Bharatavani / CSTT Fundamental Administrative Terminology (2015),source_document
mischief,उतप्‌ ात ्,Bharatavani / CSTT Fundamental Administrative Terminology (2015),source_document
misclassification,बाड़िच भेनेगेत ्,Bharatavani / CSTT Fundamental Administrative Terminology (2015),source_document
misconduct,बाड़िचक ्‌ ़ामी,Bharatavani / CSTT Fundamental Administrative Terminology (2015),source_document
mislead,1. एड़ेयाः 2. गुमराह,Bharatavani / CSTT Fundamental Administrative Terminology (2015),source_document
mismanagement,बाड़िच ् बेवहार,Bharatavani / CSTT Fundamental Administrative Terminology (2015),source_document
misrepresentation,बाड़िच बेवहारएम,Bharatavani / CSTT Fundamental Administrative Terminology (2015),source_document
misstatement of facts,बाड़िच ् तेतत े ् रोड़,Bharatavani / CSTT Fundamental Administrative Terminology (2015),source_document
misunderstanding,भुलते,Bharatavani / CSTT Fundamental Administrative Terminology (2015),source_document
misuse,बाड़िचबेभार,Bharatavani / CSTT Fundamental Administrative Terminology (2015),source_document
mixed economy,मेसाल कावडी व्यवस्था,Bharatavani / CSTT Fundamental Administrative Terminology (2015),source_document
mob,भीड़,Bharatavani / CSTT Fundamental Administrative Terminology (2015),source_document
mobile,1. हिजूः सेनागाः 2. मोबाइल,Bharatavani / CSTT Fundamental Administrative Terminology (2015),source_document
mobility,चालातआका,Bharatavani / CSTT Fundamental Administrative Terminology (2015),source_document
mode,1. ढोंग 2. तरीका,Bharatavani / CSTT Fundamental Administrative Terminology (2015),source_document
model,1. मॉडल 2. सामाङ,Bharatavani / CSTT Fundamental Administrative Terminology (2015),source_document
moderator,ञेञेलिच ्,Bharatavani / CSTT Fundamental Administrative Terminology (2015),source_document
modification,आरुफेराव,Bharatavani / CSTT Fundamental Administrative Terminology (2015),source_document
modus operandi,कामी ़ होरा,Bharatavani / CSTT Fundamental Administrative Terminology (2015),source_document
monetary grant,कावडीगोड़ो टाका एम,Bharatavani / CSTT Fundamental Administrative Terminology (2015),source_document
money,1. कावडी ़ 2. टाका,Bharatavani / CSTT Fundamental Administrative Terminology (2015),source_document
monitor,ञेञेलचि ्,Bharatavani / CSTT Fundamental Administrative Terminology (2015),source_document
monogamy,मित ्‌टाङगे बापल ्‌ ा ‌,Bharatavani / CSTT Fundamental Administrative Terminology (2015),source_document
monogram,1. मोनोग्राम 2. खाटोते चिहना,Bharatavani / CSTT Fundamental Administrative Terminology (2015),source_document
monopoly,मितह्‌ ोड़ाःहोक,Bharatavani / CSTT Fundamental Administrative Terminology (2015),source_document
monotony,मितव्‌िचार,Bharatavani / CSTT Fundamental Administrative Terminology (2015),source_document
monthly tour diary,चाँदोकिया दांडाऩ डायरी,Bharatavani / CSTT Fundamental Administrative Terminology (2015),source_document
month to month,चाँदो के चाँदो,Bharatavani / CSTT Fundamental Administrative Terminology (2015),source_document
moral,नैतिक,Bharatavani / CSTT Fundamental Administrative Terminology (2015),source_document
morale,होसला,Bharatavani / CSTT Fundamental Administrative Terminology (2015),source_document
moral turpitude,नैतिक अधमता,Bharatavani / CSTT Fundamental Administrative Terminology (2015),source_document
moratorium,लाताररिन,Bharatavani / CSTT Fundamental Administrative Terminology (2015),source_document
mortality,शोयच ् रे नाः दर,Bharatavani / CSTT Fundamental Administrative Terminology (2015),source_document
mortgage,बोंघोक,Bharatavani / CSTT Fundamental Administrative Terminology (2015),source_document
most confidential,आ़डी उकूवाः,Bharatavani / CSTT Fundamental Administrative Terminology (2015),source_document
mother tongue,जानाम पारसी,Bharatavani / CSTT Fundamental Administrative Terminology (2015),source_document
motion,प्रस्ताव,Bharatavani / CSTT Fundamental Administrative Terminology (2015),source_document
motion study,आ़डी पाड़हाव,Bharatavani / CSTT Fundamental Administrative Terminology (2015),source_document
motivation,अभिप्रेरणे,Bharatavani / CSTT Fundamental Administrative Terminology (2015),source_document
motive,1. कारोन 2. जोस 3. उद्देश्य,Bharatavani / CSTT Fundamental Administrative Terminology (2015),source_document
motto,नापायकाथा,Bharatavani / CSTT Fundamental Administrative Terminology (2015),source_document
mouthpiece,1. रोरोड़ा 2. मावतपिस,Bharatavani / CSTT Fundamental Administrative Terminology (2015),source_document
movable,चालावाः,Bharatavani / CSTT Fundamental Administrative Terminology (2015),source_document
move,प्रस्वाव दोहो,Bharatavani / CSTT Fundamental Administrative Terminology (2015),source_document
movement,लाड़ावना,Bharatavani / CSTT Fundamental Administrative Terminology (2015),source_document
multifarious (duties),आ़डीकामी ़,Bharatavani / CSTT Fundamental Administrative Terminology (2015),source_document
multipurpose,आ़डीलेकानाः,Bharatavani / CSTT Fundamental Administrative Terminology (2015),source_document
municipal tax,नगरपालीकाकर,Bharatavani / CSTT Fundamental Administrative Terminology (2015),source_document
museum,जाँवराआकान सामान ओड़ाः,Bharatavani / CSTT Fundamental Administrative Terminology (2015),source_document
muster roll,1. हिजूःरे ना पुस्तिका 2. हाजरी खाता,Bharatavani / CSTT Fundamental Administrative Terminology (2015),source_document
mutation,ञुतुम बोदोल,Bharatavani / CSTT Fundamental Administrative Terminology (2015),source_document
mutatis mutandis,जाँहातिनाः लाकती ़,Bharatavani / CSTT Fundamental Administrative Terminology (2015),source_document
mutual understanding,आपनार तालारे बुपुझाव़,Bharatavani / CSTT Fundamental Administrative Terminology (2015),source_document
name card,ञुतुम कार्ड,Bharatavani / CSTT Fundamental Administrative Terminology (2015),source_document
narcotic,द्रव्य,Bharatavani / CSTT Fundamental Administrative Terminology (2015),source_document
narrative apporaisal,बिछनावाते ़ ओल,Bharatavani / CSTT Fundamental Administrative Terminology (2015),source_document
narrator,रोरोड़िच ्,Bharatavani / CSTT Fundamental Administrative Terminology (2015),source_document
nation,राषट्र्‍,Bharatavani / CSTT Fundamental Administrative Terminology (2015),source_document
national,राष ्‍ट्रीय,Bharatavani / CSTT Fundamental Administrative Terminology (2015),source_document
nationalism,राषट्र्‍ वाद,Bharatavani / CSTT Fundamental Administrative Terminology (2015),source_document
nationality,राष ्‍ट्रीयता,Bharatavani / CSTT Fundamental Administrative Terminology (2015),source_document
nationalization,राष ्‍ट्रीयकरण,Bharatavani / CSTT Fundamental Administrative Terminology (2015),source_document
national language,राषट्र्‍ भाषा,Bharatavani / CSTT Fundamental Administrative Terminology (2015),source_document
national savings certificate,राष ्‍ट्रीय वचत पत्र,Bharatavani / CSTT Fundamental Administrative Terminology (2015),source_document
native,1. मल ू निवासी 2. बन ु य़ादी,Bharatavani / CSTT Fundamental Administrative Terminology (2015),source_document
natural,प्राकृतिक,Bharatavani / CSTT Fundamental Administrative Terminology (2015),source_document
naturalization,दे शियकरण,Bharatavani / CSTT Fundamental Administrative Terminology (2015),source_document
naval force,दाजाहाज रे न फाद़,Bharatavani / CSTT Fundamental Administrative Terminology (2015),source_document
navigable,बाङञामोः,Bharatavani / CSTT Fundamental Administrative Terminology (2015),source_document
navigation,नौचालन,Bharatavani / CSTT Fundamental Administrative Terminology (2015),source_document
nayes,बाङ,Bharatavani / CSTT Fundamental Administrative Terminology (2015),source_document
necessary action,लाकती कामी ़,Bharatavani / CSTT Fundamental Administrative Terminology (2015),source_document
needful,1. लाकतीयाना 2. जरुरी,Bharatavani / CSTT Fundamental Administrative Terminology (2015),source_document
negative,बाङआनाः,Bharatavani / CSTT Fundamental Administrative Terminology (2015),source_document
neglect,हिरखा,Bharatavani / CSTT Fundamental Administrative Terminology (2015),source_document
negligence,बाङञामो,Bharatavani / CSTT Fundamental Administrative Terminology (2015),source_document
negligible,बाङ ञामोगाः,Bharatavani / CSTT Fundamental Administrative Terminology (2015),source_document
negotiability,परक्राम्यता,Bharatavani / CSTT Fundamental Administrative Terminology (2015),source_document
negotiable instrument,परक्राम्य लिखत,Bharatavani / CSTT Fundamental Administrative Terminology (2015),source_document
negotiation,गालमाराव,Bharatavani / CSTT Fundamental Administrative Terminology (2015),source_document
negotiator,गालमाराविच ्,Bharatavani / CSTT Fundamental Administrative Terminology (2015),source_document
nepotism,भाई-भातीजा,Bharatavani / CSTT Fundamental Administrative Terminology (2015),source_document
net,1. जालाम 2. फारचा,Bharatavani / CSTT Fundamental Administrative Terminology (2015),source_document
net investment,फारचा कारबार,Bharatavani / CSTT Fundamental Administrative Terminology (2015),source_document
neutral,तालामालियिच ्,Bharatavani / CSTT Fundamental Administrative Terminology (2015),source_document
news,खोबोर,Bharatavani / CSTT Fundamental Administrative Terminology (2015),source_document
newsletter,खोबोर आखोर,Bharatavani / CSTT Fundamental Administrative Terminology (2015),source_document
newspaper,खोबोर कागोच ्,Bharatavani / CSTT Fundamental Administrative Terminology (2015),source_document
news reader,खोबोर पाड़हाविच ्,Bharatavani / CSTT Fundamental Administrative Terminology (2015),source_document
next of kin,सुर सागा ़ ई़,Bharatavani / CSTT Fundamental Administrative Terminology (2015),source_document
night duty,ञिदा होरहोयिच,Bharatavani / CSTT Fundamental Administrative Terminology (2015),source_document
nil report,सुन्य रिपोट,Bharatavani / CSTT Fundamental Administrative Terminology (2015),source_document
no admission,भितरी बोलोन मानागेया,Bharatavani / CSTT Fundamental Administrative Terminology (2015),source_document
no demand certificate,बेबाकी प्रमाण साकाम,Bharatavani / CSTT Fundamental Administrative Terminology (2015),source_document
nomenclature,ञुतुमको,Bharatavani / CSTT Fundamental Administrative Terminology (2015),source_document
nominal cost,ञुतुमानाः दाम,Bharatavani / CSTT Fundamental Administrative Terminology (2015),source_document
nominal value,ञुतुमानाः गोनोङ,Bharatavani / CSTT Fundamental Administrative Terminology (2015),source_document
nominate,बाछनाव,Bharatavani / CSTT Fundamental Administrative Terminology (2015),source_document
nomination,बाछनाव साकाम पेरेच ्,Bharatavani / CSTT Fundamental Administrative Terminology (2015),source_document
nominee,बाछनाविच ्,Bharatavani / CSTT Fundamental Administrative Terminology (2015),source_document
non-age,कोम बोयोस,Bharatavani / CSTT Fundamental Administrative Terminology (2015),source_document
non-contributory,बाङ गोड़ो एम,Bharatavani / CSTT Fundamental Administrative Terminology (2015),source_document
non-essential,बाङ लाकतीयाः,Bharatavani / CSTT Fundamental Administrative Terminology (2015),source_document
non-gazetted,बाङ राजपत्रित,Bharatavani / CSTT Fundamental Administrative Terminology (2015),source_document
non-interest bearing,बाङ व्याज छाड़,Bharatavani / CSTT Fundamental Administrative Terminology (2015),source_document
non-judicial,बाङ न्यायिकतर,Bharatavani / CSTT Fundamental Administrative Terminology (2015),source_document
non-ministrial,बाङलिपिक बर्गीय,Bharatavani / CSTT Fundamental Administrative Terminology (2015),source_document
non-negotiable,बाङ गालमाराविच ्,Bharatavani / CSTT Fundamental Administrative Terminology (2015),source_document
non-official,बाङ आफिसरे नाः,Bharatavani / CSTT Fundamental Administrative Terminology (2015),source_document
non-payment,बाङ एम,Bharatavani / CSTT Fundamental Administrative Terminology (2015),source_document
non-payment certificate,बाङ एम आकान सिदसाकाम,Bharatavani / CSTT Fundamental Administrative Terminology (2015),source_document
non-practising allowance,बाङ एम आकान भत्ता,Bharatavani / CSTT Fundamental Administrative Terminology (2015),source_document
non-recurring expenditure,बाङ एम आकान खोरोच ्,Bharatavani / CSTT Fundamental Administrative Terminology (2015),source_document
non-refundable,बाङ आचुराः,Bharatavani / CSTT Fundamental Administrative Terminology (2015),source_document
non-statutory,बाङ नियोमाः,Bharatavani / CSTT Fundamental Administrative Terminology (2015),source_document
non-taxable income,बाङ कोर एमलेकान आय,Bharatavani / CSTT Fundamental Administrative Terminology (2015),source_document
non-technical post,बाङ टे कनीकल पोस्ट,Bharatavani / CSTT Fundamental Administrative Terminology (2015),source_document
non-traditional,बाङ परम्परागत,Bharatavani / CSTT Fundamental Administrative Terminology (2015),source_document
non-verbal communication,बाङ साबाद गालमाराव,Bharatavani / CSTT Fundamental Administrative Terminology (2015),source_document
no objection certificate,बाङ बिरोद सिद साकाम,Bharatavani / CSTT Fundamental Administrative Terminology (2015),source_document
"no profit, no loss","ना लाभ, ना हान",Bharatavani / CSTT Fundamental Administrative Terminology (2015),source_document
norm,प्रतिमानक,Bharatavani / CSTT Fundamental Administrative Terminology (2015),source_document
normal,सामान्य,Bharatavani / CSTT Fundamental Administrative Terminology (2015),source_document
no smoking,पुगीञू माना मेनाः आ,Bharatavani / CSTT Fundamental Administrative Terminology (2015),source_document
notable,आड़ी लाकतीयाः,Bharatavani / CSTT Fundamental Administrative Terminology (2015),source_document
note,नोट,Bharatavani / CSTT Fundamental Administrative Terminology (2015),source_document
notice,नोटिस,Bharatavani / CSTT Fundamental Administrative Terminology (2015),source_document
noticeable,उल्लेख लेखान घेयान एम लाकती,Bharatavani / CSTT Fundamental Administrative Terminology (2015),source_document
notification,अधिसूचना,Bharatavani / CSTT Fundamental Administrative Terminology (2015),source_document
notified area,अधिसूचित टोठा,Bharatavani / CSTT Fundamental Administrative Terminology (2015),source_document
noting and drafting,टिप्पणी आर ओलतोल,Bharatavani / CSTT Fundamental Administrative Terminology (2015),source_document
notional pay,उइहार दोरमाहा,Bharatavani / CSTT Fundamental Administrative Terminology (2015),source_document
not negotiable,बाङ गालमाराविच ्,Bharatavani / CSTT Fundamental Administrative Terminology (2015),source_document
not negotiable instrument,बाङ गालआराव ओल,Bharatavani / CSTT Fundamental Administrative Terminology (2015),source_document
nucleus,तालमा,Bharatavani / CSTT Fundamental Administrative Terminology (2015),source_document
null,अकृत,Bharatavani / CSTT Fundamental Administrative Terminology (2015),source_document
null and void,अकृत आर सुन,Bharatavani / CSTT Fundamental Administrative Terminology (2015),source_document
number,1. एलेख 2. लेखा,Bharatavani / CSTT Fundamental Administrative Terminology (2015),source_document
numbering,एलेखओल,Bharatavani / CSTT Fundamental Administrative Terminology (2015),source_document
numeral,एलखा,Bharatavani / CSTT Fundamental Administrative Terminology (2015),source_document
oath,किरया ़,Bharatavani / CSTT Fundamental Administrative Terminology (2015),source_document
oath of allegiance,नापाय किरया,Bharatavani / CSTT Fundamental Administrative Terminology (2015),source_document
oath of office,अफिस रे नाः किरया,Bharatavani / CSTT Fundamental Administrative Terminology (2015),source_document
obedience,नापायहोड़,Bharatavani / CSTT Fundamental Administrative Terminology (2015),source_document
obituary,लानाई,Bharatavani / CSTT Fundamental Administrative Terminology (2015),source_document
object,जिनिस,Bharatavani / CSTT Fundamental Administrative Terminology (2015),source_document
objection,1. दाबी 2. बिरोध,Bharatavani / CSTT Fundamental Administrative Terminology (2015),source_document
objective,उद्देश्य,Bharatavani / CSTT Fundamental Administrative Terminology (2015),source_document
objects and reasons,उद्देश्य आर कारण,Bharatavani / CSTT Fundamental Administrative Terminology (2015),source_document
obligatory,बाध्यकार,Bharatavani / CSTT Fundamental Administrative Terminology (2015),source_document
obscene,बाड़ीच ्,Bharatavani / CSTT Fundamental Administrative Terminology (2015),source_document
obscene gesture,बाड़ीच ् हावभाव,Bharatavani / CSTT Fundamental Administrative Terminology (2015),source_document
observer,ञेञेलिच ्,Bharatavani / CSTT Fundamental Administrative Terminology (2015),source_document
obsolete,अप्रचलित,Bharatavani / CSTT Fundamental Administrative Terminology (2015),source_document
obstruction,1. बाधा 2. आझाट,Bharatavani / CSTT Fundamental Administrative Terminology (2015),source_document
obvious,पस ु ्टाव़,Bharatavani / CSTT Fundamental Administrative Terminology (2015),source_document
occasional,1. जावगे 2. ओकतोरे,Bharatavani / CSTT Fundamental Administrative Terminology (2015),source_document
occupancy,दोखोल,Bharatavani / CSTT Fundamental Administrative Terminology (2015),source_document
occupant,दोखोलिच ्,Bharatavani / CSTT Fundamental Administrative Terminology (2015),source_document
occupation,1. घंघा 2. जिपक ्‌ ा,Bharatavani / CSTT Fundamental Administrative Terminology (2015),source_document
occupy,दोखोल,Bharatavani / CSTT Fundamental Administrative Terminology (2015),source_document
octroi duty,चुंगी,Bharatavani / CSTT Fundamental Administrative Terminology (2015),source_document
off day,छुट्टी रे नाः दिन,Bharatavani / CSTT Fundamental Administrative Terminology (2015),source_document
off duty,छुट्टी,Bharatavani / CSTT Fundamental Administrative Terminology (2015),source_document
offensive,रागी ़,Bharatavani / CSTT Fundamental Administrative Terminology (2015),source_document
offer,1. एम 2. प्रस्ताव,Bharatavani / CSTT Fundamental Administrative Terminology (2015),source_document
offer of appointment,बाहाल रे ना प्रस्ताव,Bharatavani / CSTT Fundamental Administrative Terminology (2015),source_document
office,ओफिस,Bharatavani / CSTT Fundamental Administrative Terminology (2015),source_document
office of profit,लाभ रे नाः पोद,Bharatavani / CSTT Fundamental Administrative Terminology (2015),source_document
official,सरकारी,Bharatavani / CSTT Fundamental Administrative Terminology (2015),source_document
officialdom,अधिकारीको,Bharatavani / CSTT Fundamental Administrative Terminology (2015),source_document
official duty,पोद रे नाः क़ामी,Bharatavani / CSTT Fundamental Administrative Terminology (2015),source_document
officialese,कामी रे नाः पारसी ़,Bharatavani / CSTT Fundamental Administrative Terminology (2015),source_document
official language,राजभाषा,Bharatavani / CSTT Fundamental Administrative Terminology (2015),source_document
officially,सरकारी,Bharatavani / CSTT Fundamental Administrative Terminology (2015),source_document
official report,सरकारी रिपोर्ट,Bharatavani / CSTT Fundamental Administrative Terminology (2015),source_document
official version,सरकारी काथा,Bharatavani / CSTT Fundamental Administrative Terminology (2015),source_document
officiating,बोदोलते ़ लागित ़ ् सेचेत ्,Bharatavani / CSTT Fundamental Administrative Terminology (2015),source_document
off the record,रे कोर्ड खोन बाहरे,Bharatavani / CSTT Fundamental Administrative Terminology (2015),source_document
ombudsman,लोकपाल,Bharatavani / CSTT Fundamental Administrative Terminology (2015),source_document
on account grant,लेखागत अनुदान,Bharatavani / CSTT Fundamental Administrative Terminology (2015),source_document
on demand,कायलेरे,Bharatavani / CSTT Fundamental Administrative Terminology (2015),source_document
on duty,कामी रे,Bharatavani / CSTT Fundamental Administrative Terminology (2015),source_document
one sided,मितध ्‌ ाऐ,Bharatavani / CSTT Fundamental Administrative Terminology (2015),source_document
on line,1. लाईनरे 2. थाररे,Bharatavani / CSTT Fundamental Administrative Terminology (2015),source_document
on-special duty,विशेष डियटी रे,Bharatavani / CSTT Fundamental Administrative Terminology (2015),source_document
on the job training,कामीलागित ़ सेचेत ्,Bharatavani / CSTT Fundamental Administrative Terminology (2015),source_document
onus,दायभार,Bharatavani / CSTT Fundamental Administrative Terminology (2015),source_document
open day,कामी दिन,Bharatavani / CSTT Fundamental Administrative Terminology (2015),source_document
open system,खुल व्यवस्था,Bharatavani / CSTT Fundamental Administrative Terminology (2015),source_document
opening,उठाव़,Bharatavani / CSTT Fundamental Administrative Terminology (2015),source_document
opening balance,एतोहोप ् सारे च ्,Bharatavani / CSTT Fundamental Administrative Terminology (2015),source_document
opening hours,झिज रे नाः ओकतो,Bharatavani / CSTT Fundamental Administrative Terminology (2015),source_document
open learning,पोलाते चेद,Bharatavani / CSTT Fundamental Administrative Terminology (2015),source_document
open letter,पोलाते साकाम,Bharatavani / CSTT Fundamental Administrative Terminology (2015),source_document
open university,खुला जेगेत बिरदागाड़,Bharatavani / CSTT Fundamental Administrative Terminology (2015),source_document
operating cost,बेनाव रे नाः खोरोच ्,Bharatavani / CSTT Fundamental Administrative Terminology (2015),source_document
operating staff,बेनाव रिन स्टाफ,Bharatavani / CSTT Fundamental Administrative Terminology (2015),source_document
operation,गेतकामी ़,Bharatavani / CSTT Fundamental Administrative Terminology (2015),source_document
operative,कामीको,Bharatavani / CSTT Fundamental Administrative Terminology (2015),source_document
opinion,राय,Bharatavani / CSTT Fundamental Administrative Terminology (2015),source_document
opposition,विरोध,Bharatavani / CSTT Fundamental Administrative Terminology (2015),source_document
option,1. छाड़ा 2. एतागाः,Bharatavani / CSTT Fundamental Administrative Terminology (2015),source_document
oral,मोचाते,Bharatavani / CSTT Fundamental Administrative Terminology (2015),source_document
order,आदे श,Bharatavani / CSTT Fundamental Administrative Terminology (2015),source_document
order cheque,आदे श चेक,Bharatavani / CSTT Fundamental Administrative Terminology (2015),source_document
order of reservation,आरक्षण हिसाब,Bharatavani / CSTT Fundamental Administrative Terminology (2015),source_document
ordinance,अध्यादे श,Bharatavani / CSTT Fundamental Administrative Terminology (2015),source_document
organization,गाँवता,Bharatavani / CSTT Fundamental Administrative Terminology (2015),source_document
organization chart,गाँवता चार्ट,Bharatavani / CSTT Fundamental Administrative Terminology (2015),source_document
organizer,गाँवता कामीयाको,Bharatavani / CSTT Fundamental Administrative Terminology (2015),source_document
oriented,लाई पासनाव,Bharatavani / CSTT Fundamental Administrative Terminology (2015),source_document
original,आसोल प्रति,Bharatavani / CSTT Fundamental Administrative Terminology (2015),source_document
original department,आसोल विभाग,Bharatavani / CSTT Fundamental Administrative Terminology (2015),source_document
original sale deed,आसोल आखिरिञ,Bharatavani / CSTT Fundamental Administrative Terminology (2015),source_document
ostensible owner,ञेलोगिच ् मालिक ़,Bharatavani / CSTT Fundamental Administrative Terminology (2015),source_document
outbreak,टाटका एतोहोप,Bharatavani / CSTT Fundamental Administrative Terminology (2015),source_document
outfit allowance,होरोरे नाः भत्ता,Bharatavani / CSTT Fundamental Administrative Terminology (2015),source_document
outgoing member,बाहरीचालाव रासिया,Bharatavani / CSTT Fundamental Administrative Terminology (2015),source_document
outgoing file,बाहरीचालाः फाइल,Bharatavani / CSTT Fundamental Administrative Terminology (2015),source_document
outlay,बाहरे खोरे च ्,Bharatavani / CSTT Fundamental Administrative Terminology (2015),source_document
outlet,ओडोक,Bharatavani / CSTT Fundamental Administrative Terminology (2015),source_document
outline,रुपदे खा,Bharatavani / CSTT Fundamental Administrative Terminology (2015),source_document
outlook,ञेल रे नाः,Bharatavani / CSTT Fundamental Administrative Terminology (2015),source_document
out of court,नायलोय बाहरे,Bharatavani / CSTT Fundamental Administrative Terminology (2015),source_document
out of date,पारोमेना,Bharatavani / CSTT Fundamental Administrative Terminology (2015),source_document
out of order,खाराप ्,Bharatavani / CSTT Fundamental Administrative Terminology (2015),source_document
out of print,बाङञामोः,Bharatavani / CSTT Fundamental Administrative Terminology (2015),source_document
out of turn,बाङआचरु ोः,Bharatavani / CSTT Fundamental Administrative Terminology (2015),source_document
out of turn allotment,बाघआचुरोः हाटिञ ़,Bharatavani / CSTT Fundamental Administrative Terminology (2015),source_document
outpost,सिमापोस्ट,Bharatavani / CSTT Fundamental Administrative Terminology (2015),source_document
output,आरजाव,Bharatavani / CSTT Fundamental Administrative Terminology (2015),source_document
outright purchase,मितध ्‌ ावते हाताव,Bharatavani / CSTT Fundamental Administrative Terminology (2015),source_document
outsource,बाहरे खोन,Bharatavani / CSTT Fundamental Administrative Terminology (2015),source_document
outstanding,बाकिया,Bharatavani / CSTT Fundamental Administrative Terminology (2015),source_document
over age,बाड़ती उमेर,Bharatavani / CSTT Fundamental Administrative Terminology (2015),source_document
overall,सानाम,Bharatavani / CSTT Fundamental Administrative Terminology (2015),source_document
overall deficit,सानाम घाटा,Bharatavani / CSTT Fundamental Administrative Terminology (2015),source_document
overall billing,सानाम बिल बेनाव,Bharatavani / CSTT Fundamental Administrative Terminology (2015),source_document
overcharge,सानाम भार एम,Bharatavani / CSTT Fundamental Administrative Terminology (2015),source_document
overdue,मारे नाः बाकिया,Bharatavani / CSTT Fundamental Administrative Terminology (2015),source_document
overestimate,बाड़ती खोरोच ् एम,Bharatavani / CSTT Fundamental Administrative Terminology (2015),source_document
overhead charge,बाड़ती चारोज,Bharatavani / CSTT Fundamental Administrative Terminology (2015),source_document
overlapping,बाड़ती खोरोचल ्‌ ाय़,Bharatavani / CSTT Fundamental Administrative Terminology (2015),source_document
overriding priority,बाड़ती एतोहोप ् माड़ाङ,Bharatavani / CSTT Fundamental Administrative Terminology (2015),source_document
over-rule,उलटाव़,Bharatavani / CSTT Fundamental Administrative Terminology (2015),source_document
oversight,चुक,Bharatavani / CSTT Fundamental Administrative Terminology (2015),source_document
overtime pay,बाड़तीसोमोय रे नाः बेतोन,Bharatavani / CSTT Fundamental Administrative Terminology (2015),source_document
overvaluation,बाड़ती कारबारञेल,Bharatavani / CSTT Fundamental Administrative Terminology (2015),source_document
ownership,मालिक ़,Bharatavani / CSTT Fundamental Administrative Terminology (2015),source_document
package,पैकेज,Bharatavani / CSTT Fundamental Administrative Terminology (2015),source_document
package deal,पैकेज सौदा,Bharatavani / CSTT Fundamental Administrative Terminology (2015),source_document
packing and marking,पैक,Bharatavani / CSTT Fundamental Administrative Terminology (2015),source_document
packing list,पैकिं गसुची,Bharatavani / CSTT Fundamental Administrative Terminology (2015),source_document
pact,बुपुझाव,Bharatavani / CSTT Fundamental Administrative Terminology (2015),source_document
paid,एम,Bharatavani / CSTT Fundamental Administrative Terminology (2015),source_document
paid up capital,एम आकान पंज ू ी,Bharatavani / CSTT Fundamental Administrative Terminology (2015),source_document
pamphlet,पैमफ्लेट,Bharatavani / CSTT Fundamental Administrative Terminology (2015),source_document
panel,पैनल,Bharatavani / CSTT Fundamental Administrative Terminology (2015),source_document
paper,कागोज,Bharatavani / CSTT Fundamental Administrative Terminology (2015),source_document
para,पैरा,Bharatavani / CSTT Fundamental Administrative Terminology (2015),source_document
paramount,परम,Bharatavani / CSTT Fundamental Administrative Terminology (2015),source_document
parent,आयो बाबा,Bharatavani / CSTT Fundamental Administrative Terminology (2015),source_document
parental,बाबाबाहता,Bharatavani / CSTT Fundamental Administrative Terminology (2015),source_document
parent office,आसोल कामी ़ ओड़ाः,Bharatavani / CSTT Fundamental Administrative Terminology (2015),source_document
par excellence,सानामखोन नापाय,Bharatavani / CSTT Fundamental Administrative Terminology (2015),source_document
pari passu,मितस ्‌ मानाः,Bharatavani / CSTT Fundamental Administrative Terminology (2015),source_document
parity,समानता,Bharatavani / CSTT Fundamental Administrative Terminology (2015),source_document
parliament,संसद,Bharatavani / CSTT Fundamental Administrative Terminology (2015),source_document
part,भाग,Bharatavani / CSTT Fundamental Administrative Terminology (2015),source_document
part file,भाग फाइल,Bharatavani / CSTT Fundamental Administrative Terminology (2015),source_document
partial,मितप्‌ ाहटाञेल,Bharatavani / CSTT Fundamental Administrative Terminology (2015),source_document
participate,भाग हाताविच ्,Bharatavani / CSTT Fundamental Administrative Terminology (2015),source_document
particular,खास,Bharatavani / CSTT Fundamental Administrative Terminology (2015),source_document
particulars,विवरण,Bharatavani / CSTT Fundamental Administrative Terminology (2015),source_document
partition,हाटिञ ़,Bharatavani / CSTT Fundamental Administrative Terminology (2015),source_document
partner,भागयारी,Bharatavani / CSTT Fundamental Administrative Terminology (2015),source_document
partnership deed,भागयार डीड,Bharatavani / CSTT Fundamental Administrative Terminology (2015),source_document
part payment,आधा दोरमाहाञाम,Bharatavani / CSTT Fundamental Administrative Terminology (2015),source_document
part-time,मितध ्‌ ाड़िकिच ्,Bharatavani / CSTT Fundamental Administrative Terminology (2015),source_document
party,पार्टी,Bharatavani / CSTT Fundamental Administrative Terminology (2015),source_document
par value,सोमान गोनोङ,Bharatavani / CSTT Fundamental Administrative Terminology (2015),source_document
pass,पास,Bharatavani / CSTT Fundamental Administrative Terminology (2015),source_document
passage,शुली होर,Bharatavani / CSTT Fundamental Administrative Terminology (2015),source_document
password,पासवर्ड,Bharatavani / CSTT Fundamental Administrative Terminology (2015),source_document
patent,पेटेन्ट,Bharatavani / CSTT Fundamental Administrative Terminology (2015),source_document
patron,पेटरोन,Bharatavani / CSTT Fundamental Administrative Terminology (2015),source_document
pay,वेतन,Bharatavani / CSTT Fundamental Administrative Terminology (2015),source_document
pay bill,वेतन बिल,Bharatavani / CSTT Fundamental Administrative Terminology (2015),source_document
pay certificate,वेतन सिदसाकाम,Bharatavani / CSTT Fundamental Administrative Terminology (2015),source_document
pay day,वेतन दिन,Bharatavani / CSTT Fundamental Administrative Terminology (2015),source_document
payee,1. ञामकेदाय 2. ञामिच ्,Bharatavani / CSTT Fundamental Administrative Terminology (2015),source_document
payer,एमोगिच ्,Bharatavani / CSTT Fundamental Administrative Terminology (2015),source_document
payment,एमएना,Bharatavani / CSTT Fundamental Administrative Terminology (2015),source_document
pay off,चुकाव,Bharatavani / CSTT Fundamental Administrative Terminology (2015),source_document
pay order,आदाय रे नाः आदाय,Bharatavani / CSTT Fundamental Administrative Terminology (2015),source_document
pay roll,वेतन कागोच ्,Bharatavani / CSTT Fundamental Administrative Terminology (2015),source_document
pay scale,वेतन मान,Bharatavani / CSTT Fundamental Administrative Terminology (2015),source_document
pecuniary,कावडी ़ बाबोत,Bharatavani / CSTT Fundamental Administrative Terminology (2015),source_document
penal,सासेत कामी ़,Bharatavani / CSTT Fundamental Administrative Terminology (2015),source_document
penal code,सासेत ् आन,Bharatavani / CSTT Fundamental Administrative Terminology (2015),source_document
penal interest,सासेत रे न सुद,Bharatavani / CSTT Fundamental Administrative Terminology (2015),source_document
penalize,1. दोंडएम 2. डाडोम एम,Bharatavani / CSTT Fundamental Administrative Terminology (2015),source_document
penalty,1. दोंड 2. डाडोम,Bharatavani / CSTT Fundamental Administrative Terminology (2015),source_document
pending,आकोट,Bharatavani / CSTT Fundamental Administrative Terminology (2015),source_document
pen down strike,कलम रे नाः हड़ताल,Bharatavani / CSTT Fundamental Administrative Terminology (2015),source_document
pension,पेन्सन,Bharatavani / CSTT Fundamental Administrative Terminology (2015),source_document
pensionable,पेन्सनी,Bharatavani / CSTT Fundamental Administrative Terminology (2015),source_document
pensioner,पेन्सन ञामिच ्,Bharatavani / CSTT Fundamental Administrative Terminology (2015),source_document
pension scheme,पेन्सन पान्था,Bharatavani / CSTT Fundamental Administrative Terminology (2015),source_document
per annum,सेरमा पिछी,Bharatavani / CSTT Fundamental Administrative Terminology (2015),source_document
per bearer,बाहोक होतेते,Bharatavani / CSTT Fundamental Administrative Terminology (2015),source_document
percent,सायकोड़ा,Bharatavani / CSTT Fundamental Administrative Terminology (2015),source_document
perennial,बारोमासिया,Bharatavani / CSTT Fundamental Administrative Terminology (2015),source_document
preferential purchase,माड़ाङते कामी ़,Bharatavani / CSTT Fundamental Administrative Terminology (2015),source_document
perform,कामीपुराव़,Bharatavani / CSTT Fundamental Administrative Terminology (2015),source_document
performance,कामी ़ पुराव़,Bharatavani / CSTT Fundamental Administrative Terminology (2015),source_document
period,1. ओकतोते 2. सोमोयते,Bharatavani / CSTT Fundamental Administrative Terminology (2015),source_document
periodical,बाथान कागोच ्,Bharatavani / CSTT Fundamental Administrative Terminology (2015),source_document
period under review,ञेल दोहड़ा रे नाः ओकतो,Bharatavani / CSTT Fundamental Administrative Terminology (2015),source_document
perjury,एड़े साखी,Bharatavani / CSTT Fundamental Administrative Terminology (2015),source_document
perks,बाङञामोगाः,Bharatavani / CSTT Fundamental Administrative Terminology (2015),source_document
permanent,थानित ्,Bharatavani / CSTT Fundamental Administrative Terminology (2015),source_document
per mensem,चाँदो पिछी,Bharatavani / CSTT Fundamental Administrative Terminology (2015),source_document
permissible,अनुज्ञेय,Bharatavani / CSTT Fundamental Administrative Terminology (2015),source_document
permission,अनुमती,Bharatavani / CSTT Fundamental Administrative Terminology (2015),source_document
permit,परमिट,Bharatavani / CSTT Fundamental Administrative Terminology (2015),source_document
permitted,परमिट ञाम,Bharatavani / CSTT Fundamental Administrative Terminology (2015),source_document
perpetual,चिरोदिन,Bharatavani / CSTT Fundamental Administrative Terminology (2015),source_document
perpetuity,शश्वतकाल,Bharatavani / CSTT Fundamental Administrative Terminology (2015),source_document
personal,निर्जेराः,Bharatavani / CSTT Fundamental Administrative Terminology (2015),source_document
personal assets,निजेरा सम्पत्ति,Bharatavani / CSTT Fundamental Administrative Terminology (2015),source_document
personal bond,निजेरा बोंडकागोच ्,Bharatavani / CSTT Fundamental Administrative Terminology (2015),source_document
personality,व्यक्तित्व,Bharatavani / CSTT Fundamental Administrative Terminology (2015),source_document
persona non grata,बाङलाकती ़ होड़,Bharatavani / CSTT Fundamental Administrative Terminology (2015),source_document
personnel,कामीयाको ़,Bharatavani / CSTT Fundamental Administrative Terminology (2015),source_document
personnel policy,कामी ़ रे नाः आन,Bharatavani / CSTT Fundamental Administrative Terminology (2015),source_document
perspective,परिप्रेक्ष्य,Bharatavani / CSTT Fundamental Administrative Terminology (2015),source_document
persuasion,बझ ु ाव़,Bharatavani / CSTT Fundamental Administrative Terminology (2015),source_document
pertinent,1. प्रासंगिक 2. लाकती,Bharatavani / CSTT Fundamental Administrative Terminology (2015),source_document
perusal,ञेल,Bharatavani / CSTT Fundamental Administrative Terminology (2015),source_document
petition,याचिका,Bharatavani / CSTT Fundamental Administrative Terminology (2015),source_document
petitioner,याचिका एमोगिच ्,Bharatavani / CSTT Fundamental Administrative Terminology (2015),source_document
phase,सामाङोः,Bharatavani / CSTT Fundamental Administrative Terminology (2015),source_document
photograph,फोटो,Bharatavani / CSTT Fundamental Administrative Terminology (2015),source_document
photostat,फोटोस्टेट,Bharatavani / CSTT Fundamental Administrative Terminology (2015),source_document
physical checking,होड़मो जांच,Bharatavani / CSTT Fundamental Administrative Terminology (2015),source_document
physical defect,होड़मो दोसी,Bharatavani / CSTT Fundamental Administrative Terminology (2015),source_document
physical education,व्यायाम सेचेत ्,Bharatavani / CSTT Fundamental Administrative Terminology (2015),source_document
physically handicapped,विकलांग,Bharatavani / CSTT Fundamental Administrative Terminology (2015),source_document
physical verification,सामाङ रे हें सारी,Bharatavani / CSTT Fundamental Administrative Terminology (2015),source_document
piecemeal,हाटिञ रे,Bharatavani / CSTT Fundamental Administrative Terminology (2015),source_document
piece rate,घाडिच दोर,Bharatavani / CSTT Fundamental Administrative Terminology (2015),source_document
pilgrim,तीर्थयात्री,Bharatavani / CSTT Fundamental Administrative Terminology (2015),source_document
pilot programme,माड़ाङ रे नाः कामी ़ होरा,Bharatavani / CSTT Fundamental Administrative Terminology (2015),source_document
placement service,स्थानन कामी ़,Bharatavani / CSTT Fundamental Administrative Terminology (2015),source_document
place of birth,जानाम ठांव,Bharatavani / CSTT Fundamental Administrative Terminology (2015),source_document
place of work,कामी ठांव,Bharatavani / CSTT Fundamental Administrative Terminology (2015),source_document
plaintiff,वादी,Bharatavani / CSTT Fundamental Administrative Terminology (2015),source_document
plan,पान्था,Bharatavani / CSTT Fundamental Administrative Terminology (2015),source_document
planning,1. आयोजोन 2. नियोजन,Bharatavani / CSTT Fundamental Administrative Terminology (2015),source_document
plant,1. बुदा 2. तोला,Bharatavani / CSTT Fundamental Administrative Terminology (2015),source_document
player,खेलेण्डिया,Bharatavani / CSTT Fundamental Administrative Terminology (2015),source_document
plea,तोरको,Bharatavani / CSTT Fundamental Administrative Terminology (2015),source_document
plebiscite,जनमत जावरा,Bharatavani / CSTT Fundamental Administrative Terminology (2015),source_document
pledge,पतिज्ञा एम,Bharatavani / CSTT Fundamental Administrative Terminology (2015),source_document
plenary session,पूरा अधिवेशन,Bharatavani / CSTT Fundamental Administrative Terminology (2015),source_document
plenipotentiary,पूरा अधिकार,Bharatavani / CSTT Fundamental Administrative Terminology (2015),source_document
plinth area,कुर्सी क्षेत्र,Bharatavani / CSTT Fundamental Administrative Terminology (2015),source_document
policy,नीति,Bharatavani / CSTT Fundamental Administrative Terminology (2015),source_document
political activity,राजआरी कामी ़ होरा,Bharatavani / CSTT Fundamental Administrative Terminology (2015),source_document
poll,1. मतदान 2. वोटएम,Bharatavani / CSTT Fundamental Administrative Terminology (2015),source_document
pollution,बाड़िच होय,Bharatavani / CSTT Fundamental Administrative Terminology (2015),source_document
political,राजआरी,Bharatavani / CSTT Fundamental Administrative Terminology (2015),source_document
pool,पूल,Bharatavani / CSTT Fundamental Administrative Terminology (2015),source_document
portfolio (of a minister),1. विभाग 2. हुद़ा,Bharatavani / CSTT Fundamental Administrative Terminology (2015),source_document
position,ठाँव,Bharatavani / CSTT Fundamental Administrative Terminology (2015),source_document
positive,हें सारी,Bharatavani / CSTT Fundamental Administrative Terminology (2015),source_document
post,हुदा,Bharatavani / CSTT Fundamental Administrative Terminology (2015),source_document
post-dated,लानाई माहित ओल,Bharatavani / CSTT Fundamental Administrative Terminology (2015),source_document
post-facto sanction,कामी रे नाः मंजुरी,Bharatavani / CSTT Fundamental Administrative Terminology (2015),source_document
post graduate,स्नातकोत्तर,Bharatavani / CSTT Fundamental Administrative Terminology (2015),source_document
posthumous,शोर्यचतायोम,Bharatavani / CSTT Fundamental Administrative Terminology (2015),source_document
posting,1. पासनाव 2. तैनात,Bharatavani / CSTT Fundamental Administrative Terminology (2015),source_document
post mortem examination,शोयच ् होड़मो ञेल,Bharatavani / CSTT Fundamental Administrative Terminology (2015),source_document
postpone,बातिल,Bharatavani / CSTT Fundamental Administrative Terminology (2015),source_document
power,दाड़े,Bharatavani / CSTT Fundamental Administrative Terminology (2015),source_document
power of attorney,मुख्तारनामा,Bharatavani / CSTT Fundamental Administrative Terminology (2015),source_document
practicable,व्यवहारिक,Bharatavani / CSTT Fundamental Administrative Terminology (2015),source_document
practice,1. पेसा 2. हे वा,Bharatavani / CSTT Fundamental Administrative Terminology (2015),source_document
pre-audit,माड़ाङ परीक्षा,Bharatavani / CSTT Fundamental Administrative Terminology (2015),source_document
precaution,माड़ाङ सापड़ाव,Bharatavani / CSTT Fundamental Administrative Terminology (2015),source_document
precedent,नजीर,Bharatavani / CSTT Fundamental Administrative Terminology (2015),source_document
precis,सारलेख,Bharatavani / CSTT Fundamental Administrative Terminology (2015),source_document
precise,ठीक ठाक,Bharatavani / CSTT Fundamental Administrative Terminology (2015),source_document
preclude,आकोट दोहो,Bharatavani / CSTT Fundamental Administrative Terminology (2015),source_document
preconception,माड़ाङखोन ठावकावाः ़,Bharatavani / CSTT Fundamental Administrative Terminology (2015),source_document
predecessor,पूर्ववर्ती,Bharatavani / CSTT Fundamental Administrative Terminology (2015),source_document
predominant,1. प्रधान 2. माँझी,Bharatavani / CSTT Fundamental Administrative Terminology (2015),source_document
preface,बुनयादकाथा,Bharatavani / CSTT Fundamental Administrative Terminology (2015),source_document
prefer,तरजीबएम,Bharatavani / CSTT Fundamental Administrative Terminology (2015),source_document
prejudice,माड़ाङखोन प्रभाव,Bharatavani / CSTT Fundamental Administrative Terminology (2015),source_document
preliminary,एतोहोप ्,Bharatavani / CSTT Fundamental Administrative Terminology (2015),source_document
premature,ओकतोभाडाङ़,Bharatavani / CSTT Fundamental Administrative Terminology (2015),source_document
premises,परिसर,Bharatavani / CSTT Fundamental Administrative Terminology (2015),source_document
premium,वीमा किसती ते,Bharatavani / CSTT Fundamental Administrative Terminology (2015),source_document
prepaid,माडाङरे ़ एम,Bharatavani / CSTT Fundamental Administrative Terminology (2015),source_document
prepaid card,प्रीपेडकार्ड,Bharatavani / CSTT Fundamental Administrative Terminology (2015),source_document
pre-planned,माडाङते ़ नियोजित,Bharatavani / CSTT Fundamental Administrative Terminology (2015),source_document
prepone,पूर्वीत एम,Bharatavani / CSTT Fundamental Administrative Terminology (2015),source_document
pre-receipted bill,रसिद साँवते बिल,Bharatavani / CSTT Fundamental Administrative Terminology (2015),source_document
prerogative,परमाधिकार,Bharatavani / CSTT Fundamental Administrative Terminology (2015),source_document
prescribe,बाछाव आकान,Bharatavani / CSTT Fundamental Administrative Terminology (2015),source_document
prescribed,ठावका ़ आकान,Bharatavani / CSTT Fundamental Administrative Terminology (2015),source_document
prescribed form,ठावका ़ आकान फोरोम,Bharatavani / CSTT Fundamental Administrative Terminology (2015),source_document
presentation,सामाङेत कागोच ्,Bharatavani / CSTT Fundamental Administrative Terminology (2015),source_document
preside,अध्यक्षतायेत ्,Bharatavani / CSTT Fundamental Administrative Terminology (2015),source_document
president,पारसेत,Bharatavani / CSTT Fundamental Administrative Terminology (2015),source_document
press,छापाखाना,Bharatavani / CSTT Fundamental Administrative Terminology (2015),source_document
press copy,प्रेसकोपी,Bharatavani / CSTT Fundamental Administrative Terminology (2015),source_document
press gallery,प्रेसको दड ु ु बाः ठाँव,Bharatavani / CSTT Fundamental Administrative Terminology (2015),source_document
presumed,उयहाराः,Bharatavani / CSTT Fundamental Administrative Terminology (2015),source_document
presumptive pay,उयहाराः वेतन,Bharatavani / CSTT Fundamental Administrative Terminology (2015),source_document
presupposed,माड़ाङते उयहाराः,Bharatavani / CSTT Fundamental Administrative Terminology (2015),source_document
pretext,बाहना,Bharatavani / CSTT Fundamental Administrative Terminology (2015),source_document
prevail,1. लाग़ ुहयूः 2. प्रचलित,Bharatavani / CSTT Fundamental Administrative Terminology (2015),source_document
prevent,आकोट,Bharatavani / CSTT Fundamental Administrative Terminology (2015),source_document
prevention,1. आकोट 2. टे काव,Bharatavani / CSTT Fundamental Administrative Terminology (2015),source_document
preventive,निवारक,Bharatavani / CSTT Fundamental Administrative Terminology (2015),source_document
pricing,दाम रे नाः ठावका ़ ़,Bharatavani / CSTT Fundamental Administrative Terminology (2015),source_document
prima facie,एतोहोप ् ञेलरे,Bharatavani / CSTT Fundamental Administrative Terminology (2015),source_document
primarily,एतोहोप ् रे,Bharatavani / CSTT Fundamental Administrative Terminology (2015),source_document
primary,एतोहोप,Bharatavani / CSTT Fundamental Administrative Terminology (2015),source_document
primary receipt,एतोहोप ् कागोच ्,Bharatavani / CSTT Fundamental Administrative Terminology (2015),source_document
principal,प्राचार्य,Bharatavani / CSTT Fundamental Administrative Terminology (2015),source_document
principal debtor,मूल ऋणी,Bharatavani / CSTT Fundamental Administrative Terminology (2015),source_document
printer,छापायिच ्,Bharatavani / CSTT Fundamental Administrative Terminology (2015),source_document
printing,छापा,Bharatavani / CSTT Fundamental Administrative Terminology (2015),source_document
prior indication,एतोहोप ् इसारा,Bharatavani / CSTT Fundamental Administrative Terminology (2015),source_document
priority grading,एतोहोप ् रे नाः हाटिञ ़,Bharatavani / CSTT Fundamental Administrative Terminology (2015),source_document
prison,1. जेल 2. काइघी,Bharatavani / CSTT Fundamental Administrative Terminology (2015),source_document
prisoner,कैं घी,Bharatavani / CSTT Fundamental Administrative Terminology (2015),source_document
privacy,निसोन,Bharatavani / CSTT Fundamental Administrative Terminology (2015),source_document
private and confidential,आपनाराः,Bharatavani / CSTT Fundamental Administrative Terminology (2015),source_document
privilege,विशेषाधिकार,Bharatavani / CSTT Fundamental Administrative Terminology (2015),source_document
privilege committee,विशेषाधिकार गाँवता,Bharatavani / CSTT Fundamental Administrative Terminology (2015),source_document
prize,सिरफा,Bharatavani / CSTT Fundamental Administrative Terminology (2015),source_document
probability,सोमभोतो,Bharatavani / CSTT Fundamental Administrative Terminology (2015),source_document
probate,प्रोबेट,Bharatavani / CSTT Fundamental Administrative Terminology (2015),source_document
probation,1. पोरोख 2. ञेनेल,Bharatavani / CSTT Fundamental Administrative Terminology (2015),source_document
probationary,परिवीक्षाधीन,Bharatavani / CSTT Fundamental Administrative Terminology (2015),source_document
probationer,परिवीक्षाधीनिच ्,Bharatavani / CSTT Fundamental Administrative Terminology (2015),source_document
probe,1. छानबिन 2. पान्ते,Bharatavani / CSTT Fundamental Administrative Terminology (2015),source_document
procedural rules,नियमावली,Bharatavani / CSTT Fundamental Administrative Terminology (2015),source_document
procedure,कामीआ़ ़ री,Bharatavani / CSTT Fundamental Administrative Terminology (2015),source_document
proceedings,एतोहोपक ्‌ ामी आरी,Bharatavani / CSTT Fundamental Administrative Terminology (2015),source_document
process,1. प्रक्रिया 2. लेकाते,Bharatavani / CSTT Fundamental Administrative Terminology (2015),source_document
processing,संसाधन,Bharatavani / CSTT Fundamental Administrative Terminology (2015),source_document
procession,जलुस,Bharatavani / CSTT Fundamental Administrative Terminology (2015),source_document
proclaim,लाईपासनाव,Bharatavani / CSTT Fundamental Administrative Terminology (2015),source_document
proclamation,एतोहोपल ्‌ ाय,Bharatavani / CSTT Fundamental Administrative Terminology (2015),source_document
procurement,वसुली,Bharatavani / CSTT Fundamental Administrative Terminology (2015),source_document
product,आरजाव,Bharatavani / CSTT Fundamental Administrative Terminology (2015),source_document
production,आरजाव,Bharatavani / CSTT Fundamental Administrative Terminology (2015),source_document
profession,1. पेसा 2. जिपक ्‌ ा,Bharatavani / CSTT Fundamental Administrative Terminology (2015),source_document
professional achievement,जिपक ्‌ ा रे ना जोस,Bharatavani / CSTT Fundamental Administrative Terminology (2015),source_document
proficiency certificate,कामीदाड़े सिदसाकाम,Bharatavani / CSTT Fundamental Administrative Terminology (2015),source_document
profile,विवरणिका,Bharatavani / CSTT Fundamental Administrative Terminology (2015),source_document
profit,लाभ,Bharatavani / CSTT Fundamental Administrative Terminology (2015),source_document
programme,कामीहोरा ़,Bharatavani / CSTT Fundamental Administrative Terminology (2015),source_document
programme schedule,कामीहोरा ़ सूची,Bharatavani / CSTT Fundamental Administrative Terminology (2015),source_document
programming,कामीउदः,Bharatavani / CSTT Fundamental Administrative Terminology (2015),source_document
progress,1. प्रगती 2. उथनाव,Bharatavani / CSTT Fundamental Administrative Terminology (2015),source_document
progressive,प्रगतीशील,Bharatavani / CSTT Fundamental Administrative Terminology (2015),source_document
prohibited,मानामेनाः,Bharatavani / CSTT Fundamental Administrative Terminology (2015),source_document
prohibited area,मानानेना जायगा,Bharatavani / CSTT Fundamental Administrative Terminology (2015),source_document
prohibition,मानागेया,Bharatavani / CSTT Fundamental Administrative Terminology (2015),source_document
prohibitory order,निषेधाज्ञा,Bharatavani / CSTT Fundamental Administrative Terminology (2015),source_document
project,पानथा,Bharatavani / CSTT Fundamental Administrative Terminology (2015),source_document
projection,प्रक्षेप,Bharatavani / CSTT Fundamental Administrative Terminology (2015),source_document
prominent,आसोलिच ्,Bharatavani / CSTT Fundamental Administrative Terminology (2015),source_document
promise,काथाएम,Bharatavani / CSTT Fundamental Administrative Terminology (2015),source_document
promissory note (pronote),काथाएम कागोच ्,Bharatavani / CSTT Fundamental Administrative Terminology (2015),source_document
promote,पोद राकाप ्,Bharatavani / CSTT Fundamental Administrative Terminology (2015),source_document
promoter,प्रवर्तक,Bharatavani / CSTT Fundamental Administrative Terminology (2015),source_document
promotion,पोदखोन राकाप ्,Bharatavani / CSTT Fundamental Administrative Terminology (2015),source_document
promt,लोगोन,Bharatavani / CSTT Fundamental Administrative Terminology (2015),source_document
promulgate,लागूएम,Bharatavani / CSTT Fundamental Administrative Terminology (2015),source_document
pronounce,1. आजोम 2. निर्नय एम,Bharatavani / CSTT Fundamental Administrative Terminology (2015),source_document
pronouncement,निर्नय आजोम,Bharatavani / CSTT Fundamental Administrative Terminology (2015),source_document
proof,साबुत ्,Bharatavani / CSTT Fundamental Administrative Terminology (2015),source_document
proof of despatch,भेजा रे ना साबुत ्,Bharatavani / CSTT Fundamental Administrative Terminology (2015),source_document
proof reading,प्रुफ पाड़हाव,Bharatavani / CSTT Fundamental Administrative Terminology (2015),source_document
propagate,पासनाव एम,Bharatavani / CSTT Fundamental Administrative Terminology (2015),source_document
propagation,पासनाव,Bharatavani / CSTT Fundamental Administrative Terminology (2015),source_document
proper,1. उचित ् 2. सठीक,Bharatavani / CSTT Fundamental Administrative Terminology (2015),source_document
property,सम्पति,Bharatavani / CSTT Fundamental Administrative Terminology (2015),source_document
proposal,प्रस्थाव,Bharatavani / CSTT Fundamental Administrative Terminology (2015),source_document
propose,प्रस्तावएम,Bharatavani / CSTT Fundamental Administrative Terminology (2015),source_document
propound,प्रतिपादित एम,Bharatavani / CSTT Fundamental Administrative Terminology (2015),source_document
proprietary,मालिकाना होक,Bharatavani / CSTT Fundamental Administrative Terminology (2015),source_document
propriety,लाकती,Bharatavani / CSTT Fundamental Administrative Terminology (2015),source_document
pro-rata,यथानुपात,Bharatavani / CSTT Fundamental Administrative Terminology (2015),source_document
pro-rata quota,यथानुपात कोटा,Bharatavani / CSTT Fundamental Administrative Terminology (2015),source_document
prorogue,स्थागित एम,Bharatavani / CSTT Fundamental Administrative Terminology (2015),source_document
pros and cons,1. पक्ष आर विपक्ष 2. तायोम माड़ाङ,Bharatavani / CSTT Fundamental Administrative Terminology (2015),source_document
proscribe,अभिनिषिदध एम,Bharatavani / CSTT Fundamental Administrative Terminology (2015),source_document
prosecution,अनियोजन,Bharatavani / CSTT Fundamental Administrative Terminology (2015),source_document
prospectus,विवरण तालिका,Bharatavani / CSTT Fundamental Administrative Terminology (2015),source_document
protempore appointment,मितड्‌ ोडेक लागित ़ ् बाहाल,Bharatavani / CSTT Fundamental Administrative Terminology (2015),source_document
protocol,प्रोटो कॉल,Bharatavani / CSTT Fundamental Administrative Terminology (2015),source_document
prove,परु ु फ एम,Bharatavani / CSTT Fundamental Administrative Terminology (2015),source_document
provided,मेनखान,Bharatavani / CSTT Fundamental Administrative Terminology (2015),source_document
provident fund,भविष्य निधि,Bharatavani / CSTT Fundamental Administrative Terminology (2015),source_document
provision,1. नियोम 2. सोरतो,Bharatavani / CSTT Fundamental Administrative Terminology (2015),source_document
provisional,अस्थायी,Bharatavani / CSTT Fundamental Administrative Terminology (2015),source_document
provisional list,अस्थायी सूची,Bharatavani / CSTT Fundamental Administrative Terminology (2015),source_document
proviso,परं तुक,Bharatavani / CSTT Fundamental Administrative Terminology (2015),source_document
proximity,सुपुर,Bharatavani / CSTT Fundamental Administrative Terminology (2015),source_document
proxy,परोक्ष,Bharatavani / CSTT Fundamental Administrative Terminology (2015),source_document
public,सानाम होड़ाः,Bharatavani / CSTT Fundamental Administrative Terminology (2015),source_document
publication,1. उछान 2. पारसाल,Bharatavani / CSTT Fundamental Administrative Terminology (2015),source_document
public duty,सरकारी ड्‌यूटी,Bharatavani / CSTT Fundamental Administrative Terminology (2015),source_document
publicity,प्रचार,Bharatavani / CSTT Fundamental Administrative Terminology (2015),source_document
publish,उछाऩ,Bharatavani / CSTT Fundamental Administrative Terminology (2015),source_document
punctual,ओकतो रे,Bharatavani / CSTT Fundamental Administrative Terminology (2015),source_document
punishment,सासती,Bharatavani / CSTT Fundamental Administrative Terminology (2015),source_document
purchase,किरिञ,Bharatavani / CSTT Fundamental Administrative Terminology (2015),source_document
purely temporary,बेयानित ्,Bharatavani / CSTT Fundamental Administrative Terminology (2015),source_document
purpose,लाकती,Bharatavani / CSTT Fundamental Administrative Terminology (2015),source_document
pursue,तायोमरे लागाव,Bharatavani / CSTT Fundamental Administrative Terminology (2015),source_document
pursuit,काम काज,Bharatavani / CSTT Fundamental Administrative Terminology (2015),source_document
purview,क्षेत्र,Bharatavani / CSTT Fundamental Administrative Terminology (2015),source_document
put up,सामाङ रे एम,Bharatavani / CSTT Fundamental Administrative Terminology (2015),source_document
put-up slip,पेश पर्ची,Bharatavani / CSTT Fundamental Administrative Terminology (2015),source_document
qualification,लाकतीरे ना,Bharatavani / CSTT Fundamental Administrative Terminology (2015),source_document
qualified candidate,योगमान गिदरा ़,Bharatavani / CSTT Fundamental Administrative Terminology (2015),source_document
qualify,गुनानञाय,Bharatavani / CSTT Fundamental Administrative Terminology (2015),source_document
qualifying examination,गुनान बिनिड्,Bharatavani / CSTT Fundamental Administrative Terminology (2015),source_document
qualifying test,गुन रे ना विडाव़,Bharatavani / CSTT Fundamental Administrative Terminology (2015),source_document
qualitative techniques,गुनान तकनीक,Bharatavani / CSTT Fundamental Administrative Terminology (2015),source_document
quality,गुनान,Bharatavani / CSTT Fundamental Administrative Terminology (2015),source_document
quality control,गन ु ान साँवड़ाव,Bharatavani / CSTT Fundamental Administrative Terminology (2015),source_document
quantity,परिमाण,Bharatavani / CSTT Fundamental Administrative Terminology (2015),source_document
quarantine leave,संगरोध छुट्टी,Bharatavani / CSTT Fundamental Administrative Terminology (2015),source_document
quarterly,पेमाहिया,Bharatavani / CSTT Fundamental Administrative Terminology (2015),source_document
quash,खस ु एम,Bharatavani / CSTT Fundamental Administrative Terminology (2015),source_document
quasi,वत ्,Bharatavani / CSTT Fundamental Administrative Terminology (2015),source_document
quasi-permanency,थानितान,Bharatavani / CSTT Fundamental Administrative Terminology (2015),source_document
query,1. कुकली 2. कुकली चिन्हा,Bharatavani / CSTT Fundamental Administrative Terminology (2015),source_document
question,कुकली,Bharatavani / CSTT Fundamental Administrative Terminology (2015),source_document
questionable,कुकली योगमान,Bharatavani / CSTT Fundamental Administrative Terminology (2015),source_document
question hour,कुकली ओकतो,Bharatavani / CSTT Fundamental Administrative Terminology (2015),source_document
questionnaire,कुकलीको,Bharatavani / CSTT Fundamental Administrative Terminology (2015),source_document
quit,बागियाः ़,Bharatavani / CSTT Fundamental Administrative Terminology (2015),source_document
quorum,1. लेखारे 2. कोरम,Bharatavani / CSTT Fundamental Administrative Terminology (2015),source_document
quota,कोटा,Bharatavani / CSTT Fundamental Administrative Terminology (2015),source_document
quotation,1. भाव 2. दर,Bharatavani / CSTT Fundamental Administrative Terminology (2015),source_document
quote,दरलाय़,Bharatavani / CSTT Fundamental Administrative Terminology (2015),source_document
race,1. जात़ 2. दोड़,Bharatavani / CSTT Fundamental Administrative Terminology (2015),source_document
racial discrimination,जातियारी भेपेगेद,Bharatavani / CSTT Fundamental Administrative Terminology (2015),source_document
rack,1. रे क पाटा,Bharatavani / CSTT Fundamental Administrative Terminology (2015),source_document
raid,आचका साब,Bharatavani / CSTT Fundamental Administrative Terminology (2015),source_document
railway,रे ल,Bharatavani / CSTT Fundamental Administrative Terminology (2015),source_document
raise (pay),1. बाड़हाव 2. राकाब,Bharatavani / CSTT Fundamental Administrative Terminology (2015),source_document
random,1. बे नियोम 2. आनखा गे,Bharatavani / CSTT Fundamental Administrative Terminology (2015),source_document
random sampling,आनखा बादडाव,Bharatavani / CSTT Fundamental Administrative Terminology (2015),source_document
range,1. चाँद मारी 2. रे नज ्,Bharatavani / CSTT Fundamental Administrative Terminology (2015),source_document
rank,1. घाप 2. तार,Bharatavani / CSTT Fundamental Administrative Terminology (2015),source_document
rank and file,होड़ को,Bharatavani / CSTT Fundamental Administrative Terminology (2015),source_document
ranking,घाप लेखा,Bharatavani / CSTT Fundamental Administrative Terminology (2015),source_document
rare,आडी कोमाः,Bharatavani / CSTT Fundamental Administrative Terminology (2015),source_document
rash,उट-पुटाव,Bharatavani / CSTT Fundamental Administrative Terminology (2015),source_document
ratable value,खाजना एम दर,Bharatavani / CSTT Fundamental Administrative Terminology (2015),source_document
rate,दर,Bharatavani / CSTT Fundamental Administrative Terminology (2015),source_document
rate contract,दर रे ठिका,Bharatavani / CSTT Fundamental Administrative Terminology (2015),source_document
rate list,1. दर सुची 2. दरमाहा,Bharatavani / CSTT Fundamental Administrative Terminology (2015),source_document
ratification,1. आरु 2. दोहड़ा ञेल,Bharatavani / CSTT Fundamental Administrative Terminology (2015),source_document
rating,दर ठावका,Bharatavani / CSTT Fundamental Administrative Terminology (2015),source_document
ratio,1. अनुपात 2. हाटिञ,Bharatavani / CSTT Fundamental Administrative Terminology (2015),source_document
ration,रे सोन कागोज,Bharatavani / CSTT Fundamental Administrative Terminology (2015),source_document
rational,जुकती काथा,Bharatavani / CSTT Fundamental Administrative Terminology (2015),source_document
rationalization,जक ु ती एम,Bharatavani / CSTT Fundamental Administrative Terminology (2015),source_document
ration allowance,जोमा भातता,Bharatavani / CSTT Fundamental Administrative Terminology (2015),source_document
raw material,बेरेल माल,Bharatavani / CSTT Fundamental Administrative Terminology (2015),source_document
raw product,बेरेल उपजाव,Bharatavani / CSTT Fundamental Administrative Terminology (2015),source_document
reaction,गोमऱाकान,Bharatavani / CSTT Fundamental Administrative Terminology (2015),source_document
reading,1. गालमाराव 2. ओड़ाः रोपोड़ ओड़ाः,Bharatavani / CSTT Fundamental Administrative Terminology (2015),source_document
readjust,दोहड़ाते साँबाव,Bharatavani / CSTT Fundamental Administrative Terminology (2015),source_document
ready-made plan,बेनाव आका बेबोसता,Bharatavani / CSTT Fundamental Administrative Terminology (2015),source_document
ready reckoner,रे डी रे कोनार,Bharatavani / CSTT Fundamental Administrative Terminology (2015),source_document
real,सारियाः,Bharatavani / CSTT Fundamental Administrative Terminology (2015),source_document
real earning,सारियाः आरजाव,Bharatavani / CSTT Fundamental Administrative Terminology (2015),source_document
real estate,सारियाः कागजात,Bharatavani / CSTT Fundamental Administrative Terminology (2015),source_document
reality,सारियाः तेत,Bharatavani / CSTT Fundamental Administrative Terminology (2015),source_document
realization,आईकाव,Bharatavani / CSTT Fundamental Administrative Terminology (2015),source_document
realize,अनुभव,Bharatavani / CSTT Fundamental Administrative Terminology (2015),source_document
reappointment,दोहड़ा बाहाली,Bharatavani / CSTT Fundamental Administrative Terminology (2015),source_document
reappropriation,दोहड़ा साँबाव,Bharatavani / CSTT Fundamental Administrative Terminology (2015),source_document
reason,1. ओझे 2. कारोन,Bharatavani / CSTT Fundamental Administrative Terminology (2015),source_document
reassessment,दोहड़ा ठावका,Bharatavani / CSTT Fundamental Administrative Terminology (2015),source_document
rebate,छाड़,Bharatavani / CSTT Fundamental Administrative Terminology (2015),source_document
recall,दोहड़ा होहोरुवाड़,Bharatavani / CSTT Fundamental Administrative Terminology (2015),source_document
recede,पाछला,Bharatavani / CSTT Fundamental Administrative Terminology (2015),source_document
receipt,हाताव,Bharatavani / CSTT Fundamental Administrative Terminology (2015),source_document
receipt book,रिसिप खाता,Bharatavani / CSTT Fundamental Administrative Terminology (2015),source_document
receipts and disbursements,ञाँमाः आर निजेत हाँटिञ,Bharatavani / CSTT Fundamental Administrative Terminology (2015),source_document
receive,ञाँम,Bharatavani / CSTT Fundamental Administrative Terminology (2015),source_document
receiver,ञाँमिच ्,Bharatavani / CSTT Fundamental Administrative Terminology (2015),source_document
recent,नेतार,Bharatavani / CSTT Fundamental Administrative Terminology (2015),source_document
reception,आताङ दाराम,Bharatavani / CSTT Fundamental Administrative Terminology (2015),source_document
receptive,हाताव लेका,Bharatavani / CSTT Fundamental Administrative Terminology (2015),source_document
recess,छुटी,Bharatavani / CSTT Fundamental Administrative Terminology (2015),source_document
recipient,ञाँमिच ्,Bharatavani / CSTT Fundamental Administrative Terminology (2015),source_document
reciprocal,आकिन तालारे,Bharatavani / CSTT Fundamental Administrative Terminology (2015),source_document
reciprocal demand,आकिन तालारे दाबी,Bharatavani / CSTT Fundamental Administrative Terminology (2015),source_document
reciprocate,एपेम-चापाल,Bharatavani / CSTT Fundamental Administrative Terminology (2015),source_document
reciprocity,आकिन तालारे याः,Bharatavani / CSTT Fundamental Administrative Terminology (2015),source_document
reckless,1. आँधा घुद 2. टाटका,Bharatavani / CSTT Fundamental Administrative Terminology (2015),source_document
reckon,दोहड़ा लेखा,Bharatavani / CSTT Fundamental Administrative Terminology (2015),source_document
reckonable service,दोहड़ा लेखा कामी,Bharatavani / CSTT Fundamental Administrative Terminology (2015),source_document
reclamation,दोहड़ा दाबी,Bharatavani / CSTT Fundamental Administrative Terminology (2015),source_document
recognition,1. मान्यता 2. मानाव 3. बाताव,Bharatavani / CSTT Fundamental Administrative Terminology (2015),source_document
recognized,मानाव ञाँम,Bharatavani / CSTT Fundamental Administrative Terminology (2015),source_document
recollect,दोहड़ा हाताव,Bharatavani / CSTT Fundamental Administrative Terminology (2015),source_document
recommend,सिफारिस,Bharatavani / CSTT Fundamental Administrative Terminology (2015),source_document
recommendation,सिफारिस,Bharatavani / CSTT Fundamental Administrative Terminology (2015),source_document
recommendatory letter,सिफारिसाः चिठी,Bharatavani / CSTT Fundamental Administrative Terminology (2015),source_document
reconcile,1. काया सामटाव 2. सामटाव काः,Bharatavani / CSTT Fundamental Administrative Terminology (2015),source_document
reconciliation,1. सामटाव 2. सोलहे,Bharatavani / CSTT Fundamental Administrative Terminology (2015),source_document
reconsideration,1. दोहड़ा बिचार 2. उपहार आचुर,Bharatavani / CSTT Fundamental Administrative Terminology (2015),source_document
reconstitution,1. दोहड़ा बेनाव 2. दोहड़ा गोठोन,Bharatavani / CSTT Fundamental Administrative Terminology (2015),source_document
reconstruction,दोहड़ा बेनाव,Bharatavani / CSTT Fundamental Administrative Terminology (2015),source_document
reconstruction of file,फाईल रे नाः दोहड़ा बेनाव,Bharatavani / CSTT Fundamental Administrative Terminology (2015),source_document
record,रे कोड,Bharatavani / CSTT Fundamental Administrative Terminology (2015),source_document
record book,रे कोड पुथी,Bharatavani / CSTT Fundamental Administrative Terminology (2015),source_document
record of service,चाकरी रे कोड,Bharatavani / CSTT Fundamental Administrative Terminology (2015),source_document
recourse,आसरा,Bharatavani / CSTT Fundamental Administrative Terminology (2015),source_document
recover,1. उसुल 2. आढाई़,Bharatavani / CSTT Fundamental Administrative Terminology (2015),source_document
recovery,ञाँम रुवाड़,Bharatavani / CSTT Fundamental Administrative Terminology (2015),source_document
recreation,रिज़ रोमोज,Bharatavani / CSTT Fundamental Administrative Terminology (2015),source_document
recruit,भुरती,Bharatavani / CSTT Fundamental Administrative Terminology (2015),source_document
recruiting authority,भुरती एमोगिच ्,Bharatavani / CSTT Fundamental Administrative Terminology (2015),source_document
recruitment,भुरती,Bharatavani / CSTT Fundamental Administrative Terminology (2015),source_document
recruitment rules,भरु ती रे नाः नियोम,Bharatavani / CSTT Fundamental Administrative Terminology (2015),source_document
rectification,आरु फेराव,Bharatavani / CSTT Fundamental Administrative Terminology (2015),source_document
recurring,मेयादी जोमा,Bharatavani / CSTT Fundamental Administrative Terminology (2015),source_document
redeem,1. दोहड़ा ञाँम 2. छाडाव,Bharatavani / CSTT Fundamental Administrative Terminology (2015),source_document
redemption,छाडाव,Bharatavani / CSTT Fundamental Administrative Terminology (2015),source_document
redirected,दोहड़ा लाई़,Bharatavani / CSTT Fundamental Administrative Terminology (2015),source_document
redress,साहाय,Bharatavani / CSTT Fundamental Administrative Terminology (2015),source_document
redressal,साहा,Bharatavani / CSTT Fundamental Administrative Terminology (2015),source_document
red-tapism,आराः फीता को,Bharatavani / CSTT Fundamental Administrative Terminology (2015),source_document
reduction,1. छुट 2. छाड़,Bharatavani / CSTT Fundamental Administrative Terminology (2015),source_document
redundant,बेलाकती,Bharatavani / CSTT Fundamental Administrative Terminology (2015),source_document
re-employment,दोहड़ा कामी बाहाली,Bharatavani / CSTT Fundamental Administrative Terminology (2015),source_document
re-entry,दोहड़ा बोलोन,Bharatavani / CSTT Fundamental Administrative Terminology (2015),source_document
refer,1. उच़ाड़ 2. ञें ल,Bharatavani / CSTT Fundamental Administrative Terminology (2015),source_document
reference,एम ् आकान,Bharatavani / CSTT Fundamental Administrative Terminology (2015),source_document
referral,दोहड़ा आदे स,Bharatavani / CSTT Fundamental Administrative Terminology (2015),source_document
refixation of pay,दोहड़ा ते बेतन ठावका,Bharatavani / CSTT Fundamental Administrative Terminology (2015),source_document
reform,1. आरु फेराव 2. सघ ु राव,Bharatavani / CSTT Fundamental Administrative Terminology (2015),source_document
refrain from,बाङ हे सारी,Bharatavani / CSTT Fundamental Administrative Terminology (2015),source_document
refreshment,नासता,Bharatavani / CSTT Fundamental Administrative Terminology (2015),source_document
refund,1. रुवाड़ 2. कावडी रुवाड़,Bharatavani / CSTT Fundamental Administrative Terminology (2015),source_document
refundable,रुवाड़ाः,Bharatavani / CSTT Fundamental Administrative Terminology (2015),source_document
refusal,बाङ हे सारी,Bharatavani / CSTT Fundamental Administrative Terminology (2015),source_document
refuse,बाङ हे सारी,Bharatavani / CSTT Fundamental Administrative Terminology (2015),source_document
refused leave,बाङ हे सारी छुटी,Bharatavani / CSTT Fundamental Administrative Terminology (2015),source_document
refutation,खाँडाव,Bharatavani / CSTT Fundamental Administrative Terminology (2015),source_document
regard,मानोत,Bharatavani / CSTT Fundamental Administrative Terminology (2015),source_document
region,1. दोहड़ा बोलोन 2. टोठा,Bharatavani / CSTT Fundamental Administrative Terminology (2015),source_document
regional,टोठा किया,Bharatavani / CSTT Fundamental Administrative Terminology (2015),source_document
register,1. रे जिसटार 2. ओल कागोज,Bharatavani / CSTT Fundamental Administrative Terminology (2015),source_document
registered,ओल आकान,Bharatavani / CSTT Fundamental Administrative Terminology (2015),source_document
registered office,ओल ओड़ाः,Bharatavani / CSTT Fundamental Administrative Terminology (2015),source_document
registering authority,ओलिच ् मालिक,Bharatavani / CSTT Fundamental Administrative Terminology (2015),source_document
registrtion fee,ओओल रे नाः सल ु ्क,Bharatavani / CSTT Fundamental Administrative Terminology (2015),source_document
registration form,ओओल रे नाः कागोज,Bharatavani / CSTT Fundamental Administrative Terminology (2015),source_document
registry,रे जिसट्री ओड़ाः,Bharatavani / CSTT Fundamental Administrative Terminology (2015),source_document
regret,1. भावना 2. दख ु,Bharatavani / CSTT Fundamental Administrative Terminology (2015),source_document
regrouping,दोहड़ा हाटिञ,Bharatavani / CSTT Fundamental Administrative Terminology (2015),source_document
regular,1. जावगे 2. दिनाम,Bharatavani / CSTT Fundamental Administrative Terminology (2015),source_document
regular cadre,दिनाम रे नाः,Bharatavani / CSTT Fundamental Administrative Terminology (2015),source_document
regularization,पाका चाकरी,Bharatavani / CSTT Fundamental Administrative Terminology (2015),source_document
regular service,दिनाम कामी,Bharatavani / CSTT Fundamental Administrative Terminology (2015),source_document
regulations,एम ्,Bharatavani / CSTT Fundamental Administrative Terminology (2015),source_document
rehabilitation,दोहड़ा थापित,Bharatavani / CSTT Fundamental Administrative Terminology (2015),source_document
rehearsal,1. माड़ाव हे व 2. माड़ाङ अभ्यास,Bharatavani / CSTT Fundamental Administrative Terminology (2015),source_document
reimburse,पेरेज काः,Bharatavani / CSTT Fundamental Administrative Terminology (2015),source_document
reinstate,1. दोहड़ा थापित 2. बाहाती काय,Bharatavani / CSTT Fundamental Administrative Terminology (2015),source_document
reiterate,दोहड़ा काद् 2. आरहँ मेन,Bharatavani / CSTT Fundamental Administrative Terminology (2015),source_document
reject,1. बातिल 2. बाड़ रे बेन,Bharatavani / CSTT Fundamental Administrative Terminology (2015),source_document
rejection,1. बाङ रे बेन 2. बाङ आपनारा,Bharatavani / CSTT Fundamental Administrative Terminology (2015),source_document
rejoinder,दोहड़ा बाहालीईच,Bharatavani / CSTT Fundamental Administrative Terminology (2015),source_document
relation,1. सागाई 2. जोनोड़,Bharatavani / CSTT Fundamental Administrative Terminology (2015),source_document
relative,1. पेड़ा 2. सागाई ़,Bharatavani / CSTT Fundamental Administrative Terminology (2015),source_document
relative valuation,सागाई गोनोङ,Bharatavani / CSTT Fundamental Administrative Terminology (2015),source_document
relaxation,1. हालका 2. रावाल,Bharatavani / CSTT Fundamental Administrative Terminology (2015),source_document
relaxation of rules,नियोम रे नाः रावाल तेत ्,Bharatavani / CSTT Fundamental Administrative Terminology (2015),source_document
release,छाड़ केदे याको 2. उडाव,Bharatavani / CSTT Fundamental Administrative Terminology (2015),source_document
release date,उडाव रे नाः माहित,Bharatavani / CSTT Fundamental Administrative Terminology (2015),source_document
relevant,नापाय गाते,Bharatavani / CSTT Fundamental Administrative Terminology (2015),source_document
relevant papers,नापाय कागोज को,Bharatavani / CSTT Fundamental Administrative Terminology (2015),source_document
reliable,1. पातियावर्रच 2. भोरसायिच,Bharatavani / CSTT Fundamental Administrative Terminology (2015),source_document
relief,राहोत,Bharatavani / CSTT Fundamental Administrative Terminology (2015),source_document
relief and rehabilitation,आवसान आर दोहड़ा बासाव,Bharatavani / CSTT Fundamental Administrative Terminology (2015),source_document
relief list,राहोत सूची,Bharatavani / CSTT Fundamental Administrative Terminology (2015),source_document
relief works,राहोत कामी,Bharatavani / CSTT Fundamental Administrative Terminology (2015),source_document
relieve,रावाल कादे याय,Bharatavani / CSTT Fundamental Administrative Terminology (2015),source_document
reliever,रावाल एमोगिच ्,Bharatavani / CSTT Fundamental Administrative Terminology (2015),source_document
relinquishment,1. बागि 2. आड़ाः 3. बापाग,Bharatavani / CSTT Fundamental Administrative Terminology (2015),source_document
relinquishment of charge,कामी भार आड़ाः,Bharatavani / CSTT Fundamental Administrative Terminology (2015),source_document
relocation,दोहड़ा बाहाल,Bharatavani / CSTT Fundamental Administrative Terminology (2015),source_document
reluctance,बे ईचछा,Bharatavani / CSTT Fundamental Administrative Terminology (2015),source_document
remark,1. दाग 2. चिखना,Bharatavani / CSTT Fundamental Administrative Terminology (2015),source_document
remarks column,"दाग, रे नाः कोलोम",Bharatavani / CSTT Fundamental Administrative Terminology (2015),source_document
remedial action,कारि रे नाः कामी,Bharatavani / CSTT Fundamental Administrative Terminology (2015),source_document
remedial measures,कामी रे नाः उपाय,Bharatavani / CSTT Fundamental Administrative Terminology (2015),source_document
remedial transfer,कामी रे ना उचाड़,Bharatavani / CSTT Fundamental Administrative Terminology (2015),source_document
reminder,1. उयह़ार 2. उयह़ार साकाम,Bharatavani / CSTT Fundamental Administrative Terminology (2015),source_document
remission,1. माफी 2. इका ़,Bharatavani / CSTT Fundamental Administrative Terminology (2015),source_document
remit,भेजा,Bharatavani / CSTT Fundamental Administrative Terminology (2015),source_document
remitee,ञाँमिच ्,Bharatavani / CSTT Fundamental Administrative Terminology (2015),source_document
remittance,भेजा,Bharatavani / CSTT Fundamental Administrative Terminology (2015),source_document
remote,साँगिञ,Bharatavani / CSTT Fundamental Administrative Terminology (2015),source_document
remote control,साँगिञ खोन सामड़ाव,Bharatavani / CSTT Fundamental Administrative Terminology (2015),source_document
removal,ओचोः,Bharatavani / CSTT Fundamental Administrative Terminology (2015),source_document
remuneration,मेहनोत टाका,Bharatavani / CSTT Fundamental Administrative Terminology (2015),source_document
render,एमोगिच ्,Bharatavani / CSTT Fundamental Administrative Terminology (2015),source_document
renewal,नावा कार ते,Bharatavani / CSTT Fundamental Administrative Terminology (2015),source_document
renewal of demand,नावा लांगित ते ढाबी,Bharatavani / CSTT Fundamental Administrative Terminology (2015),source_document
renounce,बागि गिडीयाः,Bharatavani / CSTT Fundamental Administrative Terminology (2015),source_document
renovation,नावा,Bharatavani / CSTT Fundamental Administrative Terminology (2015),source_document
rent,1. भाड़ा 2. खाजना 3. लागान,Bharatavani / CSTT Fundamental Administrative Terminology (2015),source_document
rented space,भाड़ा ते हाताव आकान ठाँव,Bharatavani / CSTT Fundamental Administrative Terminology (2015),source_document
reopening,दोहड़ा एहोब ्,Bharatavani / CSTT Fundamental Administrative Terminology (2015),source_document
reorganization,1. दोहड़ा बेनाव 2. दोहड़ा गोठोन,Bharatavani / CSTT Fundamental Administrative Terminology (2015),source_document
reorientation,दोहड़ा सेचेदोः,Bharatavani / CSTT Fundamental Administrative Terminology (2015),source_document
repairable,1. बेनाव दोहड़ा 2. तेयार लेक,Bharatavani / CSTT Fundamental Administrative Terminology (2015),source_document
repatriate,दोहड़ा आगु रुवाड़,Bharatavani / CSTT Fundamental Administrative Terminology (2015),source_document
repatriation of services,कामी रे आगु दोहड़ा,Bharatavani / CSTT Fundamental Administrative Terminology (2015),source_document
repay,ऋण रुवाड़ काः,Bharatavani / CSTT Fundamental Administrative Terminology (2015),source_document
repayable,दोहड़ा काउडी एम काः,Bharatavani / CSTT Fundamental Administrative Terminology (2015),source_document
repeal,चाबा गिडि काः,Bharatavani / CSTT Fundamental Administrative Terminology (2015),source_document
repeat order,दोहड़ा ते आदे स,Bharatavani / CSTT Fundamental Administrative Terminology (2015),source_document
repetitive work,बारा बारी कामी,Bharatavani / CSTT Fundamental Administrative Terminology (2015),source_document
replace,दोहड़ा थापित,Bharatavani / CSTT Fundamental Administrative Terminology (2015),source_document
replacement,दोहड़ा थापित,Bharatavani / CSTT Fundamental Administrative Terminology (2015),source_document
replenishment,दोहड़ा पेरेज काः,Bharatavani / CSTT Fundamental Administrative Terminology (2015),source_document
report,आरजी,Bharatavani / CSTT Fundamental Administrative Terminology (2015),source_document
repository,1. जावरा 2. सामटाव,Bharatavani / CSTT Fundamental Administrative Terminology (2015),source_document
representation,बाछाव काते भेजा,Bharatavani / CSTT Fundamental Administrative Terminology (2015),source_document
representative,भेजायिच ्,Bharatavani / CSTT Fundamental Administrative Terminology (2015),source_document
reprimand,1. एगेर 2. रोइत ्,Bharatavani / CSTT Fundamental Administrative Terminology (2015),source_document
reprint,दोहड़ा छापा,Bharatavani / CSTT Fundamental Administrative Terminology (2015),source_document
reprisal,हाला रुवाड़,Bharatavani / CSTT Fundamental Administrative Terminology (2015),source_document
reproduce,1. दोहड़ा बेनाव 2. दोहड़ा ते सोदोर,Bharatavani / CSTT Fundamental Administrative Terminology (2015),source_document
reproduction,दोहड़ा ते उपजाव,Bharatavani / CSTT Fundamental Administrative Terminology (2015),source_document
republic day,राज दिन,Bharatavani / CSTT Fundamental Administrative Terminology (2015),source_document
repudiate,चाबा काः,Bharatavani / CSTT Fundamental Administrative Terminology (2015),source_document
repugnant,बिरोद रे,Bharatavani / CSTT Fundamental Administrative Terminology (2015),source_document
repurchase,दोहड़ा किरिञ,Bharatavani / CSTT Fundamental Administrative Terminology (2015),source_document
reputation,1. ञुतुम 2. खाति 3. आचरण,Bharatavani / CSTT Fundamental Administrative Terminology (2015),source_document
requirement,आसा,Bharatavani / CSTT Fundamental Administrative Terminology (2015),source_document
requisite,आसाआकात ्,Bharatavani / CSTT Fundamental Administrative Terminology (2015),source_document
requisite information,आसा आकात खोबोर,Bharatavani / CSTT Fundamental Administrative Terminology (2015),source_document
requisites,आसा आकात ् जिनिस,Bharatavani / CSTT Fundamental Administrative Terminology (2015),source_document
requisition,1. छाबी 2. कोय,Bharatavani / CSTT Fundamental Administrative Terminology (2015),source_document
requisition form,1. कोय साकाम,Bharatavani / CSTT Fundamental Administrative Terminology (2015),source_document
requisition slip,कोय साकाम,Bharatavani / CSTT Fundamental Administrative Terminology (2015),source_document
rescue,1. बाँञचाव 2. घाडाव,Bharatavani / CSTT Fundamental Administrative Terminology (2015),source_document
research work,खोदरो कामी,Bharatavani / CSTT Fundamental Administrative Terminology (2015),source_document
resentment,आड़िस,Bharatavani / CSTT Fundamental Administrative Terminology (2015),source_document
reservation,राखा,Bharatavani / CSTT Fundamental Administrative Terminology (2015),source_document
reservation fee,राखा फी,Bharatavani / CSTT Fundamental Administrative Terminology (2015),source_document
reservation of post,हुँदा दोहो आकान,Bharatavani / CSTT Fundamental Administrative Terminology (2015),source_document
reserve,राखा,Bharatavani / CSTT Fundamental Administrative Terminology (2015),source_document
reserved accommodation,राखा ठाँव,Bharatavani / CSTT Fundamental Administrative Terminology (2015),source_document
reserved constituency,राखा बाछनाव टोठा,Bharatavani / CSTT Fundamental Administrative Terminology (2015),source_document
reserve price,राखा कावडी,Bharatavani / CSTT Fundamental Administrative Terminology (2015),source_document
resettlement,दोहड़ा थापित,Bharatavani / CSTT Fundamental Administrative Terminology (2015),source_document
reshuffle,फेर बोदोल,Bharatavani / CSTT Fundamental Administrative Terminology (2015),source_document
residence,1. ओड़ाः 2. ताँहेन ठाँव,Bharatavani / CSTT Fundamental Administrative Terminology (2015),source_document
resident permit,ताहे न ठाँव साकाम,Bharatavani / CSTT Fundamental Administrative Terminology (2015),source_document
resident,थानित ्,Bharatavani / CSTT Fundamental Administrative Terminology (2015),source_document
residential,थानित साकाम,Bharatavani / CSTT Fundamental Administrative Terminology (2015),source_document
residential accommodation,थानित बेबसथा,Bharatavani / CSTT Fundamental Administrative Terminology (2015),source_document
residential address,थानित ठिकाना,Bharatavani / CSTT Fundamental Administrative Terminology (2015),source_document
residential quarter,थानित कोवाटार,Bharatavani / CSTT Fundamental Administrative Terminology (2015),source_document
residuary,सारे ज तेत ्,Bharatavani / CSTT Fundamental Administrative Terminology (2015),source_document
residuary pension,सारे ज तेत पेनसन,Bharatavani / CSTT Fundamental Administrative Terminology (2015),source_document
residuary power,सारें ज तेत दाड़े,Bharatavani / CSTT Fundamental Administrative Terminology (2015),source_document
resignation,कामी बागि साकाम,Bharatavani / CSTT Fundamental Administrative Terminology (2015),source_document
resist,बिरोद,Bharatavani / CSTT Fundamental Administrative Terminology (2015),source_document
resolution,किरिया,Bharatavani / CSTT Fundamental Administrative Terminology (2015),source_document
respectfully,मानोत,Bharatavani / CSTT Fundamental Administrative Terminology (2015),source_document
respectively,लेताड़ गे,Bharatavani / CSTT Fundamental Administrative Terminology (2015),source_document
respondent,1. हातावईय 2. दाइ भारिया,Bharatavani / CSTT Fundamental Administrative Terminology (2015),source_document
response,दायी,Bharatavani / CSTT Fundamental Administrative Terminology (2015),source_document
responsibility,दाई भारियायिच ्,Bharatavani / CSTT Fundamental Administrative Terminology (2015),source_document
responsible,दाई भारिया,Bharatavani / CSTT Fundamental Administrative Terminology (2015),source_document
responsive,दाई हातावइच ्,Bharatavani / CSTT Fundamental Administrative Terminology (2015),source_document
rest house,जिराव ओड़ाः,Bharatavani / CSTT Fundamental Administrative Terminology (2015),source_document
restore,दोहड़ा ते आगु रुवाड़ 2. बेनाव रुवाड़,Bharatavani / CSTT Fundamental Administrative Terminology (2015),source_document
restraint,1. आकोट 2. सामड़ाव,Bharatavani / CSTT Fundamental Administrative Terminology (2015),source_document
restricted,मानाठाँव 2. ठाडका ़,Bharatavani / CSTT Fundamental Administrative Terminology (2015),source_document
restricted leave,छुटी माना गेया,Bharatavani / CSTT Fundamental Administrative Terminology (2015),source_document
restriction,माना,Bharatavani / CSTT Fundamental Administrative Terminology (2015),source_document
result oriented work,ओरजो रानाकाप कामी,Bharatavani / CSTT Fundamental Administrative Terminology (2015),source_document
resume,दोहड़ा ते एहोब,Bharatavani / CSTT Fundamental Administrative Terminology (2015),source_document
resummon,दोहड़ा हाताव,Bharatavani / CSTT Fundamental Administrative Terminology (2015),source_document
resumption,1. दोहड़ा ख्होब 2. दोहड़ा हाताव,Bharatavani / CSTT Fundamental Administrative Terminology (2015),source_document
retain,1. आकोट दोहो 2. उयहार दोहो,Bharatavani / CSTT Fundamental Administrative Terminology (2015),source_document
retention price,आकोट दोहो रे नाः दाम,Bharatavani / CSTT Fundamental Administrative Terminology (2015),source_document
retired,कामी खोन ओचोः,Bharatavani / CSTT Fundamental Administrative Terminology (2015),source_document
retirement,कामी खोन ओचोः,Bharatavani / CSTT Fundamental Administrative Terminology (2015),source_document
retirement benefits,कामी ओचोः रे नाः लाब,Bharatavani / CSTT Fundamental Administrative Terminology (2015),source_document
retiring age,कामी ओचोः रे नाः उमेर,Bharatavani / CSTT Fundamental Administrative Terminology (2015),source_document
retiring pension,कामी रे नाः पेनसन,Bharatavani / CSTT Fundamental Administrative Terminology (2015),source_document
retrenched staff,छाटनी आकान कामिय़ा को,Bharatavani / CSTT Fundamental Administrative Terminology (2015),source_document
retrenchment,छाटनी,Bharatavani / CSTT Fundamental Administrative Terminology (2015),source_document
retroactive pay,माड़ाड रे नाः बेतन,Bharatavani / CSTT Fundamental Administrative Terminology (2015),source_document
return,रुवाड़,Bharatavani / CSTT Fundamental Administrative Terminology (2015),source_document
return journey,रुवाड़ दाँड़ान,Bharatavani / CSTT Fundamental Administrative Terminology (2015),source_document
return of post,रुवाड़ चिठी,Bharatavani / CSTT Fundamental Administrative Terminology (2015),source_document
revalidation,दोहड़ा म़ान एम ्,Bharatavani / CSTT Fundamental Administrative Terminology (2015),source_document
revaluation,1. ञेलँ दोहड़ा 2. दोहड़ा ञेँल,Bharatavani / CSTT Fundamental Administrative Terminology (2015),source_document
revenue,कावडी,Bharatavani / CSTT Fundamental Administrative Terminology (2015),source_document
revenue expenditure,कावडी खोरोच,Bharatavani / CSTT Fundamental Administrative Terminology (2015),source_document
revenue stamp,कावडी टिकेट,Bharatavani / CSTT Fundamental Administrative Terminology (2015),source_document
reverse,उलटा,Bharatavani / CSTT Fundamental Administrative Terminology (2015),source_document
reverted,दोहड़ा आरु,Bharatavani / CSTT Fundamental Administrative Terminology (2015),source_document
review,दोहड़ा ञेलँ आरु,Bharatavani / CSTT Fundamental Administrative Terminology (2015),source_document
review board,दोहड़ा ञेँल आरु कोमिटी,Bharatavani / CSTT Fundamental Administrative Terminology (2015),source_document
revise,दोहड़ा सघ ु राव,Bharatavani / CSTT Fundamental Administrative Terminology (2015),source_document
revised agenda,दोहड़ा सुघराव कामी होरा,Bharatavani / CSTT Fundamental Administrative Terminology (2015),source_document
revised budget,दोहड़ा सुघराव बाजेट,Bharatavani / CSTT Fundamental Administrative Terminology (2015),source_document
revised estimate,दोहड़ा सुघराव अनुमान खोरोच,Bharatavani / CSTT Fundamental Administrative Terminology (2015),source_document
revised rules,दोहड़ा सुघराव आ़न,Bharatavani / CSTT Fundamental Administrative Terminology (2015),source_document
revision,"दोहड़ायेन,",Bharatavani / CSTT Fundamental Administrative Terminology (2015),source_document
revision of pay scale,बेतन मान ञेँल दोहड़ा,Bharatavani / CSTT Fundamental Administrative Terminology (2015),source_document
revival,दोहड़ा जानाम,Bharatavani / CSTT Fundamental Administrative Terminology (2015),source_document
revocation,दोहड़ा छुटी,Bharatavani / CSTT Fundamental Administrative Terminology (2015),source_document
revoke,छुटी काः,Bharatavani / CSTT Fundamental Administrative Terminology (2015),source_document
revolution,1. आँदोड़ 2. आचुर 3. हुलगार,Bharatavani / CSTT Fundamental Administrative Terminology (2015),source_document
revolving fund,आचुर रुवाड़ कावडी,Bharatavani / CSTT Fundamental Administrative Terminology (2015),source_document
reward,कामी रे याः कुड़ाई़,Bharatavani / CSTT Fundamental Administrative Terminology (2015),source_document
reward scheme,कामी कुड़ाई पानया,Bharatavani / CSTT Fundamental Administrative Terminology (2015),source_document
right,1. सुही 2. आईदारी़ 3. होक,Bharatavani / CSTT Fundamental Administrative Terminology (2015),source_document
rightful claimant,सही दाबेदार,Bharatavani / CSTT Fundamental Administrative Terminology (2015),source_document
rigid,1. केटे च 2. रिहिट,Bharatavani / CSTT Fundamental Administrative Terminology (2015),source_document
riot,1. दाङगा 2. गोपोच,Bharatavani / CSTT Fundamental Administrative Terminology (2015),source_document
risk,जोखिम,Bharatavani / CSTT Fundamental Administrative Terminology (2015),source_document
risk purchase,जोखिम किरिञ,Bharatavani / CSTT Fundamental Administrative Terminology (2015),source_document
rival,1. बिरुधी 2. बाईरी,Bharatavani / CSTT Fundamental Administrative Terminology (2015),source_document
road mileage,माईल भातता,Bharatavani / CSTT Fundamental Administrative Terminology (2015),source_document
roadways,सोड़ोक होर,Bharatavani / CSTT Fundamental Administrative Terminology (2015),source_document
role,1. बुनियाद काया 2. एतोहोब काथा,Bharatavani / CSTT Fundamental Administrative Terminology (2015),source_document
roll,ञुत ँ ुम ओल होचो,Bharatavani / CSTT Fundamental Administrative Terminology (2015),source_document
rolling plan,रोलिङ पानथा,Bharatavani / CSTT Fundamental Administrative Terminology (2015),source_document
roll number,रोल नामबार,Bharatavani / CSTT Fundamental Administrative Terminology (2015),source_document
roster,रोसटार,Bharatavani / CSTT Fundamental Administrative Terminology (2015),source_document
rotation,आचुर-बिहुर,Bharatavani / CSTT Fundamental Administrative Terminology (2015),source_document
rough,1. बेरेल 2. रुखा 3. दारिया,Bharatavani / CSTT Fundamental Administrative Terminology (2015),source_document
rough copy,राफ कोपी,Bharatavani / CSTT Fundamental Administrative Terminology (2015),source_document
rounding off,गोटाकाः,Bharatavani / CSTT Fundamental Administrative Terminology (2015),source_document
route,होर,Bharatavani / CSTT Fundamental Administrative Terminology (2015),source_document
routine,दिनाम कामी,Bharatavani / CSTT Fundamental Administrative Terminology (2015),source_document
routine note,रुटिङ नोट,Bharatavani / CSTT Fundamental Administrative Terminology (2015),source_document
routine test,रुटिङ बिडाव,Bharatavani / CSTT Fundamental Administrative Terminology (2015),source_document
royalty,1. लाब 2. होक,Bharatavani / CSTT Fundamental Administrative Terminology (2015),source_document
rubber stamp,रोबोड़ छाप,Bharatavani / CSTT Fundamental Administrative Terminology (2015),source_document
rude,बे सभ्य,Bharatavani / CSTT Fundamental Administrative Terminology (2015),source_document
rule,नियोम,Bharatavani / CSTT Fundamental Administrative Terminology (2015),source_document
ruler,1. नियोम बेनायिच ् 2. सासोनिच ्,Bharatavani / CSTT Fundamental Administrative Terminology (2015),source_document
rules and regulations,नियोम-बि नियोम,Bharatavani / CSTT Fundamental Administrative Terminology (2015),source_document
rules of business,कामी चालाव रे ना नियोम,Bharatavani / CSTT Fundamental Administrative Terminology (2015),source_document
ruling,बेबस्था,Bharatavani / CSTT Fundamental Administrative Terminology (2015),source_document
ruling party,सासोनिया चालाव दोल,Bharatavani / CSTT Fundamental Administrative Terminology (2015),source_document
rumour,भाकार,Bharatavani / CSTT Fundamental Administrative Terminology (2015),source_document
running staff,चालाः एसटाप,Bharatavani / CSTT Fundamental Administrative Terminology (2015),source_document
rural development plan,आतु भालाई पानथा,Bharatavani / CSTT Fundamental Administrative Terminology (2015),source_document
rural upliftment,आतु उतनाव पानथा,Bharatavani / CSTT Fundamental Administrative Terminology (2015),source_document
rustication,ओडोक गिडी,Bharatavani / CSTT Fundamental Administrative Terminology (2015),source_document
sabbatical leave,जिराव छुटी,Bharatavani / CSTT Fundamental Administrative Terminology (2015),source_document
sabotage,तोड़-फोड़,Bharatavani / CSTT Fundamental Administrative Terminology (2015),source_document
sack,1. ओडोक गिडि काय 2. चाकरी खोन बरं खास्त,Bharatavani / CSTT Fundamental Administrative Terminology (2015),source_document
safe,1. नापाय ताँहेन 2. टाका बाकसा,Bharatavani / CSTT Fundamental Administrative Terminology (2015),source_document
safe custody,नापाय दोहो,Bharatavani / CSTT Fundamental Administrative Terminology (2015),source_document
safeguarding,नापाय ते दोहो,Bharatavani / CSTT Fundamental Administrative Terminology (2015),source_document
safety,नापाय ते,Bharatavani / CSTT Fundamental Administrative Terminology (2015),source_document
safety device,नापाय युक्ति,Bharatavani / CSTT Fundamental Administrative Terminology (2015),source_document
safety regulations,नापाय नियोम,Bharatavani / CSTT Fundamental Administrative Terminology (2015),source_document
salaried class,बेतोन हाताव गाँताक्,Bharatavani / CSTT Fundamental Administrative Terminology (2015),source_document
salary,दोरमा,Bharatavani / CSTT Fundamental Administrative Terminology (2015),source_document
salary cheque,दोरमा चेक,Bharatavani / CSTT Fundamental Administrative Terminology (2015),source_document
salary deduction,दोरमा गेत दोहो,Bharatavani / CSTT Fundamental Administrative Terminology (2015),source_document
salary review,दोरमा तुला-पायला,Bharatavani / CSTT Fundamental Administrative Terminology (2015),source_document
salary structure,दोरमा रे नाः मुठान,Bharatavani / CSTT Fundamental Administrative Terminology (2015),source_document
sale deed,आखरिञ साकाम,Bharatavani / CSTT Fundamental Administrative Terminology (2015),source_document
sales department,आखरिञ बिभाग,Bharatavani / CSTT Fundamental Administrative Terminology (2015),source_document
sales tax,आखरिञ सुल्क,Bharatavani / CSTT Fundamental Administrative Terminology (2015),source_document
salient,आसोल,Bharatavani / CSTT Fundamental Administrative Terminology (2015),source_document
salvage,खाराप सामान आखरिञ,Bharatavani / CSTT Fundamental Administrative Terminology (2015),source_document
salvage and scrap,1. खाराप 2. रददी,Bharatavani / CSTT Fundamental Administrative Terminology (2015),source_document
sample,1. पारतुल 2. साधारण,Bharatavani / CSTT Fundamental Administrative Terminology (2015),source_document
sample checking,साधारण चिकिन,Bharatavani / CSTT Fundamental Administrative Terminology (2015),source_document
sample survey,साधारण नाप-जोक,Bharatavani / CSTT Fundamental Administrative Terminology (2015),source_document
sampling,साधारण बाछाव,Bharatavani / CSTT Fundamental Administrative Terminology (2015),source_document
sanction,हे सारी एम,Bharatavani / CSTT Fundamental Administrative Terminology (2015),source_document
sanctioned budget,हे सारी बाजेट,Bharatavani / CSTT Fundamental Administrative Terminology (2015),source_document
sanctioned budget estimate,हे सारी बाजेट आय-उमान,Bharatavani / CSTT Fundamental Administrative Terminology (2015),source_document
sanctioned project,हे सारिया पान्था,Bharatavani / CSTT Fundamental Administrative Terminology (2015),source_document
sanctioned strength,हे सारियान कामिया लेखा,Bharatavani / CSTT Fundamental Administrative Terminology (2015),source_document
sanctioning authority,हे सारि एमोः अधिकारी,Bharatavani / CSTT Fundamental Administrative Terminology (2015),source_document
sanctioning order,हे सारि आदे स,Bharatavani / CSTT Fundamental Administrative Terminology (2015),source_document
sanctity,निरोड़ तेत,Bharatavani / CSTT Fundamental Administrative Terminology (2015),source_document
sanitation,साफा-साफी,Bharatavani / CSTT Fundamental Administrative Terminology (2015),source_document
satisfaction,तिरपीत,Bharatavani / CSTT Fundamental Administrative Terminology (2015),source_document
satisfactory,तिरपीदोः,Bharatavani / CSTT Fundamental Administrative Terminology (2015),source_document
saving clause,सारे च ् हाटिञ,Bharatavani / CSTT Fundamental Administrative Terminology (2015),source_document
savings scheme,सारे च पानया,Bharatavani / CSTT Fundamental Administrative Terminology (2015),source_document
scale,नानापाः,Bharatavani / CSTT Fundamental Administrative Terminology (2015),source_document
scale of pay,वेतनमान,Bharatavani / CSTT Fundamental Administrative Terminology (2015),source_document
scarcity,1. ओभाव 2. कोम,Bharatavani / CSTT Fundamental Administrative Terminology (2015),source_document
scarcity area,ओभाव ते पेरेच आकान टोठा,Bharatavani / CSTT Fundamental Administrative Terminology (2015),source_document
scarcity of resources,सानाम रे याः कोमी,Bharatavani / CSTT Fundamental Administrative Terminology (2015),source_document
scenario,नाटक दृश्य,Bharatavani / CSTT Fundamental Administrative Terminology (2015),source_document
schedule,1. तालिका 2. सूची रे मेनाः को जाती,Bharatavani / CSTT Fundamental Administrative Terminology (2015),source_document
scheduled bank,तालिका रे नाः बैक,Bharatavani / CSTT Fundamental Administrative Terminology (2015),source_document
scheduled caste,तालिका रे मेनाः को जाती,Bharatavani / CSTT Fundamental Administrative Terminology (2015),source_document
scheduled tribe,आदिवासी जाति,Bharatavani / CSTT Fundamental Administrative Terminology (2015),source_document
schedule of demands,तालिका रिन कोवाः मांग,Bharatavani / CSTT Fundamental Administrative Terminology (2015),source_document
schedule of supply,तालिका रिन को पुरण,Bharatavani / CSTT Fundamental Administrative Terminology (2015),source_document
scheme,पानथा,Bharatavani / CSTT Fundamental Administrative Terminology (2015),source_document
scholarship,पाठवा गोड़ो टाका,Bharatavani / CSTT Fundamental Administrative Terminology (2015),source_document
scientific management,साँड़ेसिया बेबसथा,Bharatavani / CSTT Fundamental Administrative Terminology (2015),source_document
scope,कामी ठाँव,Bharatavani / CSTT Fundamental Administrative Terminology (2015),source_document
score,1. स्कोर 2. ञाँम लेखा,Bharatavani / CSTT Fundamental Administrative Terminology (2015),source_document
score out,इड़िच गिडि,Bharatavani / CSTT Fundamental Administrative Terminology (2015),source_document
scrap value,खाराब गोनोङ,Bharatavani / CSTT Fundamental Administrative Terminology (2015),source_document
screening,1. जाँच 2. पोरोख 3. उदःु गाः,Bharatavani / CSTT Fundamental Administrative Terminology (2015),source_document
screening committee,छानबीन गाँताक,Bharatavani / CSTT Fundamental Administrative Terminology (2015),source_document
script,आखर,Bharatavani / CSTT Fundamental Administrative Terminology (2015),source_document
scrutinizer,काथा खाटोयिच ्,Bharatavani / CSTT Fundamental Administrative Terminology (2015),source_document
scrutiny,1. तल ु ा पाईला 2. छानबीन,Bharatavani / CSTT Fundamental Administrative Terminology (2015),source_document
seal,1. सील काः 2. मोहोर एम,Bharatavani / CSTT Fundamental Administrative Terminology (2015),source_document
sealed,सील बन्द काः,Bharatavani / CSTT Fundamental Administrative Terminology (2015),source_document
sealed tender,सील बनद ठिका,Bharatavani / CSTT Fundamental Administrative Terminology (2015),source_document
sealer,सिसिलिच ्,Bharatavani / CSTT Fundamental Administrative Terminology (2015),source_document
seal of office,ओपिस रे नाः सील,Bharatavani / CSTT Fundamental Administrative Terminology (2015),source_document
search,तोलास,Bharatavani / CSTT Fundamental Administrative Terminology (2015),source_document
search campaign,तोलासिया,Bharatavani / CSTT Fundamental Administrative Terminology (2015),source_document
search operation,तोलासि कारवाई ़,Bharatavani / CSTT Fundamental Administrative Terminology (2015),source_document
search warrant,तोलासी जोबोर इदि,Bharatavani / CSTT Fundamental Administrative Terminology (2015),source_document
seasonal unemployment,ओक्तरिन कामिया कों,Bharatavani / CSTT Fundamental Administrative Terminology (2015),source_document
season ticket,मेयाद टिकिट,Bharatavani / CSTT Fundamental Administrative Terminology (2015),source_document
secondary,ताला माला सेंचेद,Bharatavani / CSTT Fundamental Administrative Terminology (2015),source_document
secondary education,ताला माला सेचेत ्,Bharatavani / CSTT Fundamental Administrative Terminology (2015),source_document
secondary industry,ताला माला रे ना बिरिद,Bharatavani / CSTT Fundamental Administrative Terminology (2015),source_document
second class,दोसार घाप,Bharatavani / CSTT Fundamental Administrative Terminology (2015),source_document
secrecy,1. गप ु त ु 2. उकु,Bharatavani / CSTT Fundamental Administrative Terminology (2015),source_document
secret,उकुकाया,Bharatavani / CSTT Fundamental Administrative Terminology (2015),source_document
secretarial,सचिवालय,Bharatavani / CSTT Fundamental Administrative Terminology (2015),source_document
secretariat service,सचिवालय रे सेवा,Bharatavani / CSTT Fundamental Administrative Terminology (2015),source_document
secret ballot,उकु मोत एम ्,Bharatavani / CSTT Fundamental Administrative Terminology (2015),source_document
secret cover,उतु कागोज,Bharatavani / CSTT Fundamental Administrative Terminology (2015),source_document
secret funds,उकु धोन दरु िब,Bharatavani / CSTT Fundamental Administrative Terminology (2015),source_document
secret inquiry,उकुते खोज तोलास,Bharatavani / CSTT Fundamental Administrative Terminology (2015),source_document
secret instruction,उकुते हुकुम,Bharatavani / CSTT Fundamental Administrative Terminology (2015),source_document
secret letter,उकु चिठी,Bharatavani / CSTT Fundamental Administrative Terminology (2015),source_document
section,1. घाव 2. हाटिञ,Bharatavani / CSTT Fundamental Administrative Terminology (2015),source_document
sector,टोटा,Bharatavani / CSTT Fundamental Administrative Terminology (2015),source_document
secular,घोरोम पातियाव,Bharatavani / CSTT Fundamental Administrative Terminology (2015),source_document
security,रुखिया दोहो,Bharatavani / CSTT Fundamental Administrative Terminology (2015),source_document
security deposit,जमानत जमा,Bharatavani / CSTT Fundamental Administrative Terminology (2015),source_document
security instruction,रुखिया आदे स,Bharatavani / CSTT Fundamental Administrative Terminology (2015),source_document
security measure,रुरिया उप़ाय,Bharatavani / CSTT Fundamental Administrative Terminology (2015),source_document
segregate,भेगार काः,Bharatavani / CSTT Fundamental Administrative Terminology (2015),source_document
seizure,हाताव,Bharatavani / CSTT Fundamental Administrative Terminology (2015),source_document
select committee,बाछनाव गाँताक,Bharatavani / CSTT Fundamental Administrative Terminology (2015),source_document
selection,बाछनाव,Bharatavani / CSTT Fundamental Administrative Terminology (2015),source_document
selection board,बाछनाव बोर्ड,Bharatavani / CSTT Fundamental Administrative Terminology (2015),source_document
selection committee,बाछनाव गावता,Bharatavani / CSTT Fundamental Administrative Terminology (2015),source_document
selection grade,बाछनाव बेतन मान,Bharatavani / CSTT Fundamental Administrative Terminology (2015),source_document
selection post,बाछनाव हुदा,Bharatavani / CSTT Fundamental Administrative Terminology (2015),source_document
selection procedure,बाछनाव कामी रे नाः नियोम,Bharatavani / CSTT Fundamental Administrative Terminology (2015),source_document
selection test,बाछनाव बिडाव,Bharatavani / CSTT Fundamental Administrative Terminology (2015),source_document
select list,बाछाव आकान सूची,Bharatavani / CSTT Fundamental Administrative Terminology (2015),source_document
self-appraisal (self-assess-,आपनार ते तुला-पायला ़,Bharatavani / CSTT Fundamental Administrative Terminology (2015),source_document
self-confidence,आपनाराः पातियाव,Bharatavani / CSTT Fundamental Administrative Terminology (2015),source_document
self-contained note,आपनाराः पातियाव नोट,Bharatavani / CSTT Fundamental Administrative Terminology (2015),source_document
self-employment,आपनार ते,Bharatavani / CSTT Fundamental Administrative Terminology (2015),source_document
self-explanatory,आपनार ते लाई पुसटाव,Bharatavani / CSTT Fundamental Administrative Terminology (2015),source_document
self-government,आपनार ते राजाः,Bharatavani / CSTT Fundamental Administrative Terminology (2015),source_document
semester,1. सेमेसटार 2. भाग 3. हाटिञ,Bharatavani / CSTT Fundamental Administrative Terminology (2015),source_document
semi-autonomous,आधा सरकारी,Bharatavani / CSTT Fundamental Administrative Terminology (2015),source_document
seminar,सेमेलेद,Bharatavani / CSTT Fundamental Administrative Terminology (2015),source_document
semi-skilled labour,आघा नापाय कामिया को,Bharatavani / CSTT Fundamental Administrative Terminology (2015),source_document
senate,सिनेट,Bharatavani / CSTT Fundamental Administrative Terminology (2015),source_document
sender,भेजायिच,Bharatavani / CSTT Fundamental Administrative Terminology (2015),source_document
senior,1. सिनायारी 2. माराङ,Bharatavani / CSTT Fundamental Administrative Terminology (2015),source_document
senior administrative grade,माराङ कामी हुदा,Bharatavani / CSTT Fundamental Administrative Terminology (2015),source_document
senior grade,माराङ हुदा,Bharatavani / CSTT Fundamental Administrative Terminology (2015),source_document
seniority,माराङ गिज,Bharatavani / CSTT Fundamental Administrative Terminology (2015),source_document
seniority-cum-fitness,माराङ साँवते उपयुक्त,Bharatavani / CSTT Fundamental Administrative Terminology (2015),source_document
seniority-cum-merit,माराङ साँव गुण मानी,Bharatavani / CSTT Fundamental Administrative Terminology (2015),source_document
seniority system,माराङ बेवस्था,Bharatavani / CSTT Fundamental Administrative Terminology (2015),source_document
senior management,सानाम खोन माराङ,Bharatavani / CSTT Fundamental Administrative Terminology (2015),source_document
seniormost,सानाम खोन माराङ,Bharatavani / CSTT Fundamental Administrative Terminology (2015),source_document
senior scale,चेतान स्के ल,Bharatavani / CSTT Fundamental Administrative Terminology (2015),source_document
senior timescale,चेतान ओक्त माऩ,Bharatavani / CSTT Fundamental Administrative Terminology (2015),source_document
sensation,संबेदना,Bharatavani / CSTT Fundamental Administrative Terminology (2015),source_document
sensitive,संबेदन,Bharatavani / CSTT Fundamental Administrative Terminology (2015),source_document
sentence,1. काया 2. डाडोम,Bharatavani / CSTT Fundamental Administrative Terminology (2015),source_document
separated family,आलाग आकान घारोञ्ज,Bharatavani / CSTT Fundamental Administrative Terminology (2015),source_document
separation,हापाटिञ,Bharatavani / CSTT Fundamental Administrative Terminology (2015),source_document
sequence,लेताड़ एलेख,Bharatavani / CSTT Fundamental Administrative Terminology (2015),source_document
serial list,एलेख सूची,Bharatavani / CSTT Fundamental Administrative Terminology (2015),source_document
serial number,एलेख लेखा,Bharatavani / CSTT Fundamental Administrative Terminology (2015),source_document
series,1. घाप 2. अंक,Bharatavani / CSTT Fundamental Administrative Terminology (2015),source_document
serious,आडी गोमभीर,Bharatavani / CSTT Fundamental Administrative Terminology (2015),source_document
servant,1. सेबायिच 2. गुति,Bharatavani / CSTT Fundamental Administrative Terminology (2015),source_document
serve,हाटिञ,Bharatavani / CSTT Fundamental Administrative Terminology (2015),source_document
service,कामी,Bharatavani / CSTT Fundamental Administrative Terminology (2015),source_document
serviceable,मेराममत,Bharatavani / CSTT Fundamental Administrative Terminology (2015),source_document
service book,कामी पुथी,Bharatavani / CSTT Fundamental Administrative Terminology (2015),source_document
service conditions,कामी सर्त,Bharatavani / CSTT Fundamental Administrative Terminology (2015),source_document
service contract,कामी कोनटाक,Bharatavani / CSTT Fundamental Administrative Terminology (2015),source_document
service of summon,कामी तामील,Bharatavani / CSTT Fundamental Administrative Terminology (2015),source_document
service postage stamp,सरकारी डाक ेटिकेट,Bharatavani / CSTT Fundamental Administrative Terminology (2015),source_document
service record,सेवा रे कड,Bharatavani / CSTT Fundamental Administrative Terminology (2015),source_document
service roll,कामि आचुर,Bharatavani / CSTT Fundamental Administrative Terminology (2015),source_document
service rules,कामि नियोम,Bharatavani / CSTT Fundamental Administrative Terminology (2015),source_document
service verification,कामी भेरी फिकेसन,Bharatavani / CSTT Fundamental Administrative Terminology (2015),source_document
session,सत्र,Bharatavani / CSTT Fundamental Administrative Terminology (2015),source_document
session of parliament,पारलामेन्ट रे नाः सत्र,Bharatavani / CSTT Fundamental Administrative Terminology (2015),source_document
set,1. ठिक काः 2. सानामाः,Bharatavani / CSTT Fundamental Administrative Terminology (2015),source_document
set aside,भेगार काः,Bharatavani / CSTT Fundamental Administrative Terminology (2015),source_document
settlement,बोनदो बोसती,Bharatavani / CSTT Fundamental Administrative Terminology (2015),source_document
set-up,ठावका आकान,Bharatavani / CSTT Fundamental Administrative Terminology (2015),source_document
severally,भेगार भेगार,Bharatavani / CSTT Fundamental Administrative Terminology (2015),source_document
severance of relatiions,जोनोड़ाव तोपाः,Bharatavani / CSTT Fundamental Administrative Terminology (2015),source_document
severe action,केटे च कारावाई ़,Bharatavani / CSTT Fundamental Administrative Terminology (2015),source_document
sewage,ओजरा,Bharatavani / CSTT Fundamental Administrative Terminology (2015),source_document
sex,जानाङ,Bharatavani / CSTT Fundamental Administrative Terminology (2015),source_document
sex discrimination,जानाङ भेपेगेत,Bharatavani / CSTT Fundamental Administrative Terminology (2015),source_document
share,ओङसी,Bharatavani / CSTT Fundamental Administrative Terminology (2015),source_document
share holder,ओङसीदार,Bharatavani / CSTT Fundamental Administrative Terminology (2015),source_document
sharing,भाग हाताव,Bharatavani / CSTT Fundamental Administrative Terminology (2015),source_document
shift,उचाड़,Bharatavani / CSTT Fundamental Administrative Terminology (2015),source_document
shifting,ठाँव बोदोल,Bharatavani / CSTT Fundamental Administrative Terminology (2015),source_document
shift system,ठाँव रे नाः सिसटे म,Bharatavani / CSTT Fundamental Administrative Terminology (2015),source_document
shift transfer,ठाँव बोदोल,Bharatavani / CSTT Fundamental Administrative Terminology (2015),source_document
shortage,1. कोमी कोम 2. ओभाव 3. काच़,Bharatavani / CSTT Fundamental Administrative Terminology (2015),source_document
shortage of manpower,होड़ कोवाः दाड़े कोम,Bharatavani / CSTT Fundamental Administrative Terminology (2015),source_document
shortfall,कोमी,Bharatavani / CSTT Fundamental Administrative Terminology (2015),source_document
shorthand,टाईप ओल 2. खाटोते ओल,Bharatavani / CSTT Fundamental Administrative Terminology (2015),source_document
short leave,खाटो दिन लागित छुटी,Bharatavani / CSTT Fundamental Administrative Terminology (2015),source_document
shortlist,काच़ सूची,Bharatavani / CSTT Fundamental Administrative Terminology (2015),source_document
short notice,कोम समय रे बाडाय होचो.,Bharatavani / CSTT Fundamental Administrative Terminology (2015),source_document
short staffed,कोम कामिया को,Bharatavani / CSTT Fundamental Administrative Terminology (2015),source_document
short term,कोम ओहोवाः,Bharatavani / CSTT Fundamental Administrative Terminology (2015),source_document
short-term-course,कोम ओहोवाः पाङहाव धारा,Bharatavani / CSTT Fundamental Administrative Terminology (2015),source_document
short title,खाटो ञँतुम,Bharatavani / CSTT Fundamental Administrative Terminology (2015),source_document
show cause notice,कारन बाताव नोटिस,Bharatavani / CSTT Fundamental Administrative Terminology (2015),source_document
shut down,बोन्दोयेना,Bharatavani / CSTT Fundamental Administrative Terminology (2015),source_document
sick industry,कोमजोरी कारखाना,Bharatavani / CSTT Fundamental Administrative Terminology (2015),source_document
sick leave,बिमारी छुटी,Bharatavani / CSTT Fundamental Administrative Terminology (2015),source_document
sickness benefit,कोमजुरी लाब,Bharatavani / CSTT Fundamental Administrative Terminology (2015),source_document
sick report,रुवाः छुटी रिपोट,Bharatavani / CSTT Fundamental Administrative Terminology (2015),source_document
sign,चिनहा,Bharatavani / CSTT Fundamental Administrative Terminology (2015),source_document
signature,सह ु ी,Bharatavani / CSTT Fundamental Administrative Terminology (2015),source_document
signature campaign,सुही अभियान,Bharatavani / CSTT Fundamental Administrative Terminology (2015),source_document
signature pad,सुही पेड,Bharatavani / CSTT Fundamental Administrative Terminology (2015),source_document
significant,मोहोत ् आना,Bharatavani / CSTT Fundamental Administrative Terminology (2015),source_document
signify,उरुम,Bharatavani / CSTT Fundamental Administrative Terminology (2015),source_document
similar,बारा-बारियाः,Bharatavani / CSTT Fundamental Administrative Terminology (2015),source_document
simple interest,1. कोम लाब 2. कोम सुद,Bharatavani / CSTT Fundamental Administrative Terminology (2015),source_document
simultaneous,मितघाव ते,Bharatavani / CSTT Fundamental Administrative Terminology (2015),source_document
simultaneously,मितघाव ते,Bharatavani / CSTT Fundamental Administrative Terminology (2015),source_document
sincere,पातियावान,Bharatavani / CSTT Fundamental Administrative Terminology (2015),source_document
sine die,बे ठावका ओह् लागान,Bharatavani / CSTT Fundamental Administrative Terminology (2015),source_document
sine qua non,अपरिहार शर्त,Bharatavani / CSTT Fundamental Administrative Terminology (2015),source_document
single entry system,मित होड़ बोलोन रे नाः,Bharatavani / CSTT Fundamental Administrative Terminology (2015),source_document
single fare,मित तोरफा भाड़ा,Bharatavani / CSTT Fundamental Administrative Terminology (2015),source_document
single file system,मित फाईल सिसटे म,Bharatavani / CSTT Fundamental Administrative Terminology (2015),source_document
sir,1. मानोतान 2. महाशय 3. गोमरके,Bharatavani / CSTT Fundamental Administrative Terminology (2015),source_document
site,दड़ुु ब ठाँव,Bharatavani / CSTT Fundamental Administrative Terminology (2015),source_document
site plan,दड़ुु ब ठाँव नोकसा,Bharatavani / CSTT Fundamental Administrative Terminology (2015),source_document
sitting member,दड़ुु ब रिन रासिया ़,Bharatavani / CSTT Fundamental Administrative Terminology (2015),source_document
situation,स्थिति,Bharatavani / CSTT Fundamental Administrative Terminology (2015),source_document
situations vacant,खाली ठाँव,Bharatavani / CSTT Fundamental Administrative Terminology (2015),source_document
situations wanted,कामी लाकती,Bharatavani / CSTT Fundamental Administrative Terminology (2015),source_document
skeleton staff,आडि कोम कामिया को,Bharatavani / CSTT Fundamental Administrative Terminology (2015),source_document
skilled labourer,भागी कामिया को,Bharatavani / CSTT Fundamental Administrative Terminology (2015),source_document
slackness,डिल़ा,Bharatavani / CSTT Fundamental Administrative Terminology (2015),source_document
slack season,डिला ओक्ल,Bharatavani / CSTT Fundamental Administrative Terminology (2015),source_document
slander,ओपोमान रोड़,Bharatavani / CSTT Fundamental Administrative Terminology (2015),source_document
sleeper class,गितिज रे नाः चानाच ्,Bharatavani / CSTT Fundamental Administrative Terminology (2015),source_document
sliding scale,विसपी मान,Bharatavani / CSTT Fundamental Administrative Terminology (2015),source_document
slip,पच ु ज ु,Bharatavani / CSTT Fundamental Administrative Terminology (2015),source_document
slow down,बाय़ बायते,Bharatavani / CSTT Fundamental Administrative Terminology (2015),source_document
slum,झुपड़ी,Bharatavani / CSTT Fundamental Administrative Terminology (2015),source_document
slump,टाटका ञुरँ ह़ा,Bharatavani / CSTT Fundamental Administrative Terminology (2015),source_document
small savings fund,1. खाटो सारे ज टाका 2. कोम सारे ज टाका,Bharatavani / CSTT Fundamental Administrative Terminology (2015),source_document
small scale enterprise,हुडिञ कारखाना,Bharatavani / CSTT Fundamental Administrative Terminology (2015),source_document
small scale industry,काटिज कारखाना,Bharatavani / CSTT Fundamental Administrative Terminology (2015),source_document
smartness,आडि फुर्ति,Bharatavani / CSTT Fundamental Administrative Terminology (2015),source_document
smooth,बाय़ बाय़ ते,Bharatavani / CSTT Fundamental Administrative Terminology (2015),source_document
snap inspection,टाटका ञेल आगु,Bharatavani / CSTT Fundamental Administrative Terminology (2015),source_document
snap strike,टाटका बनदो,Bharatavani / CSTT Fundamental Administrative Terminology (2015),source_document
social security,बाँञ्चाव साँवतारियारी,Bharatavani / CSTT Fundamental Administrative Terminology (2015),source_document
social welfare,साँवतारियारी भालाई ़,Bharatavani / CSTT Fundamental Administrative Terminology (2015),source_document
software,सोस्ट ओयार,Bharatavani / CSTT Fundamental Administrative Terminology (2015),source_document
sojourn,तिरुः,Bharatavani / CSTT Fundamental Administrative Terminology (2015),source_document
sole,एकला गे,Bharatavani / CSTT Fundamental Administrative Terminology (2015),source_document
sole agency,एकला एजेन्सी,Bharatavani / CSTT Fundamental Administrative Terminology (2015),source_document
solemn,सारी,Bharatavani / CSTT Fundamental Administrative Terminology (2015),source_document
solemn affirmation,सारीयान किरिया,Bharatavani / CSTT Fundamental Administrative Terminology (2015),source_document
solemnity,भीतीरते,Bharatavani / CSTT Fundamental Administrative Terminology (2015),source_document
solemnize,विधिवत कामी,Bharatavani / CSTT Fundamental Administrative Terminology (2015),source_document
solemnly,सारि पातियाव सालाः,Bharatavani / CSTT Fundamental Administrative Terminology (2015),source_document
sole owner,मित होड़ाः होक,Bharatavani / CSTT Fundamental Administrative Terminology (2015),source_document
solicit,नेहोर एदाय,Bharatavani / CSTT Fundamental Administrative Terminology (2015),source_document
sodiarity,1. मित धावते 2. मितगुट,Bharatavani / CSTT Fundamental Administrative Terminology (2015),source_document
solitary,एकला,Bharatavani / CSTT Fundamental Administrative Terminology (2015),source_document
solitary case,एकला मामला,Bharatavani / CSTT Fundamental Administrative Terminology (2015),source_document
solution,हाल ओडोक,Bharatavani / CSTT Fundamental Administrative Terminology (2015),source_document
solve,समाधान,Bharatavani / CSTT Fundamental Administrative Terminology (2015),source_document
sorting,1. पानते ओडोक 2. छाँटाव,Bharatavani / CSTT Fundamental Administrative Terminology (2015),source_document
sorting appliance,छाँटाव रे नाः यन्त्र,Bharatavani / CSTT Fundamental Administrative Terminology (2015),source_document
source,1. एहोब 2. सोत ्,Bharatavani / CSTT Fundamental Administrative Terminology (2015),source_document
source of income,आय रे नाः होर,Bharatavani / CSTT Fundamental Administrative Terminology (2015),source_document
souvenir,दिसा उनद ु ःु,Bharatavani / CSTT Fundamental Administrative Terminology (2015),source_document
sovereign,सानाम खोन दाड़े,Bharatavani / CSTT Fundamental Administrative Terminology (2015),source_document
sovereignty,सानाम खोन दाड़ेयानिच,Bharatavani / CSTT Fundamental Administrative Terminology (2015),source_document
space,सेरमा रे,Bharatavani / CSTT Fundamental Administrative Terminology (2015),source_document
spacing,पर-पर,Bharatavani / CSTT Fundamental Administrative Terminology (2015),source_document
spade work,एतोहोब कामी,Bharatavani / CSTT Fundamental Administrative Terminology (2015),source_document
spare,बाड़तियाः,Bharatavani / CSTT Fundamental Administrative Terminology (2015),source_document
spare copy,बाड़तियाः कोपी,Bharatavani / CSTT Fundamental Administrative Terminology (2015),source_document
spare time,1. बाड़ती सोमोय 2. खाली सोमाय,Bharatavani / CSTT Fundamental Administrative Terminology (2015),source_document
speaker,रोरोड़िच,Bharatavani / CSTT Fundamental Administrative Terminology (2015),source_document
special,1. बिसेस 2. खास़,Bharatavani / CSTT Fundamental Administrative Terminology (2015),source_document
special ability test,बिसेस जोगोत मान बिडाव,Bharatavani / CSTT Fundamental Administrative Terminology (2015),source_document
special allowance,बिसेस भातता,Bharatavani / CSTT Fundamental Administrative Terminology (2015),source_document
special cell,बिसेस सेल,Bharatavani / CSTT Fundamental Administrative Terminology (2015),source_document
special commendation,बिसेस सारावना,Bharatavani / CSTT Fundamental Administrative Terminology (2015),source_document
special compensatory allow-,बिसेस प्रतिकर भातता,Bharatavani / CSTT Fundamental Administrative Terminology (2015),source_document
special drive,बिसेस साँघार,Bharatavani / CSTT Fundamental Administrative Terminology (2015),source_document
special grant,बिसेस गोड़ो टाका,Bharatavani / CSTT Fundamental Administrative Terminology (2015),source_document
specialist,पारुखिया,Bharatavani / CSTT Fundamental Administrative Terminology (2015),source_document
specialization,पारुखियावान,Bharatavani / CSTT Fundamental Administrative Terminology (2015),source_document
special messanger,बिसेस खोबोर आगुयिच ्,Bharatavani / CSTT Fundamental Administrative Terminology (2015),source_document
special pay,बिसेस बेतन,Bharatavani / CSTT Fundamental Administrative Terminology (2015),source_document
special power of attorney,बिसेस लेमेञ दाड़े,Bharatavani / CSTT Fundamental Administrative Terminology (2015),source_document
special protection group,बिसेस बाँबाँञ्चाव दोल,Bharatavani / CSTT Fundamental Administrative Terminology (2015),source_document
specific,गाखुड़ान,Bharatavani / CSTT Fundamental Administrative Terminology (2015),source_document
specification,बिसेस कारते बाङ रे बेन,Bharatavani / CSTT Fundamental Administrative Terminology (2015),source_document
specific denial,साफा खोनडोन,Bharatavani / CSTT Fundamental Administrative Terminology (2015),source_document
specific reason,माराङ ओजे,Bharatavani / CSTT Fundamental Administrative Terminology (2015),source_document
specimen signature,नमुना सही 2. ञुतुम ओल,Bharatavani / CSTT Fundamental Administrative Terminology (2015),source_document
speculation,कामी होरा तेयार,Bharatavani / CSTT Fundamental Administrative Terminology (2015),source_document
speech,1. बकार्तता 2. भासन,Bharatavani / CSTT Fundamental Administrative Terminology (2015),source_document
speed,1. लोगोन 2. चाँडे,Bharatavani / CSTT Fundamental Administrative Terminology (2015),source_document
speed breaker,चाँडे चालाव रे बाय़ बाय ते चालाव होचो,Bharatavani / CSTT Fundamental Administrative Terminology (2015),source_document
speed limit,चाँडे चालाव रे नाः सीमा,Bharatavani / CSTT Fundamental Administrative Terminology (2015),source_document
speed post,चाँडे चिठी सेटेर,Bharatavani / CSTT Fundamental Administrative Terminology (2015),source_document
speedy action,चाँडे कामी,Bharatavani / CSTT Fundamental Administrative Terminology (2015),source_document
sphere,टोठा,Bharatavani / CSTT Fundamental Administrative Terminology (2015),source_document
spiral binding,केटे च मोलात,Bharatavani / CSTT Fundamental Administrative Terminology (2015),source_document
split duty,हाटिञ आकात कामी,Bharatavani / CSTT Fundamental Administrative Terminology (2015),source_document
sponsor,कामियिच ्,Bharatavani / CSTT Fundamental Administrative Terminology (2015),source_document
sponsorship,कामिरे याः,Bharatavani / CSTT Fundamental Administrative Terminology (2015),source_document
spot inspection,ठाँव ञेल,Bharatavani / CSTT Fundamental Administrative Terminology (2015),source_document
spot payment,ठाँव रे गे कुड़ाई एम,Bharatavani / CSTT Fundamental Administrative Terminology (2015),source_document
spouse,बापला आकान जाँवाय बाङखान बाहु,Bharatavani / CSTT Fundamental Administrative Terminology (2015),source_document
squad,कामी,Bharatavani / CSTT Fundamental Administrative Terminology (2015),source_document
stability,थानित,Bharatavani / CSTT Fundamental Administrative Terminology (2015),source_document
staff,कामियाः,Bharatavani / CSTT Fundamental Administrative Terminology (2015),source_document
staff association,कामिया कोवाः गाँवता,Bharatavani / CSTT Fundamental Administrative Terminology (2015),source_document
staff quarter,कामिया कोवाः ओडाः,Bharatavani / CSTT Fundamental Administrative Terminology (2015),source_document
staff room,कामिया कोवा खुदड़ी,Bharatavani / CSTT Fundamental Administrative Terminology (2015),source_document
staff welfare fund,कामिया कोवाः भालाई कावड़ी,Bharatavani / CSTT Fundamental Administrative Terminology (2015),source_document
stage,आखड़ा,Bharatavani / CSTT Fundamental Administrative Terminology (2015),source_document
stagnation,आकोट,Bharatavani / CSTT Fundamental Administrative Terminology (2015),source_document
stake,दाँव,Bharatavani / CSTT Fundamental Administrative Terminology (2015),source_document
stamp,टिकेट स्टाम्प,Bharatavani / CSTT Fundamental Administrative Terminology (2015),source_document
stamp duty,स्टाम सल ु ्क,Bharatavani / CSTT Fundamental Administrative Terminology (2015),source_document
stamped envelope,स्टाम लिफाफा,Bharatavani / CSTT Fundamental Administrative Terminology (2015),source_document
stamp pad,स्टाम पेड,Bharatavani / CSTT Fundamental Administrative Terminology (2015),source_document
stamp paper,स्टाम पेपार,Bharatavani / CSTT Fundamental Administrative Terminology (2015),source_document
stand,स्टेन्ड,Bharatavani / CSTT Fundamental Administrative Terminology (2015),source_document
standard,मानक,Bharatavani / CSTT Fundamental Administrative Terminology (2015),source_document
standard agreement,मानक एकरार,Bharatavani / CSTT Fundamental Administrative Terminology (2015),source_document
standard deduction,मानक गेत ्,Bharatavani / CSTT Fundamental Administrative Terminology (2015),source_document
standard format,मानक रुप,Bharatavani / CSTT Fundamental Administrative Terminology (2015),source_document
standardization,मानकीकरण,Bharatavani / CSTT Fundamental Administrative Terminology (2015),source_document
standard man-hours,मानक कामी घन्टा,Bharatavani / CSTT Fundamental Administrative Terminology (2015),source_document
standard of living,जीवन स्तर,Bharatavani / CSTT Fundamental Administrative Terminology (2015),source_document
standard performance,मानक मुचात ्,Bharatavani / CSTT Fundamental Administrative Terminology (2015),source_document
standard rate,मानक दर,Bharatavani / CSTT Fundamental Administrative Terminology (2015),source_document
standby arrangement,आपात ् व्यबस्था,Bharatavani / CSTT Fundamental Administrative Terminology (2015),source_document
standing,1. तिंगु 2. थानित,Bharatavani / CSTT Fundamental Administrative Terminology (2015),source_document
standing commission,थानित आयोग,Bharatavani / CSTT Fundamental Administrative Terminology (2015),source_document
standing committee,थानित सुमिति,Bharatavani / CSTT Fundamental Administrative Terminology (2015),source_document
standing order,थानित आदे स,Bharatavani / CSTT Fundamental Administrative Terminology (2015),source_document
standstill,तिंगुन,Bharatavani / CSTT Fundamental Administrative Terminology (2015),source_document
starred,तारांकित,Bharatavani / CSTT Fundamental Administrative Terminology (2015),source_document
starred question,तारांकित कुकली,Bharatavani / CSTT Fundamental Administrative Terminology (2015),source_document
starter,स्टाटार,Bharatavani / CSTT Fundamental Administrative Terminology (2015),source_document
starting salary,एतोहोब बेतन,Bharatavani / CSTT Fundamental Administrative Terminology (2015),source_document
state,टोठा,Bharatavani / CSTT Fundamental Administrative Terminology (2015),source_document
state banquet,राजभोज,Bharatavani / CSTT Fundamental Administrative Terminology (2015),source_document
state government,पोनोत सरकार,Bharatavani / CSTT Fundamental Administrative Terminology (2015),source_document
state guest,पोनोत पेड़ा ओड़ाः,Bharatavani / CSTT Fundamental Administrative Terminology (2015),source_document
state list,पोनोत सूची,Bharatavani / CSTT Fundamental Administrative Terminology (2015),source_document
stalemate,खाच-खा ़ च़ ते,Bharatavani / CSTT Fundamental Administrative Terminology (2015),source_document
statement,1. बाखान 2. बेयान,Bharatavani / CSTT Fundamental Administrative Terminology (2015),source_document
statement of account,लेखा बिबरण,Bharatavani / CSTT Fundamental Administrative Terminology (2015),source_document
statement of facts,तेतत े रे नाः बाडाय,Bharatavani / CSTT Fundamental Administrative Terminology (2015),source_document
state of health,निफुट स्थिति,Bharatavani / CSTT Fundamental Administrative Terminology (2015),source_document
statesman,राजआरी बाडाय,Bharatavani / CSTT Fundamental Administrative Terminology (2015),source_document
static,थीर,Bharatavani / CSTT Fundamental Administrative Terminology (2015),source_document
station,1. केन्द्र 2. स्टेसन,Bharatavani / CSTT Fundamental Administrative Terminology (2015),source_document
stationary stock,जिनिस को,Bharatavani / CSTT Fundamental Administrative Terminology (2015),source_document
stationery,जिनिस को एमान,Bharatavani / CSTT Fundamental Administrative Terminology (2015),source_document
station leave,स्टेसन बागि छुटी,Bharatavani / CSTT Fundamental Administrative Terminology (2015),source_document
statistical,लेखा किया,Bharatavani / CSTT Fundamental Administrative Terminology (2015),source_document
statistical data,लेखा किया डाटा,Bharatavani / CSTT Fundamental Administrative Terminology (2015),source_document
statistics,लेखाहाः,Bharatavani / CSTT Fundamental Administrative Terminology (2015),source_document
status,स्थिति,Bharatavani / CSTT Fundamental Administrative Terminology (2015),source_document
status quo,जोथात लेकाना,Bharatavani / CSTT Fundamental Administrative Terminology (2015),source_document
status report,स्थिति रिपोट,Bharatavani / CSTT Fundamental Administrative Terminology (2015),source_document
status symbol,मुठान रे नाः चिन्हा,Bharatavani / CSTT Fundamental Administrative Terminology (2015),source_document
statutory,कानुन,Bharatavani / CSTT Fundamental Administrative Terminology (2015),source_document
statutory body,कानुनी निकाय,Bharatavani / CSTT Fundamental Administrative Terminology (2015),source_document
statutory holiday,कानुनी छुटी,Bharatavani / CSTT Fundamental Administrative Terminology (2015),source_document
statutory rights,कानन ु ी होक्,Bharatavani / CSTT Fundamental Administrative Terminology (2015),source_document
stay,1. आकोट 2. रुख़ाव,Bharatavani / CSTT Fundamental Administrative Terminology (2015),source_document
steady growth,आचते हाराः,Bharatavani / CSTT Fundamental Administrative Terminology (2015),source_document
steep increase,लोगोन ब़ाड़,Bharatavani / CSTT Fundamental Administrative Terminology (2015),source_document
steering committee,बिषय बाछनाव गाँवता,Bharatavani / CSTT Fundamental Administrative Terminology (2015),source_document
stenography,1. खाटोटे ओल 2. गार ते ओल,Bharatavani / CSTT Fundamental Administrative Terminology (2015),source_document
sterilization,नासबन्दी,Bharatavani / CSTT Fundamental Administrative Terminology (2015),source_document
stern action,केटे ज कारवाई,Bharatavani / CSTT Fundamental Administrative Terminology (2015),source_document
stigma,बाप,Bharatavani / CSTT Fundamental Administrative Terminology (2015),source_document
stimulation,उददीपन,Bharatavani / CSTT Fundamental Administrative Terminology (2015),source_document
stipend,गोड़ो टाका,Bharatavani / CSTT Fundamental Administrative Terminology (2015),source_document
stipulate,एकरार,Bharatavani / CSTT Fundamental Administrative Terminology (2015),source_document
stipulated time limit,एकरार समय सिमा,Bharatavani / CSTT Fundamental Administrative Terminology (2015),source_document
stipulation,"अनुंबद्य, एकरार",Bharatavani / CSTT Fundamental Administrative Terminology (2015),source_document
stock,1. सामान 2. माल,Bharatavani / CSTT Fundamental Administrative Terminology (2015),source_document
stock register,स्टोक रे जिस्टार,Bharatavani / CSTT Fundamental Administrative Terminology (2015),source_document
stock-taking,माल हाताव,Bharatavani / CSTT Fundamental Administrative Terminology (2015),source_document
stock valuation,माल रे ना गोनोङ,Bharatavani / CSTT Fundamental Administrative Terminology (2015),source_document
stopgap arrangement,अतः कालीन,Bharatavani / CSTT Fundamental Administrative Terminology (2015),source_document
storage,गोदाम,Bharatavani / CSTT Fundamental Administrative Terminology (2015),source_document
storage space,गोदाम रे नाः ठाँव,Bharatavani / CSTT Fundamental Administrative Terminology (2015),source_document
store,गोदाम,Bharatavani / CSTT Fundamental Administrative Terminology (2015),source_document
straight,सोझो,Bharatavani / CSTT Fundamental Administrative Terminology (2015),source_document
strain,होरोबोरो,Bharatavani / CSTT Fundamental Administrative Terminology (2015),source_document
strange,1. हाहाड़ा 2. बेगोर चिन्हाप ्,Bharatavani / CSTT Fundamental Administrative Terminology (2015),source_document
stranger,धाप,Bharatavani / CSTT Fundamental Administrative Terminology (2015),source_document
strata,कामीहोरा,Bharatavani / CSTT Fundamental Administrative Terminology (2015),source_document
strategy,धापाः,Bharatavani / CSTT Fundamental Administrative Terminology (2015),source_document
stratification,नापायते बैनाव,Bharatavani / CSTT Fundamental Administrative Terminology (2015),source_document
streamline,1. सोहोत ् 2. दाडे 3. एलेख,Bharatavani / CSTT Fundamental Administrative Terminology (2015),source_document
strength,1. दाड़े एम 2. दाडे,Bharatavani / CSTT Fundamental Administrative Terminology (2015),source_document
strengthen,1. कामीद़ाड़े ़ 2. केटे च ्,Bharatavani / CSTT Fundamental Administrative Terminology (2015),source_document
strenuous,कामी ़ द़ाड़े,Bharatavani / CSTT Fundamental Administrative Terminology (2015),source_document
stress,जोर एम,Bharatavani / CSTT Fundamental Administrative Terminology (2015),source_document
stress management,जोरएम कामीरे नाः,Bharatavani / CSTT Fundamental Administrative Terminology (2015),source_document
strict,केटे च ्,Bharatavani / CSTT Fundamental Administrative Terminology (2015),source_document
strictly,केटे चत ्‌ े,Bharatavani / CSTT Fundamental Administrative Terminology (2015),source_document
strictness,केटे चआ ्‌ ः,Bharatavani / CSTT Fundamental Administrative Terminology (2015),source_document
stricture,आ़री,Bharatavani / CSTT Fundamental Administrative Terminology (2015),source_document
strike,1. हड़ताल 2. घ़ाड़िथका,Bharatavani / CSTT Fundamental Administrative Terminology (2015),source_document
strike call,हड़ताल होहो,Bharatavani / CSTT Fundamental Administrative Terminology (2015),source_document
stringency,केटे जाः,Bharatavani / CSTT Fundamental Administrative Terminology (2015),source_document
strip,तोलाः,Bharatavani / CSTT Fundamental Administrative Terminology (2015),source_document
strive,कुरुमुटू,Bharatavani / CSTT Fundamental Administrative Terminology (2015),source_document
storage capacity,दोहोरे नाः ठॉव,Bharatavani / CSTT Fundamental Administrative Terminology (2015),source_document
strong room,दोहो ओड़ाः,Bharatavani / CSTT Fundamental Administrative Terminology (2015),source_document
structural,सिरजावाः,Bharatavani / CSTT Fundamental Administrative Terminology (2015),source_document
structure,सिरजाव,Bharatavani / CSTT Fundamental Administrative Terminology (2015),source_document
structured interview,आपनारते ञापाम / बिड़ाव एम,Bharatavani / CSTT Fundamental Administrative Terminology (2015),source_document
structured pay,आपतारते बेनाव दोरमाहा,Bharatavani / CSTT Fundamental Administrative Terminology (2015),source_document
struggle,लाड़ावना,Bharatavani / CSTT Fundamental Administrative Terminology (2015),source_document
stubborn,जिद,Bharatavani / CSTT Fundamental Administrative Terminology (2015),source_document
studios,1. पाठव़ा 2. क़ामिथ़ा,Bharatavani / CSTT Fundamental Administrative Terminology (2015),source_document
study,पाड़हाव,Bharatavani / CSTT Fundamental Administrative Terminology (2015),source_document
study leave,पाड़हाः छुट्टी,Bharatavani / CSTT Fundamental Administrative Terminology (2015),source_document
stuff,सामानको,Bharatavani / CSTT Fundamental Administrative Terminology (2015),source_document
stupendous,1. हाहाड़ा 2. हामाल,Bharatavani / CSTT Fundamental Administrative Terminology (2015),source_document
style,ढोंग,Bharatavani / CSTT Fundamental Administrative Terminology (2015),source_document
sub (subordinate),चाँगा,Bharatavani / CSTT Fundamental Administrative Terminology (2015),source_document
sub-committee,चाँगा गॉवता,Bharatavani / CSTT Fundamental Administrative Terminology (2015),source_document
sub-contract,चाँगा ठिक़ा,Bharatavani / CSTT Fundamental Administrative Terminology (2015),source_document
sub-district,चाँगा जिला,Bharatavani / CSTT Fundamental Administrative Terminology (2015),source_document
sub-division,चाँगा हाटिञ,Bharatavani / CSTT Fundamental Administrative Terminology (2015),source_document
sub-head,चाँगा म़ालिक,Bharatavani / CSTT Fundamental Administrative Terminology (2015),source_document
subject,1. बिनित 2. जिनित,Bharatavani / CSTT Fundamental Administrative Terminology (2015),source_document
subjective,आपनारतेयाः,Bharatavani / CSTT Fundamental Administrative Terminology (2015),source_document
subjudice,नायाः अधिन,Bharatavani / CSTT Fundamental Administrative Terminology (2015),source_document
sublease,चाँगा पाट्टा,Bharatavani / CSTT Fundamental Administrative Terminology (2015),source_document
subletting,चाँगा ताँहेनिच ्,Bharatavani / CSTT Fundamental Administrative Terminology (2015),source_document
submission,1. नेहोर 2. सामाङेत ्,Bharatavani / CSTT Fundamental Administrative Terminology (2015),source_document
submissive,नेहोरते,Bharatavani / CSTT Fundamental Administrative Terminology (2015),source_document
subordinate office,लातार रे नाः क़ामी ओड़ा,Bharatavani / CSTT Fundamental Administrative Terminology (2015),source_document
subordinate services,लातार रे नाः क़ामी,Bharatavani / CSTT Fundamental Administrative Terminology (2015),source_document
subordinate staff,लातार रे न क़ामीयाको,Bharatavani / CSTT Fundamental Administrative Terminology (2015),source_document
subparagraph,चाँगा पेराग्राफ,Bharatavani / CSTT Fundamental Administrative Terminology (2015),source_document
subrule,1. चाँगा नियम 2. चाँगा आ़री,Bharatavani / CSTT Fundamental Administrative Terminology (2015),source_document
subscribe,चाँदा,Bharatavani / CSTT Fundamental Administrative Terminology (2015),source_document
subscribed capital,चाँदाकावडी पुंजी,Bharatavani / CSTT Fundamental Administrative Terminology (2015),source_document
subscriber,हाताविच ्,Bharatavani / CSTT Fundamental Administrative Terminology (2015),source_document
subscription,चाँदा,Bharatavani / CSTT Fundamental Administrative Terminology (2015),source_document
subsection,चाँगा आ़री,Bharatavani / CSTT Fundamental Administrative Terminology (2015),source_document
subsequent,बोदोलते,Bharatavani / CSTT Fundamental Administrative Terminology (2015),source_document
subsequent action,बोदोलते क़ामी,Bharatavani / CSTT Fundamental Administrative Terminology (2015),source_document
subsequently,तायोमते,Bharatavani / CSTT Fundamental Administrative Terminology (2015),source_document
subsidiary,गोड़ो,Bharatavani / CSTT Fundamental Administrative Terminology (2015),source_document
subsidiary bodies,गोड़ो एमोगिच ्,Bharatavani / CSTT Fundamental Administrative Terminology (2015),source_document
subsidiary industry,चाँगा कारखाना,Bharatavani / CSTT Fundamental Administrative Terminology (2015),source_document
subsidiary mandate,चाँगा आ़नआ़री,Bharatavani / CSTT Fundamental Administrative Terminology (2015),source_document
subsidiary receipt,गोड़ो रुसिद,Bharatavani / CSTT Fundamental Administrative Terminology (2015),source_document
subsidiary register,गोड़ो रे जिस्टर,Bharatavani / CSTT Fundamental Administrative Terminology (2015),source_document
subsidise,गोड़ो एम,Bharatavani / CSTT Fundamental Administrative Terminology (2015),source_document
subsidised,गोड़ो आम,Bharatavani / CSTT Fundamental Administrative Terminology (2015),source_document
subsidized accommodation,गोड़ोञाम ओड़ाः,Bharatavani / CSTT Fundamental Administrative Terminology (2015),source_document
subsidy,गोड़ो एमाः,Bharatavani / CSTT Fundamental Administrative Terminology (2015),source_document
subsistence,1. भोरसा 2. गोड़ोवा,Bharatavani / CSTT Fundamental Administrative Terminology (2015),source_document
subsistence allowance,गोड़ोवाः क़ावडी,Bharatavani / CSTT Fundamental Administrative Terminology (2015),source_document
subsistence grant,गोड़ोटाका,Bharatavani / CSTT Fundamental Administrative Terminology (2015),source_document
substandard,चाँगा रिहिट,Bharatavani / CSTT Fundamental Administrative Terminology (2015),source_document
substantial,ब़ाड़तियाः,Bharatavani / CSTT Fundamental Administrative Terminology (2015),source_document
substantiate,स़ाखी पुऱाव,Bharatavani / CSTT Fundamental Administrative Terminology (2015),source_document
substantive,मूलतेत ्,Bharatavani / CSTT Fundamental Administrative Terminology (2015),source_document
substantive pay,मूलतेत ् दोरमाहा,Bharatavani / CSTT Fundamental Administrative Terminology (2015),source_document
substantive post,मूल पोद,Bharatavani / CSTT Fundamental Administrative Terminology (2015),source_document
substitute,1. बाड़तीयाः 2. बोदोलते,Bharatavani / CSTT Fundamental Administrative Terminology (2015),source_document
substitution,बोदोलते दोहो,Bharatavani / CSTT Fundamental Administrative Terminology (2015),source_document
sub sub-paragraph,चाँगा चाँगा पेराग्राफ,Bharatavani / CSTT Fundamental Administrative Terminology (2015),source_document
suburban,1. चाँगाबाजार 2. इनकाबाजार,Bharatavani / CSTT Fundamental Administrative Terminology (2015),source_document
subvention,गोड़ो एमोगिय ्,Bharatavani / CSTT Fundamental Administrative Terminology (2015),source_document
subversion,ऱापत ु ्,Bharatavani / CSTT Fundamental Administrative Terminology (2015),source_document
subway,ओत ् भितरी,Bharatavani / CSTT Fundamental Administrative Terminology (2015),source_document
succeeding,सामाङसेत,Bharatavani / CSTT Fundamental Administrative Terminology (2015),source_document
succession,उनीतायोमयच ्,Bharatavani / CSTT Fundamental Administrative Terminology (2015),source_document
successive,1. लेताड़िच ् 2. बोंसोयिच ्,Bharatavani / CSTT Fundamental Administrative Terminology (2015),source_document
successor,उनीयिय ्,Bharatavani / CSTT Fundamental Administrative Terminology (2015),source_document
succour,आकोट रे गोड़ोएम,Bharatavani / CSTT Fundamental Administrative Terminology (2015),source_document
sue,मोकोरदोमा चालाव,Bharatavani / CSTT Fundamental Administrative Terminology (2015),source_document
suffer,भोगाव,Bharatavani / CSTT Fundamental Administrative Terminology (2015),source_document
suffering,आ़कुत ्,Bharatavani / CSTT Fundamental Administrative Terminology (2015),source_document
sufficient,आ़डीतेत ्,Bharatavani / CSTT Fundamental Administrative Terminology (2015),source_document
suffix,जेलेत,Bharatavani / CSTT Fundamental Administrative Terminology (2015),source_document
suffrage,मोतएमदाड़े,Bharatavani / CSTT Fundamental Administrative Terminology (2015),source_document
suggestion,सुझाव,Bharatavani / CSTT Fundamental Administrative Terminology (2015),source_document
suggestion box,सुझाव एम बाक्स,Bharatavani / CSTT Fundamental Administrative Terminology (2015),source_document
suggestions book,सुझाव एम पुथी,Bharatavani / CSTT Fundamental Administrative Terminology (2015),source_document
suggestive,सूचक,Bharatavani / CSTT Fundamental Administrative Terminology (2015),source_document
suicide,1. आपनारतेगोयच ् 2. जिविख़ाती,Bharatavani / CSTT Fundamental Administrative Terminology (2015),source_document
suit,मोकोरदोमा,Bharatavani / CSTT Fundamental Administrative Terminology (2015),source_document
suitability,ल़ागतीयानिच ्,Bharatavani / CSTT Fundamental Administrative Terminology (2015),source_document
suitable action,ल़ागतीयाः क़ामी,Bharatavani / CSTT Fundamental Administrative Terminology (2015),source_document
suited,ल़ागतीयाः,Bharatavani / CSTT Fundamental Administrative Terminology (2015),source_document
sum,क़ावडी,Bharatavani / CSTT Fundamental Administrative Terminology (2015),source_document
summarily,खाटोते,Bharatavani / CSTT Fundamental Administrative Terminology (2015),source_document
summary,सारतेत,Bharatavani / CSTT Fundamental Administrative Terminology (2015),source_document
summary trial,1. सारतेत बिच़ार 2. खाटो बिचार,Bharatavani / CSTT Fundamental Administrative Terminology (2015),source_document
summing up,खाटोते ओल,Bharatavani / CSTT Fundamental Administrative Terminology (2015),source_document
summit,चेतान,Bharatavani / CSTT Fundamental Administrative Terminology (2015),source_document
summon,होहो,Bharatavani / CSTT Fundamental Administrative Terminology (2015),source_document
sumptuary allowance,खोरोच ् भत्ता,Bharatavani / CSTT Fundamental Administrative Terminology (2015),source_document
sum up,समाहार एम,Bharatavani / CSTT Fundamental Administrative Terminology (2015),source_document
sundry,1. आडीलेकाना 2. सितुङलोलो,Bharatavani / CSTT Fundamental Administrative Terminology (2015),source_document
suo moto,आपनार ते,Bharatavani / CSTT Fundamental Administrative Terminology (2015),source_document
superannuation,1. सेंड़ायिच ् 2. सेड़ायाः,Bharatavani / CSTT Fundamental Administrative Terminology (2015),source_document
superannuation pension,सेंड़ावाः पेन्सोन,Bharatavani / CSTT Fundamental Administrative Terminology (2015),source_document
superficial,चेतानाः,Bharatavani / CSTT Fundamental Administrative Terminology (2015),source_document
superfluous,1. बेगोर ल़ाकती 2. फ़ालतू,Bharatavani / CSTT Fundamental Administrative Terminology (2015),source_document
superimpose,ब़ाड़तीएम,Bharatavani / CSTT Fundamental Administrative Terminology (2015),source_document
superior,सेंड़ा,Bharatavani / CSTT Fundamental Administrative Terminology (2015),source_document
superiority,सेंड़ाः,Bharatavani / CSTT Fundamental Administrative Terminology (2015),source_document
supernumerary,सेंड़ाएलेख,Bharatavani / CSTT Fundamental Administrative Terminology (2015),source_document
supernumerary post,सेंड़ावाः पोद,Bharatavani / CSTT Fundamental Administrative Terminology (2015),source_document
superscribe,चेतान रे ओल,Bharatavani / CSTT Fundamental Administrative Terminology (2015),source_document
superscription,चेतानरे ओलाः,Bharatavani / CSTT Fundamental Administrative Terminology (2015),source_document
supersede,आंगोच ् हाताव,Bharatavani / CSTT Fundamental Administrative Terminology (2015),source_document
supersession,आंगोच ्,Bharatavani / CSTT Fundamental Administrative Terminology (2015),source_document
superstructure,चेतान रे नाः ढाचा,Bharatavani / CSTT Fundamental Administrative Terminology (2015),source_document
supertax,ब़ाड़ती खाजना,Bharatavani / CSTT Fundamental Administrative Terminology (2015),source_document
super timescale,ब़ाड़ती ओकतो मान,Bharatavani / CSTT Fundamental Administrative Terminology (2015),source_document
supervision,1. ञेञेलिच्आ क़ामी 2. ञेलपेद,Bharatavani / CSTT Fundamental Administrative Terminology (2015),source_document
supervisor,ञेञेलिच ्,Bharatavani / CSTT Fundamental Administrative Terminology (2015),source_document
supervisory staff,ञेलपेद क़ामायाको,Bharatavani / CSTT Fundamental Administrative Terminology (2015),source_document
supplement,1. ब़ाड़तीयाः 2. गोड़ोवाः,Bharatavani / CSTT Fundamental Administrative Terminology (2015),source_document
supplementary,1. अनुपूरक 2. ब़ाड़तीतेत ्,Bharatavani / CSTT Fundamental Administrative Terminology (2015),source_document
supplementary budget,ब़ाड़तीयाः बाजेट,Bharatavani / CSTT Fundamental Administrative Terminology (2015),source_document
supplementary cost,ब़ाड़तीयाः लागात ्,Bharatavani / CSTT Fundamental Administrative Terminology (2015),source_document
supplementary demand,ब़ाड़तीयाः मांग,Bharatavani / CSTT Fundamental Administrative Terminology (2015),source_document
supplementary grant,ब़ाड़तीयाः गोड़ोतेत,Bharatavani / CSTT Fundamental Administrative Terminology (2015),source_document
supplementary question,ब़ाड़तीयाः कुकली,Bharatavani / CSTT Fundamental Administrative Terminology (2015),source_document
supplementary rules,ब़ाड़तीयाः आ़न,Bharatavani / CSTT Fundamental Administrative Terminology (2015),source_document
supplier,एमोगिच ्,Bharatavani / CSTT Fundamental Administrative Terminology (2015),source_document
supply,एम,Bharatavani / CSTT Fundamental Administrative Terminology (2015),source_document
support,गोड़ो,Bharatavani / CSTT Fundamental Administrative Terminology (2015),source_document
supporter,गोड़ोयिचिच,Bharatavani / CSTT Fundamental Administrative Terminology (2015),source_document
supporting documents,गोड़ोवाः कागोचक ्‌ ो,Bharatavani / CSTT Fundamental Administrative Terminology (2015),source_document
suppress,1. ओता 2. दाबाव,Bharatavani / CSTT Fundamental Administrative Terminology (2015),source_document
supremacy,1. सानामखोन सड़ा 2. सेंड़ायिच ्,Bharatavani / CSTT Fundamental Administrative Terminology (2015),source_document
supreme,1. सेंड़ायिच ् 2. माराङिच ्,Bharatavani / CSTT Fundamental Administrative Terminology (2015),source_document
surcharge,ब़ाड़तीयाः,Bharatavani / CSTT Fundamental Administrative Terminology (2015),source_document
surety,1. जामानात 2. ठ़ावका,Bharatavani / CSTT Fundamental Administrative Terminology (2015),source_document
surety bond,2. जामानात कागोच ्,Bharatavani / CSTT Fundamental Administrative Terminology (2015),source_document
surface inspection,लातार ञेलपेद,Bharatavani / CSTT Fundamental Administrative Terminology (2015),source_document
surface transport,1. लातार गाड़ी 2. पाताल गाड़ी,Bharatavani / CSTT Fundamental Administrative Terminology (2015),source_document
surgery,गोत ्,Bharatavani / CSTT Fundamental Administrative Terminology (2015),source_document
surname,बाहना ञत ु म ु,Bharatavani / CSTT Fundamental Administrative Terminology (2015),source_document
surplus,ब़ाड़तीयाः,Bharatavani / CSTT Fundamental Administrative Terminology (2015),source_document
surplus budget,ब़ाड़तीया बाजेट,Bharatavani / CSTT Fundamental Administrative Terminology (2015),source_document
surplus report,ब़ाड़तीयाः रिपोर्ट,Bharatavani / CSTT Fundamental Administrative Terminology (2015),source_document
surplus staff,ब़ाड़ती क़ामिय़ाको,Bharatavani / CSTT Fundamental Administrative Terminology (2015),source_document
surprise check,टाटका ञेल,Bharatavani / CSTT Fundamental Administrative Terminology (2015),source_document
surprise visit,टाटका दाड़ान,Bharatavani / CSTT Fundamental Administrative Terminology (2015),source_document
surrender,1. सारे नडार 2. चालावेनाय,Bharatavani / CSTT Fundamental Administrative Terminology (2015),source_document
surroundings,1. होयहिसित 2. परिवेस,Bharatavani / CSTT Fundamental Administrative Terminology (2015),source_document
surtax,बाड़ती खाजना,Bharatavani / CSTT Fundamental Administrative Terminology (2015),source_document
surveillance,1. निगरानी 2. तोलासिच ्,Bharatavani / CSTT Fundamental Administrative Terminology (2015),source_document
survey,नापाव,Bharatavani / CSTT Fundamental Administrative Terminology (2015),source_document
survey report,नापाव रिपोर्ट,Bharatavani / CSTT Fundamental Administrative Terminology (2015),source_document
survival,बोसोयिजाः,Bharatavani / CSTT Fundamental Administrative Terminology (2015),source_document
surviving,सारे चतेत,Bharatavani / CSTT Fundamental Administrative Terminology (2015),source_document
survivor,बोंसोयिच ्,Bharatavani / CSTT Fundamental Administrative Terminology (2015),source_document
susceptibility,हाताविच ्,Bharatavani / CSTT Fundamental Administrative Terminology (2015),source_document
suspect,सोन्दे हो,Bharatavani / CSTT Fundamental Administrative Terminology (2015),source_document
suspend,ओचोः,Bharatavani / CSTT Fundamental Administrative Terminology (2015),source_document
suspense,आँझाट,Bharatavani / CSTT Fundamental Administrative Terminology (2015),source_document
suspense account,आँझाट खाता,Bharatavani / CSTT Fundamental Administrative Terminology (2015),source_document
suspension,ओचोः,Bharatavani / CSTT Fundamental Administrative Terminology (2015),source_document
suspension order,ओचोः आदे स,Bharatavani / CSTT Fundamental Administrative Terminology (2015),source_document
suspicion,आँझाट,Bharatavani / CSTT Fundamental Administrative Terminology (2015),source_document
sustainable,आपनारते हाताव,Bharatavani / CSTT Fundamental Administrative Terminology (2015),source_document
sustainable growth,आपनारते हाताव ब़ाड़ती,Bharatavani / CSTT Fundamental Administrative Terminology (2015),source_document
sustained,लेताड़ते,Bharatavani / CSTT Fundamental Administrative Terminology (2015),source_document
swear,किरय़ा हाताव,Bharatavani / CSTT Fundamental Administrative Terminology (2015),source_document
swearing-in-ceremony,किरय़ा हाताव जावरा,Bharatavani / CSTT Fundamental Administrative Terminology (2015),source_document
syllabus,पाड़हाव धारा,Bharatavani / CSTT Fundamental Administrative Terminology (2015),source_document
symbol,1. चिन्हा 2. चिखना,Bharatavani / CSTT Fundamental Administrative Terminology (2015),source_document
symmetry,1. समानाः 2. मिदाः,Bharatavani / CSTT Fundamental Administrative Terminology (2015),source_document
sympathy,दायावान,Bharatavani / CSTT Fundamental Administrative Terminology (2015),source_document
sympathy strike,दायावान हड़ताल,Bharatavani / CSTT Fundamental Administrative Terminology (2015),source_document
symposium,गापालमाराव,Bharatavani / CSTT Fundamental Administrative Terminology (2015),source_document
symptom,1. लेका 2. आ़इक़ाव,Bharatavani / CSTT Fundamental Administrative Terminology (2015),source_document
synchronise,मिट्धावते हुयूः,Bharatavani / CSTT Fundamental Administrative Terminology (2015),source_document
synopsis,1. रूपरे खा 2. सारतेत ्,Bharatavani / CSTT Fundamental Administrative Terminology (2015),source_document
synthesis,बेनावाः,Bharatavani / CSTT Fundamental Administrative Terminology (2015),source_document
synthetic,सेनथेटिक,Bharatavani / CSTT Fundamental Administrative Terminology (2015),source_document
system,क़ामी होरा,Bharatavani / CSTT Fundamental Administrative Terminology (2015),source_document
systematic,1. नापायते 2. मितल ्‌ ेकाते,Bharatavani / CSTT Fundamental Administrative Terminology (2015),source_document
systematic work,नापायते क़ामी,Bharatavani / CSTT Fundamental Administrative Terminology (2015),source_document
systems analysis,क़ामीहोरा ल़ाई,Bharatavani / CSTT Fundamental Administrative Terminology (2015),source_document
tab folder,टै ब फोल्डर,Bharatavani / CSTT Fundamental Administrative Terminology (2015),source_document
table,टिबिल,Bharatavani / CSTT Fundamental Administrative Terminology (2015),source_document
tableau,झांकी,Bharatavani / CSTT Fundamental Administrative Terminology (2015),source_document
table of contents,उनुदूः साकाम,Bharatavani / CSTT Fundamental Administrative Terminology (2015),source_document
table of the house,ओड़ाः रे नाः टिबिल,Bharatavani / CSTT Fundamental Administrative Terminology (2015),source_document
tabular,उइहाराः,Bharatavani / CSTT Fundamental Administrative Terminology (2015),source_document
tabulated statement,उइहाराः बिबरोन,Bharatavani / CSTT Fundamental Administrative Terminology (2015),source_document
tabulation,उइहाराः क़ामी,Bharatavani / CSTT Fundamental Administrative Terminology (2015),source_document
tabulator,उइहाराः क़ामीहोड़,Bharatavani / CSTT Fundamental Administrative Terminology (2015),source_document
tackle,1. सुलझाव 2. निपटाव,Bharatavani / CSTT Fundamental Administrative Terminology (2015),source_document
tact,युक्ति,Bharatavani / CSTT Fundamental Administrative Terminology (2015),source_document
tactful,चालाक,Bharatavani / CSTT Fundamental Administrative Terminology (2015),source_document
tactic,युक्ति,Bharatavani / CSTT Fundamental Administrative Terminology (2015),source_document
tag,तोतोलाः,Bharatavani / CSTT Fundamental Administrative Terminology (2015),source_document
take home pay,तीते हाताव वेतन,Bharatavani / CSTT Fundamental Administrative Terminology (2015),source_document
take over,1. क़ामी हाताव भार 2. होक हाताव,Bharatavani / CSTT Fundamental Administrative Terminology (2015),source_document
talented,दिमागिच ्,Bharatavani / CSTT Fundamental Administrative Terminology (2015),source_document
talent search,दिमागिच ् पान्ते,Bharatavani / CSTT Fundamental Administrative Terminology (2015),source_document
tally,मिल़ाव,Bharatavani / CSTT Fundamental Administrative Terminology (2015),source_document
tally card,मिल़ाव कागोच ्,Bharatavani / CSTT Fundamental Administrative Terminology (2015),source_document
tampering,गोड़बोड़ क़ामी,Bharatavani / CSTT Fundamental Administrative Terminology (2015),source_document
tangible,मूर्त,Bharatavani / CSTT Fundamental Administrative Terminology (2015),source_document
tangible asset,मूर्त सोम्पत्ति,Bharatavani / CSTT Fundamental Administrative Terminology (2015),source_document
tape,1. टे प ् 2. पित़ा,Bharatavani / CSTT Fundamental Administrative Terminology (2015),source_document
tapping,बेवहार आ़गू,Bharatavani / CSTT Fundamental Administrative Terminology (2015),source_document
tardiness,1. ओलोस 2. लेंगाडोच ्,Bharatavani / CSTT Fundamental Administrative Terminology (2015),source_document
target,जोस,Bharatavani / CSTT Fundamental Administrative Terminology (2015),source_document
target date,जोस म़ाहित ्,Bharatavani / CSTT Fundamental Administrative Terminology (2015),source_document
tariff,टै रिफ,Bharatavani / CSTT Fundamental Administrative Terminology (2015),source_document
tarnish,मुलिन,Bharatavani / CSTT Fundamental Administrative Terminology (2015),source_document
task,क़ामी,Bharatavani / CSTT Fundamental Administrative Terminology (2015),source_document
task force,क़ामीयाःको,Bharatavani / CSTT Fundamental Administrative Terminology (2015),source_document
tax,खाजना,Bharatavani / CSTT Fundamental Administrative Terminology (2015),source_document
tax abatement,खाजना रे छाड़,Bharatavani / CSTT Fundamental Administrative Terminology (2015),source_document
taxable,खाजना एमाः,Bharatavani / CSTT Fundamental Administrative Terminology (2015),source_document
taxable income,खाजना एमाः आय,Bharatavani / CSTT Fundamental Administrative Terminology (2015),source_document
tax adjustment,काजना एममेटाव,Bharatavani / CSTT Fundamental Administrative Terminology (2015),source_document
tax assessment,1. खाजना ठावका ़ 2. खाजना कागोच ्,Bharatavani / CSTT Fundamental Administrative Terminology (2015),source_document
taxation,खाजना लागाव,Bharatavani / CSTT Fundamental Administrative Terminology (2015),source_document
tax avoidance (tax loophole),खाजना ओचोः,Bharatavani / CSTT Fundamental Administrative Terminology (2015),source_document
tax consultant,खाजना गालमाराव एमोगिच ्,Bharatavani / CSTT Fundamental Administrative Terminology (2015),source_document
tax declaration,खाजना घोषना,Bharatavani / CSTT Fundamental Administrative Terminology (2015),source_document
tax deducted at source,खाजना रे गेत ्,Bharatavani / CSTT Fundamental Administrative Terminology (2015),source_document
tax deduction,खाजना गेत ्,Bharatavani / CSTT Fundamental Administrative Terminology (2015),source_document
tax evasion,खाजना घ़ाड़िच ्,Bharatavani / CSTT Fundamental Administrative Terminology (2015),source_document
tax exemption,खाजना रे छाड़,Bharatavani / CSTT Fundamental Administrative Terminology (2015),source_document
tax free,खाजना रे बाद,Bharatavani / CSTT Fundamental Administrative Terminology (2015),source_document
tax payer,खाजना एमोगिच ्,Bharatavani / CSTT Fundamental Administrative Terminology (2015),source_document
tax rebate,खाजना रे कोम,Bharatavani / CSTT Fundamental Administrative Terminology (2015),source_document
tax return,खाजना रुव़ाड़,Bharatavani / CSTT Fundamental Administrative Terminology (2015),source_document
tax schedule,खाजना सुची,Bharatavani / CSTT Fundamental Administrative Terminology (2015),source_document
team spirit,गोपाते उइहार,Bharatavani / CSTT Fundamental Administrative Terminology (2015),source_document
team work,गपाते क़ामी,Bharatavani / CSTT Fundamental Administrative Terminology (2015),source_document
tear gas,में त ्‌दाः गैस,Bharatavani / CSTT Fundamental Administrative Terminology (2015),source_document
technical,1. टोकनिकल 2. तकनीकी,Bharatavani / CSTT Fundamental Administrative Terminology (2015),source_document
technical advice,तकनीकी सोलहे,Bharatavani / CSTT Fundamental Administrative Terminology (2015),source_document
technical college,तकनीकी जेगेदबिरदागाड़,Bharatavani / CSTT Fundamental Administrative Terminology (2015),source_document
technical data,तकनीकी आंकड़ा,Bharatavani / CSTT Fundamental Administrative Terminology (2015),source_document
technical post,तकनीकी हुदा,Bharatavani / CSTT Fundamental Administrative Terminology (2015),source_document
technical qualification,तकनीकी सिदसाकाम,Bharatavani / CSTT Fundamental Administrative Terminology (2015),source_document
technical skill,तकनीकी दाड़े,Bharatavani / CSTT Fundamental Administrative Terminology (2015),source_document
technical term,तकनीकी साबाद,Bharatavani / CSTT Fundamental Administrative Terminology (2015),source_document
technical training,तकनीकी सेचेत्एम,Bharatavani / CSTT Fundamental Administrative Terminology (2015),source_document
technician,तकनीशियन,Bharatavani / CSTT Fundamental Administrative Terminology (2015),source_document
technique,तकनीकियू,Bharatavani / CSTT Fundamental Administrative Terminology (2015),source_document
technocracy,तकनोक्रेशी,Bharatavani / CSTT Fundamental Administrative Terminology (2015),source_document
technocrat,तेकनोक्रेट,Bharatavani / CSTT Fundamental Administrative Terminology (2015),source_document
technological,तकनोलोजिकेल,Bharatavani / CSTT Fundamental Administrative Terminology (2015),source_document
technologist,तकनोलोजिस्ट,Bharatavani / CSTT Fundamental Administrative Terminology (2015),source_document
technology,तकनोलोजी,Bharatavani / CSTT Fundamental Administrative Terminology (2015),source_document
telebanking,टे लीबैंकिग,Bharatavani / CSTT Fundamental Administrative Terminology (2015),source_document
telegram,टे लीग्राम,Bharatavani / CSTT Fundamental Administrative Terminology (2015),source_document
telegraphic address,टे लीग्राफीक ठिकाना,Bharatavani / CSTT Fundamental Administrative Terminology (2015),source_document
telegraphy,टे लीग्राभी,Bharatavani / CSTT Fundamental Administrative Terminology (2015),source_document
teleprinter message,टे लेप्रिन्टर खोबोर,Bharatavani / CSTT Fundamental Administrative Terminology (2015),source_document
television,स़ागिञ ञेलेलोम,Bharatavani / CSTT Fundamental Administrative Terminology (2015),source_document
teleworking,स़ागिञ क़ामी,Bharatavani / CSTT Fundamental Administrative Terminology (2015),source_document
telex,टे लेक्स,Bharatavani / CSTT Fundamental Administrative Terminology (2015),source_document
teller,लेखायिच ्,Bharatavani / CSTT Fundamental Administrative Terminology (2015),source_document
temper,1. मिजाज 2. स्वभाव,Bharatavani / CSTT Fundamental Administrative Terminology (2015),source_document
temperament,सोभाव चरित,Bharatavani / CSTT Fundamental Administrative Terminology (2015),source_document
temperamental,ऱागियिच ्,Bharatavani / CSTT Fundamental Administrative Terminology (2015),source_document
temperature,लोलो,Bharatavani / CSTT Fundamental Administrative Terminology (2015),source_document
tempo,1. टे म्पो,Bharatavani / CSTT Fundamental Administrative Terminology (2015),source_document
temporary,1. टे म्पररी 2. बेथानित ्,Bharatavani / CSTT Fundamental Administrative Terminology (2015),source_document
temporary advance,बेथानित ् माड़ाङते,Bharatavani / CSTT Fundamental Administrative Terminology (2015),source_document
temporary appointment,बेभानित ् बाहाल,Bharatavani / CSTT Fundamental Administrative Terminology (2015),source_document
temporary disability,1. बेथानित ् बेदाडेयिच ् 2. बेथानित ् बाङकेटे यिच ्,Bharatavani / CSTT Fundamental Administrative Terminology (2015),source_document
temporary post,बेथानित ् ठाँव,Bharatavani / CSTT Fundamental Administrative Terminology (2015),source_document
temporary restriction,बेथानित आकोट,Bharatavani / CSTT Fundamental Administrative Terminology (2015),source_document
temporary vacancy,बेथानित ख़ाली,Bharatavani / CSTT Fundamental Administrative Terminology (2015),source_document
temptation,लोभाव एम,Bharatavani / CSTT Fundamental Administrative Terminology (2015),source_document
tenable,मान,Bharatavani / CSTT Fundamental Administrative Terminology (2015),source_document
tenacity,केदे च ्,Bharatavani / CSTT Fundamental Administrative Terminology (2015),source_document
tenancy,1. कारतकारी 2. भाड़ायिच,Bharatavani / CSTT Fundamental Administrative Terminology (2015),source_document
tenant,भाड़ाएमोगिच ्,Bharatavani / CSTT Fundamental Administrative Terminology (2015),source_document
tendency,1. हे वा 2. रुझान 3. गुऩान,Bharatavani / CSTT Fundamental Administrative Terminology (2015),source_document
tender,टे डर,Bharatavani / CSTT Fundamental Administrative Terminology (2015),source_document
tender box,टें डर बाक्स,Bharatavani / CSTT Fundamental Administrative Terminology (2015),source_document
tenderer,टें डर हाताविच ्,Bharatavani / CSTT Fundamental Administrative Terminology (2015),source_document
tender notice,टे डर नोटिस,Bharatavani / CSTT Fundamental Administrative Terminology (2015),source_document
tentative,मुच़ातम़ाहित ्,Bharatavani / CSTT Fundamental Administrative Terminology (2015),source_document
tenure,1. क़ामी ओक्तो 2. मेयाद,Bharatavani / CSTT Fundamental Administrative Terminology (2015),source_document
tenure of land,पट्टेदारी,Bharatavani / CSTT Fundamental Administrative Terminology (2015),source_document
tenure of office,पट्टे तारी रे नाः मेयाद,Bharatavani / CSTT Fundamental Administrative Terminology (2015),source_document
tenure of post,1. पोद रे ना ओक्तो 2. मेयाद सोमोय,Bharatavani / CSTT Fundamental Administrative Terminology (2015),source_document
tenure of work,क़ामी रे नाः ओक्तो,Bharatavani / CSTT Fundamental Administrative Terminology (2015),source_document
tenure post,क़ामी रे नाः पोस्ट,Bharatavani / CSTT Fundamental Administrative Terminology (2015),source_document
term,1. ओक्तो 2. मेयाद 3. सोमोय,Bharatavani / CSTT Fundamental Administrative Terminology (2015),source_document
terminable,मुच़ात रे नाः,Bharatavani / CSTT Fundamental Administrative Terminology (2015),source_document
terminal (report etc.),1. ओचो 2. ओडोक,Bharatavani / CSTT Fundamental Administrative Terminology (2015),source_document
terminal tax,सीमा रे नाः खाजना,Bharatavani / CSTT Fundamental Administrative Terminology (2015),source_document
termination,1. मुच़ात ् रे नाः ओक्तो 2. बोदोल,Bharatavani / CSTT Fundamental Administrative Terminology (2015),source_document
termination clause,मुच़ात ् रे नाः हाटिञ ़,Bharatavani / CSTT Fundamental Administrative Terminology (2015),source_document
termination notice,मुच़ात ् रे नाः खोबोर,Bharatavani / CSTT Fundamental Administrative Terminology (2015),source_document
termination of service,क़ामी-मुच़ात ्,Bharatavani / CSTT Fundamental Administrative Terminology (2015),source_document
terminology,साबाद सांड़ेस,Bharatavani / CSTT Fundamental Administrative Terminology (2015),source_document
term loan,मेयादी रिन,Bharatavani / CSTT Fundamental Administrative Terminology (2015),source_document
term of office,1. बोद रे नाः मेयाद 2. पदावधि,Bharatavani / CSTT Fundamental Administrative Terminology (2015),source_document
terms,1. सोरतो 2. जोनोड़ 3. स़ाग़ाई,Bharatavani / CSTT Fundamental Administrative Terminology (2015),source_document
terms and conditions,सोरतो आर ल़ागिय़ा,Bharatavani / CSTT Fundamental Administrative Terminology (2015),source_document
terms of delivery,1. बिदाय रे नाः सोरतो 2. ओडोक रे नाः सोरतो,Bharatavani / CSTT Fundamental Administrative Terminology (2015),source_document
terms of reference,बिचार रे नाः विषय,Bharatavani / CSTT Fundamental Administrative Terminology (2015),source_document
terms of service,क़ामी रे नाः सोरतो,Bharatavani / CSTT Fundamental Administrative Terminology (2015),source_document
territory,पोनोत,Bharatavani / CSTT Fundamental Administrative Terminology (2015),source_document
terror,1. लोलोहाताङिया 2. हुलगारिया,Bharatavani / CSTT Fundamental Administrative Terminology (2015),source_document
terrorism,1. हुलगाव 2. हुलसाय,Bharatavani / CSTT Fundamental Administrative Terminology (2015),source_document
terrorist,हुलगारिया,Bharatavani / CSTT Fundamental Administrative Terminology (2015),source_document
tertiary benefit,पेलकान लाभ,Bharatavani / CSTT Fundamental Administrative Terminology (2015),source_document
test,1. चाखा 2. बिड़ाव,Bharatavani / CSTT Fundamental Administrative Terminology (2015),source_document
testament,1. सानाकागोच ् 2. किरयाकागोच ्,Bharatavani / CSTT Fundamental Administrative Terminology (2015),source_document
test charge,विड़ाव खोरोच ्,Bharatavani / CSTT Fundamental Administrative Terminology (2015),source_document
test check,नमूना बिड़ाव,Bharatavani / CSTT Fundamental Administrative Terminology (2015),source_document
tester,विड़ाविच ्,Bharatavani / CSTT Fundamental Administrative Terminology (2015),source_document
testify,साखईएम,Bharatavani / CSTT Fundamental Administrative Terminology (2015),source_document
testimonial,1. रांसापत्र 2. साखी कागोच ्,Bharatavani / CSTT Fundamental Administrative Terminology (2015),source_document
testimony,साखी,Bharatavani / CSTT Fundamental Administrative Terminology (2015),source_document
testing report,1. जांचरिपोट 2. साखी रिपोट,Bharatavani / CSTT Fundamental Administrative Terminology (2015),source_document
text,पाड़हाव,Bharatavani / CSTT Fundamental Administrative Terminology (2015),source_document
thankful,1. आसीस 2. सारहाव,Bharatavani / CSTT Fundamental Administrative Terminology (2015),source_document
theme,1. विषयवस्तु 2. जिनिततेत ्,Bharatavani / CSTT Fundamental Administrative Terminology (2015),source_document
therapy,रानोः,Bharatavani / CSTT Fundamental Administrative Terminology (2015),source_document
third party,1. एटाः पाटी 2. एटाः होड़,Bharatavani / CSTT Fundamental Administrative Terminology (2015),source_document
thoroughly,1. रोटाल 2. एयहप ् खोन मुच़ात ्,Bharatavani / CSTT Fundamental Administrative Terminology (2015),source_document
thoughtful,1. विचारतेयाः 2. उइह़ारतेयाः,Bharatavani / CSTT Fundamental Administrative Terminology (2015),source_document
threat,1. बोतोरहोचो 2. धोमकी,Bharatavani / CSTT Fundamental Administrative Terminology (2015),source_document
thrift,1. कोमखोरोच ् 2. बाञ्चाव,Bharatavani / CSTT Fundamental Administrative Terminology (2015),source_document
through,होतेते,Bharatavani / CSTT Fundamental Administrative Terminology (2015),source_document
throw out,गिडीकाः,Bharatavani / CSTT Fundamental Administrative Terminology (2015),source_document
thumb impression,क़ाटुप ् चिखना,Bharatavani / CSTT Fundamental Administrative Terminology (2015),source_document
thumping majority,भारी बहुमत 2. बाड़ती मोतञाम,Bharatavani / CSTT Fundamental Administrative Terminology (2015),source_document
ticket,टिकट,Bharatavani / CSTT Fundamental Administrative Terminology (2015),source_document
tie,1. दोल 2. गांठ,Bharatavani / CSTT Fundamental Administrative Terminology (2015),source_document
tied loan,मेयादी रिन,Bharatavani / CSTT Fundamental Administrative Terminology (2015),source_document
tier,1. टीयर 2. छाप,Bharatavani / CSTT Fundamental Administrative Terminology (2015),source_document
tilt,झक ु ़ाव,Bharatavani / CSTT Fundamental Administrative Terminology (2015),source_document
time,1. ओक्तो 2. सोमोय 3. बेर,Bharatavani / CSTT Fundamental Administrative Terminology (2015),source_document
time allowed,ओक्तो एमेत ्,Bharatavani / CSTT Fundamental Administrative Terminology (2015),source_document
time barred,ओक्तोनापित,Bharatavani / CSTT Fundamental Administrative Terminology (2015),source_document
time bound,1. ओक्तोरे 2. सोमोयरे,Bharatavani / CSTT Fundamental Administrative Terminology (2015),source_document
time card,ओक्तो-कार्ड,Bharatavani / CSTT Fundamental Administrative Terminology (2015),source_document
time keeping,सोमोय हाताव,Bharatavani / CSTT Fundamental Administrative Terminology (2015),source_document
time limit,सोमोय सिमा,Bharatavani / CSTT Fundamental Administrative Terminology (2015),source_document
time off,1. ओक्तो चाबायेना 2. ओक्तो मच ु ़ात ्,Bharatavani / CSTT Fundamental Administrative Terminology (2015),source_document
time overrun,ओक्तो पारोमेना,Bharatavani / CSTT Fundamental Administrative Terminology (2015),source_document
timed programme,ओक्तो रे क़ामीहोरा,Bharatavani / CSTT Fundamental Administrative Terminology (2015),source_document
time rate (time work),ओक्तो रे क़ामी,Bharatavani / CSTT Fundamental Administrative Terminology (2015),source_document
time recording machine,ओक्तो रे कोड़ मिसिन,Bharatavani / CSTT Fundamental Administrative Terminology (2015),source_document
time scale,1. ओक्तो रे नाः मान 2. ओक्तो रे नाः दोरमाहा,Bharatavani / CSTT Fundamental Administrative Terminology (2015),source_document
time schedule,ओक्तो ढावका,Bharatavani / CSTT Fundamental Administrative Terminology (2015),source_document
time stamp,ओक्तो मुहर,Bharatavani / CSTT Fundamental Administrative Terminology (2015),source_document
time study equipment,ओक्तो रे पाड़हाव रे नाः सामानको,Bharatavani / CSTT Fundamental Administrative Terminology (2015),source_document
time table,ओक्तो तालिका,Bharatavani / CSTT Fundamental Administrative Terminology (2015),source_document
timing,सोमोयरे,Bharatavani / CSTT Fundamental Administrative Terminology (2015),source_document
tips,1. माड़ाङ इसारी 2. एदोहोप ् संकेत ्,Bharatavani / CSTT Fundamental Administrative Terminology (2015),source_document
title,1. उपाधि 2. मुड़हे त ् 3. बोहोः,Bharatavani / CSTT Fundamental Administrative Terminology (2015),source_document
title holder,होकदारी,Bharatavani / CSTT Fundamental Administrative Terminology (2015),source_document
toilet,1. उमओड़ाः 2. दाःसेन ओड़ाः,Bharatavani / CSTT Fundamental Administrative Terminology (2015),source_document
token,1. चिहना 2. इसारा,Bharatavani / CSTT Fundamental Administrative Terminology (2015),source_document
token member,चिहना रासिया,Bharatavani / CSTT Fundamental Administrative Terminology (2015),source_document
token pay,चिहना दोरमाहा,Bharatavani / CSTT Fundamental Administrative Terminology (2015),source_document
token strike,चिहना हड़ताल,Bharatavani / CSTT Fundamental Administrative Terminology (2015),source_document
tone,1. राहा 2. आड़ाङ,Bharatavani / CSTT Fundamental Administrative Terminology (2015),source_document
tone down,1. आँड़गो 2. रावाल,Bharatavani / CSTT Fundamental Administrative Terminology (2015),source_document
tone up,1. राकाप ् 2. केटे च ् बेनाव,Bharatavani / CSTT Fundamental Administrative Terminology (2015),source_document
tool,हातयार,Bharatavani / CSTT Fundamental Administrative Terminology (2015),source_document
tool down strike,हातयार दोहो हड़ताल,Bharatavani / CSTT Fundamental Administrative Terminology (2015),source_document
top,1. चेतान 2. चुड़ा 3. उसुल,Bharatavani / CSTT Fundamental Administrative Terminology (2015),source_document
topic,1. विषय 2. जिनित,Bharatavani / CSTT Fundamental Administrative Terminology (2015),source_document
top level discussion,1. 1. चेतान रे नाः 2. चेतान रे नाः,Bharatavani / CSTT Fundamental Administrative Terminology (2015),source_document
top management,चेतान रे नाः कामयाः,Bharatavani / CSTT Fundamental Administrative Terminology (2015),source_document
topmost,सानामखोन सेंड़ा,Bharatavani / CSTT Fundamental Administrative Terminology (2015),source_document
top official,चेतान रे न क़ामीय़ाको,Bharatavani / CSTT Fundamental Administrative Terminology (2015),source_document
topography,स्थलाकृति,Bharatavani / CSTT Fundamental Administrative Terminology (2015),source_document
top priority,माड़ाङते ञाम,Bharatavani / CSTT Fundamental Administrative Terminology (2015),source_document
top ranking,माड़ाङ थानित ्,Bharatavani / CSTT Fundamental Administrative Terminology (2015),source_document
top secret,आ़डी उकूयाः,Bharatavani / CSTT Fundamental Administrative Terminology (2015),source_document
torture,आ़डी उकूवाः सांताव,Bharatavani / CSTT Fundamental Administrative Terminology (2015),source_document
total,गुटलेखा,Bharatavani / CSTT Fundamental Administrative Terminology (2015),source_document
total service,गुटलेखा क़ामी,Bharatavani / CSTT Fundamental Administrative Terminology (2015),source_document
tough,केटे च ्,Bharatavani / CSTT Fundamental Administrative Terminology (2015),source_document
tour,दांड़ान,Bharatavani / CSTT Fundamental Administrative Terminology (2015),source_document
tour programme,दांड़ान रे नाः क़ामीहोरा,Bharatavani / CSTT Fundamental Administrative Terminology (2015),source_document
tour report,दांड़ान रिपोर्ट,Bharatavani / CSTT Fundamental Administrative Terminology (2015),source_document
tout,दलाल,Bharatavani / CSTT Fundamental Administrative Terminology (2015),source_document
town (city),1. नगर 2. शहर 3. बाजार,Bharatavani / CSTT Fundamental Administrative Terminology (2015),source_document
township,बाजाराः,Bharatavani / CSTT Fundamental Administrative Terminology (2015),source_document
trace,1. पान्ते 2. तोलास,Bharatavani / CSTT Fundamental Administrative Terminology (2015),source_document
tract,औतह़ाटिञ,Bharatavani / CSTT Fundamental Administrative Terminology (2015),source_document
traction,ओर,Bharatavani / CSTT Fundamental Administrative Terminology (2015),source_document
trade agreement,बेपार एकरार,Bharatavani / CSTT Fundamental Administrative Terminology (2015),source_document
trade union,बेपारिया गाँवता,Bharatavani / CSTT Fundamental Administrative Terminology (2015),source_document
tradition,1. सेदायखोन 2. हापड़ामखोन,Bharatavani / CSTT Fundamental Administrative Terminology (2015),source_document
train,1. रे लकाड़ी 2. सेचेत एम,Bharatavani / CSTT Fundamental Administrative Terminology (2015),source_document
trainee,सेचेत हाताविच ्,Bharatavani / CSTT Fundamental Administrative Terminology (2015),source_document
traineeship,सेचेतक ्‌ ़ामी,Bharatavani / CSTT Fundamental Administrative Terminology (2015),source_document
trainer,सेचेत ् एमोगिच ्,Bharatavani / CSTT Fundamental Administrative Terminology (2015),source_document
training,सेचेत ्,Bharatavani / CSTT Fundamental Administrative Terminology (2015),source_document
training centre,1. सेचेत ् तालमा 2. सेचेत तालमा,Bharatavani / CSTT Fundamental Administrative Terminology (2015),source_document
training college,सेचेत बिरदागाड़,Bharatavani / CSTT Fundamental Administrative Terminology (2015),source_document
training division,सेचेत ् ह़ाटिञ,Bharatavani / CSTT Fundamental Administrative Terminology (2015),source_document
training institute,सेचेत गाड़,Bharatavani / CSTT Fundamental Administrative Terminology (2015),source_document
training period,सेचेत ् रे नाः ओक्तो,Bharatavani / CSTT Fundamental Administrative Terminology (2015),source_document
training programme,सेचेत ् क़मा होरा,Bharatavani / CSTT Fundamental Administrative Terminology (2015),source_document
training unit,सेचेत एलेख,Bharatavani / CSTT Fundamental Administrative Terminology (2015),source_document
trait,जोस,Bharatavani / CSTT Fundamental Administrative Terminology (2015),source_document
traitor,1. गद्‌दार 2. दे शद्रोही,Bharatavani / CSTT Fundamental Administrative Terminology (2015),source_document
tranquility,प्रशांति,Bharatavani / CSTT Fundamental Administrative Terminology (2015),source_document
transaction,1. बेवहार 2. हे वा 3. सोवदा,Bharatavani / CSTT Fundamental Administrative Terminology (2015),source_document
transaction of business,बेपार रे नाः सावदा,Bharatavani / CSTT Fundamental Administrative Terminology (2015),source_document
transcription,1. ओलउच़ाड़ 2. ओनोल,Bharatavani / CSTT Fundamental Administrative Terminology (2015),source_document
transfer,बोदोल,Bharatavani / CSTT Fundamental Administrative Terminology (2015),source_document
transferable goods,बोनोदोल जिनिस,Bharatavani / CSTT Fundamental Administrative Terminology (2015),source_document
transfer entry,बोदोल साँबाव,Bharatavani / CSTT Fundamental Administrative Terminology (2015),source_document
transfer fee,बोनोदोल फी,Bharatavani / CSTT Fundamental Administrative Terminology (2015),source_document
transfer memorandum,बोनोदोल उइह़ार साकाम,Bharatavani / CSTT Fundamental Administrative Terminology (2015),source_document
transfer on deputation,क़ामी रे बोनोदोल,Bharatavani / CSTT Fundamental Administrative Terminology (2015),source_document
transfer order,बोनोदोल रे नाः आदे स,Bharatavani / CSTT Fundamental Administrative Terminology (2015),source_document
transformation,आरुफेराव,Bharatavani / CSTT Fundamental Administrative Terminology (2015),source_document
transit,भेजा,Bharatavani / CSTT Fundamental Administrative Terminology (2015),source_document
transit duty,भेजा रे नाः क़ामी,Bharatavani / CSTT Fundamental Administrative Terminology (2015),source_document
transitional,भेजा रे नाः ओक्तो,Bharatavani / CSTT Fundamental Administrative Terminology (2015),source_document
transit pass,पारोम रे नाः पास,Bharatavani / CSTT Fundamental Administrative Terminology (2015),source_document
transit visa,पारोम रे नाः वीजा,Bharatavani / CSTT Fundamental Administrative Terminology (2015),source_document
transit workshop,पारोम रे नाः क़ामी आसड़ा,Bharatavani / CSTT Fundamental Administrative Terminology (2015),source_document
translation,तोरजोमा,Bharatavani / CSTT Fundamental Administrative Terminology (2015),source_document
transliteration,ओखोरबोदोल,Bharatavani / CSTT Fundamental Administrative Terminology (2015),source_document
transmission,1. संचारण 2. भेजावाः,Bharatavani / CSTT Fundamental Administrative Terminology (2015),source_document
transmit,भेजायेत ् आ,Bharatavani / CSTT Fundamental Administrative Terminology (2015),source_document
transport,1. परिवहन 2. भेजावाःगाड़ी,Bharatavani / CSTT Fundamental Administrative Terminology (2015),source_document
transport allowance,भेजावाः भात्ता,Bharatavani / CSTT Fundamental Administrative Terminology (2015),source_document
transportation,भेजावाः,Bharatavani / CSTT Fundamental Administrative Terminology (2015),source_document
transposition,उलट़ाव,Bharatavani / CSTT Fundamental Administrative Terminology (2015),source_document
trap,1. झाली 2. पासी 3. जालाम,Bharatavani / CSTT Fundamental Administrative Terminology (2015),source_document
travel,दाड़ान,Bharatavani / CSTT Fundamental Administrative Terminology (2015),source_document
travel expenses,दाड़ान खोरोच ्,Bharatavani / CSTT Fundamental Administrative Terminology (2015),source_document
traveller’s cheque,दाड़ान चैक,Bharatavani / CSTT Fundamental Administrative Terminology (2015),source_document
travelling allowance,दाड़ान खोरोच ् गोड़ो टाका,Bharatavani / CSTT Fundamental Administrative Terminology (2015),source_document
travelling allowance bill,दाड़ान गोजड़ो टाका बिल,Bharatavani / CSTT Fundamental Administrative Terminology (2015),source_document
travelling concession,दाडान बाबोत ् छाड़,Bharatavani / CSTT Fundamental Administrative Terminology (2015),source_document
treachery,1. पातयावरापत ु ् 2. पातयावरे धोका,Bharatavani / CSTT Fundamental Administrative Terminology (2015),source_document
treason,राजद्रोह,Bharatavani / CSTT Fundamental Administrative Terminology (2015),source_document
treasury,1. मुऱाई 2. कावड़ा मुऱाई,Bharatavani / CSTT Fundamental Administrative Terminology (2015),source_document
treasury bench,सत्ता पक्ष,Bharatavani / CSTT Fundamental Administrative Terminology (2015),source_document
treasury deposit recipt,क़ावडीमरु ़ाई रे जोमा रसिद,Bharatavani / CSTT Fundamental Administrative Terminology (2015),source_document
treasury receipt,मुऱाई रसिद,Bharatavani / CSTT Fundamental Administrative Terminology (2015),source_document
treasury voucher,मरु ़ाई भावचार,Bharatavani / CSTT Fundamental Administrative Terminology (2015),source_document
treat,1. नेवता 2. बेबहार,Bharatavani / CSTT Fundamental Administrative Terminology (2015),source_document
treaty,1. जोनोड़ 2. गापाते 3. तोनोल,Bharatavani / CSTT Fundamental Administrative Terminology (2015),source_document
treaty of extradition,एपेम रे नाः तोनोल,Bharatavani / CSTT Fundamental Administrative Terminology (2015),source_document
trek,स़ागिञ दांड़ान,Bharatavani / CSTT Fundamental Administrative Terminology (2015),source_document
trend,झुक़ाव,Bharatavani / CSTT Fundamental Administrative Terminology (2015),source_document
trespass,पारोम,Bharatavani / CSTT Fundamental Administrative Terminology (2015),source_document
trial,1. जांच 2. बिड़ाव,Bharatavani / CSTT Fundamental Administrative Terminology (2015),source_document
trial balance,मच़ात ् बिड़ाव,Bharatavani / CSTT Fundamental Administrative Terminology (2015),source_document
trial period,बिड़ाव रे नाः ओक्तो,Bharatavani / CSTT Fundamental Administrative Terminology (2015),source_document
tribal area development,आदिम जाति उतनाव टोठा,Bharatavani / CSTT Fundamental Administrative Terminology (2015),source_document
tribal welfare,आदिम जाति भालाई,Bharatavani / CSTT Fundamental Administrative Terminology (2015),source_document
tribe,1. आदिम जाति 2. आदिवासी,Bharatavani / CSTT Fundamental Administrative Terminology (2015),source_document
tribunal,1. अधिकरण 2. काचहारी,Bharatavani / CSTT Fundamental Administrative Terminology (2015),source_document
tribute,1. मान 2. दल ु ाड़आँजले,Bharatavani / CSTT Fundamental Administrative Terminology (2015),source_document
trim,बाछाव,Bharatavani / CSTT Fundamental Administrative Terminology (2015),source_document
trip,दाड़ान,Bharatavani / CSTT Fundamental Administrative Terminology (2015),source_document
tripartite,पेनेपाहटा,Bharatavani / CSTT Fundamental Administrative Terminology (2015),source_document
triple,पेनेपाहटा,Bharatavani / CSTT Fundamental Administrative Terminology (2015),source_document
triplicate,पेकोपी,Bharatavani / CSTT Fundamental Administrative Terminology (2015),source_document
true copy,सुहीकोपी,Bharatavani / CSTT Fundamental Administrative Terminology (2015),source_document
trunk call,ट्रंक कॉल,Bharatavani / CSTT Fundamental Administrative Terminology (2015),source_document
trust,1. गाँवता 2. पातयाव,Bharatavani / CSTT Fundamental Administrative Terminology (2015),source_document
trustee,पातयाबिच ्,Bharatavani / CSTT Fundamental Administrative Terminology (2015),source_document
trustworthy,गाँवतायिच ्,Bharatavani / CSTT Fundamental Administrative Terminology (2015),source_document
turn down,बारगाल,Bharatavani / CSTT Fundamental Administrative Terminology (2015),source_document
turnkey basis,अद्‌योपांत,Bharatavani / CSTT Fundamental Administrative Terminology (2015),source_document
turnout,1. हाजरी 2. आचुरकाः,Bharatavani / CSTT Fundamental Administrative Terminology (2015),source_document
turnover,गुट आखरिञ,Bharatavani / CSTT Fundamental Administrative Terminology (2015),source_document
turpitude,1. चरित बाड़िच ् 2. लातार गाताक,Bharatavani / CSTT Fundamental Administrative Terminology (2015),source_document
tutelage,मालिक 2. जोगाविच ्,Bharatavani / CSTT Fundamental Administrative Terminology (2015),source_document
twin city,जाड़वा बाजार,Bharatavani / CSTT Fundamental Administrative Terminology (2015),source_document
twin sharing basis,बारभागिया आधार,Bharatavani / CSTT Fundamental Administrative Terminology (2015),source_document
type,छापा,Bharatavani / CSTT Fundamental Administrative Terminology (2015),source_document
typescript,टाइप प्रति,Bharatavani / CSTT Fundamental Administrative Terminology (2015),source_document
typewriter,टाइपराइटर,Bharatavani / CSTT Fundamental Administrative Terminology (2015),source_document
typewriting,टाइपराइटिंग,Bharatavani / CSTT Fundamental Administrative Terminology (2015),source_document
typical,ओनका लेकानाः,Bharatavani / CSTT Fundamental Administrative Terminology (2015),source_document
typing,टाइपिंग,Bharatavani / CSTT Fundamental Administrative Terminology (2015),source_document
typing machine,टाइपिंग मिसिन,Bharatavani / CSTT Fundamental Administrative Terminology (2015),source_document
typing pool,टाइपिंग पुल,Bharatavani / CSTT Fundamental Administrative Terminology (2015),source_document
typographical error,1. छापा भुल 2. भुल छापा,Bharatavani / CSTT Fundamental Administrative Terminology (2015),source_document
ulterior motive,उकू उइहार,Bharatavani / CSTT Fundamental Administrative Terminology (2015),source_document
ultimate,1. मुचात 2. बोदोलते,Bharatavani / CSTT Fundamental Administrative Terminology (2015),source_document
ultimate consignee,मच ु ात ् माल ञामिच ्,Bharatavani / CSTT Fundamental Administrative Terminology (2015),source_document
ultimate cost,मुचात ् खोरोच ्,Bharatavani / CSTT Fundamental Administrative Terminology (2015),source_document
ultimate goal,मुचात ् जोस,Bharatavani / CSTT Fundamental Administrative Terminology (2015),source_document
ultimately,मुचात ् रे,Bharatavani / CSTT Fundamental Administrative Terminology (2015),source_document
ultimately objective,मच ु ात रे नाः जोस,Bharatavani / CSTT Fundamental Administrative Terminology (2015),source_document
ultimatum,मुचात ् चेताव,Bharatavani / CSTT Fundamental Administrative Terminology (2015),source_document
ultimo,चालाव चाँदो रे नाः,Bharatavani / CSTT Fundamental Administrative Terminology (2015),source_document
ultravires,दाड़ेबाहरे,Bharatavani / CSTT Fundamental Administrative Terminology (2015),source_document
umpire,1. तालामालायिच ् 2. रे फरी,Bharatavani / CSTT Fundamental Administrative Terminology (2015),source_document
unacceptable,बाङहें सारी,Bharatavani / CSTT Fundamental Administrative Terminology (2015),source_document
unaccompanied baggage,बाङसाहोबाः बेग,Bharatavani / CSTT Fundamental Administrative Terminology (2015),source_document
unaided,बेगोर गोड़ोते,Bharatavani / CSTT Fundamental Administrative Terminology (2015),source_document
unambiguous,बाङगातेयाः,Bharatavani / CSTT Fundamental Administrative Terminology (2015),source_document
unanimity,1. सानामहें सारीते 2. बेबिबादते,Bharatavani / CSTT Fundamental Administrative Terminology (2015),source_document
unanimous,1. मितध ्‌ ावते 2. मितमोतते,Bharatavani / CSTT Fundamental Administrative Terminology (2015),source_document
unanimous decision,मितम ्‌ ोतते गोटे ल ठावका,Bharatavani / CSTT Fundamental Administrative Terminology (2015),source_document
unassuming,1. सीध सादा 2. दायाते,Bharatavani / CSTT Fundamental Administrative Terminology (2015),source_document
unattached,1. बाङजोदे दाः 2. काङजोड़वाः,Bharatavani / CSTT Fundamental Administrative Terminology (2015),source_document
unauthorized,1. बाङभेजावाः 2. बेगोर हें सारीते,Bharatavani / CSTT Fundamental Administrative Terminology (2015),source_document
unavoidable,अपबरिहार्य,Bharatavani / CSTT Fundamental Administrative Terminology (2015),source_document
unavoidable circumstances,अपरिहार्य परिस्थिती ते,Bharatavani / CSTT Fundamental Administrative Terminology (2015),source_document
unavoidable delay,अपरिहार्य दे री ते,Bharatavani / CSTT Fundamental Administrative Terminology (2015),source_document
unbecoming,बाङसोभावाः,Bharatavani / CSTT Fundamental Administrative Terminology (2015),source_document
uncashed,बेगोर खुचरावाः,Bharatavani / CSTT Fundamental Administrative Terminology (2015),source_document
uncertain,1. बेठावका 2. टाटका,Bharatavani / CSTT Fundamental Administrative Terminology (2015),source_document
unclaimed,1. लावारिस 2. बाल्टा,Bharatavani / CSTT Fundamental Administrative Terminology (2015),source_document
unclaimed baggage,लावारिस सामान,Bharatavani / CSTT Fundamental Administrative Terminology (2015),source_document
unclassified,1. बेगोरहाटिञा 2. बाङहाटिञाः,Bharatavani / CSTT Fundamental Administrative Terminology (2015),source_document
uncommitted,1. बाङआकोटाः 2. बाङरोड़ाः,Bharatavani / CSTT Fundamental Administrative Terminology (2015),source_document
uncommon,1. बाङआलगावा 2. बाहसोमाना,Bharatavani / CSTT Fundamental Administrative Terminology (2015),source_document
uncompromising,1. बाङमिमांसावाः बिरोध,Bharatavani / CSTT Fundamental Administrative Terminology (2015),source_document
unconditional,बिनासोरतोते,Bharatavani / CSTT Fundamental Administrative Terminology (2015),source_document
unconfirmed,बिनापुस्टावते,Bharatavani / CSTT Fundamental Administrative Terminology (2015),source_document
unconfirmed report,बिनापुस्टाव खोबोर,Bharatavani / CSTT Fundamental Administrative Terminology (2015),source_document
unconstitutional,असंवध ै ानिक,Bharatavani / CSTT Fundamental Administrative Terminology (2015),source_document
uncontested,1. बेगोर हे टाबादी 2. बिनाविरोदते,Bharatavani / CSTT Fundamental Administrative Terminology (2015),source_document
uncontrolled,1. बेगोरआकोट 2. बाघआटकव,Bharatavani / CSTT Fundamental Administrative Terminology (2015),source_document
uncorroborated,बाङपुसटाव,Bharatavani / CSTT Fundamental Administrative Terminology (2015),source_document
uncovered demand,बाङपरु ाव दाबी,Bharatavani / CSTT Fundamental Administrative Terminology (2015),source_document
undated,1. बाङमाहिताः बिना माहिताः,Bharatavani / CSTT Fundamental Administrative Terminology (2015),source_document
undelivered letter,बाङ हाटिञाः चिठी,Bharatavani / CSTT Fundamental Administrative Terminology (2015),source_document
under,अधीन,Bharatavani / CSTT Fundamental Administrative Terminology (2015),source_document
under-age,कोम बोयोस,Bharatavani / CSTT Fundamental Administrative Terminology (2015),source_document
under assessment,कोम निर्धारण,Bharatavani / CSTT Fundamental Administrative Terminology (2015),source_document
under billing,कोम कावडी रे नाः बिल बेनाव,Bharatavani / CSTT Fundamental Administrative Terminology (2015),source_document
under certificate of posting,डाक प्रमाणाः,Bharatavani / CSTT Fundamental Administrative Terminology (2015),source_document
under consideration,विचारधीन,Bharatavani / CSTT Fundamental Administrative Terminology (2015),source_document
underconsumption,कोम आखरिञ,Bharatavani / CSTT Fundamental Administrative Terminology (2015),source_document
underdeveloped,कोम उथनावाः,Bharatavani / CSTT Fundamental Administrative Terminology (2015),source_document
under employed,कोम कामीयिच ्,Bharatavani / CSTT Fundamental Administrative Terminology (2015),source_document
under employment,कोम कामीयिच ्,Bharatavani / CSTT Fundamental Administrative Terminology (2015),source_document
under-estimate,कोम अनम ु ान,Bharatavani / CSTT Fundamental Administrative Terminology (2015),source_document
under examination,1. परीक्षा अधिनरे 2. परीक्षाधीन,Bharatavani / CSTT Fundamental Administrative Terminology (2015),source_document
undergraduate,1. माड़ाङ स्नातक 2. बि.ए. माड़ाङ,Bharatavani / CSTT Fundamental Administrative Terminology (2015),source_document
underground,ओत भितरी,Bharatavani / CSTT Fundamental Administrative Terminology (2015),source_document
under-hand dealing,उकू उकू ते सोयदा,Bharatavani / CSTT Fundamental Administrative Terminology (2015),source_document
under invoicing,लातार सोडे,Bharatavani / CSTT Fundamental Administrative Terminology (2015),source_document
underlined,लातार ते गार,Bharatavani / CSTT Fundamental Administrative Terminology (2015),source_document
under-manned,लातार लेखा,Bharatavani / CSTT Fundamental Administrative Terminology (2015),source_document
under-paid,कोम बेतन ञाम,Bharatavani / CSTT Fundamental Administrative Terminology (2015),source_document
under-population,कोम होड़लेखा,Bharatavani / CSTT Fundamental Administrative Terminology (2015),source_document
under-production,कोम आरजाव,Bharatavani / CSTT Fundamental Administrative Terminology (2015),source_document
under reference,कोम गोड़ोएम,Bharatavani / CSTT Fundamental Administrative Terminology (2015),source_document
undersigned,लातार रे सह ु ी,Bharatavani / CSTT Fundamental Administrative Terminology (2015),source_document
understanding,बुपुझाव,Bharatavani / CSTT Fundamental Administrative Terminology (2015),source_document
undertake,जिम्मा हाताव,Bharatavani / CSTT Fundamental Administrative Terminology (2015),source_document
undertaking,जिम्मा हाताव आकाः,Bharatavani / CSTT Fundamental Administrative Terminology (2015),source_document
undertrial,बिचाररे,Bharatavani / CSTT Fundamental Administrative Terminology (2015),source_document
under-utilization,कोम बेवहार,Bharatavani / CSTT Fundamental Administrative Terminology (2015),source_document
under-valuation,कोम ञेल,Bharatavani / CSTT Fundamental Administrative Terminology (2015),source_document
undesirable,बाङउइहाराः,Bharatavani / CSTT Fundamental Administrative Terminology (2015),source_document
undignified,1. ओभद्र 2. बाघसोभावाः,Bharatavani / CSTT Fundamental Administrative Terminology (2015),source_document
undisbursed loan,बेगोरटाका एम ते कोर्च,Bharatavani / CSTT Fundamental Administrative Terminology (2015),source_document
undisputed,बिना दिगधा,Bharatavani / CSTT Fundamental Administrative Terminology (2015),source_document
undivided,बाघ हाटिञाः,Bharatavani / CSTT Fundamental Administrative Terminology (2015),source_document
undoubtedly,बिनासोन्दहते,Bharatavani / CSTT Fundamental Administrative Terminology (2015),source_document
undue,1. अनचि ु त 2. बेबोजोर 3. खाराप ्,Bharatavani / CSTT Fundamental Administrative Terminology (2015),source_document
undue delay,बेबोजोर दे री,Bharatavani / CSTT Fundamental Administrative Terminology (2015),source_document
undue influence,खाराप प्रभाव,Bharatavani / CSTT Fundamental Administrative Terminology (2015),source_document
unearned income,बेगोर आरजाव आय,Bharatavani / CSTT Fundamental Administrative Terminology (2015),source_document
unearth,"पान्तेञाम, ठिकाना हाताव",Bharatavani / CSTT Fundamental Administrative Terminology (2015),source_document
uneconomical,बेगोर लाभाः,Bharatavani / CSTT Fundamental Administrative Terminology (2015),source_document
unemployment,बेकारी,Bharatavani / CSTT Fundamental Administrative Terminology (2015),source_document
uneven land,बाङसोमान हासा,Bharatavani / CSTT Fundamental Administrative Terminology (2015),source_document
unexpected delay,बाङउइहार छाड़िच ्,Bharatavani / CSTT Fundamental Administrative Terminology (2015),source_document
unexpired,बाङ चाबावाः,Bharatavani / CSTT Fundamental Administrative Terminology (2015),source_document
unfair,1. बाड़िच ् 2. ठिकबाङ 3. बाङठिक,Bharatavani / CSTT Fundamental Administrative Terminology (2015),source_document
unfair dismissal,बाड़िच ् छाटनी,Bharatavani / CSTT Fundamental Administrative Terminology (2015),source_document
unfair labour practices,बाङठिक कामीया बेवहार,Bharatavani / CSTT Fundamental Administrative Terminology (2015),source_document
unfair means,1. बाङठिक तारीकाते 2. बाड़िच ् कामी,Bharatavani / CSTT Fundamental Administrative Terminology (2015),source_document
unfavourable,बाङ अनुकुल ते,Bharatavani / CSTT Fundamental Administrative Terminology (2015),source_document
unfit,1. अयोग्य 2. निफुटबाङ,Bharatavani / CSTT Fundamental Administrative Terminology (2015),source_document
unfit for promotion,पदराकाप ् रे अयोग्य,Bharatavani / CSTT Fundamental Administrative Terminology (2015),source_document
unforeseen,बाघञेलोगाः,Bharatavani / CSTT Fundamental Administrative Terminology (2015),source_document
unforeseen charges,बाङञेलोः भारएम,Bharatavani / CSTT Fundamental Administrative Terminology (2015),source_document
unforeseen circumstances,बाङञेलोः परिस्थिती,Bharatavani / CSTT Fundamental Administrative Terminology (2015),source_document
unicameral,1. मितल ्‌ ेकानाः 2. मितल ्‌ ेकान सदन,Bharatavani / CSTT Fundamental Administrative Terminology (2015),source_document
unicameral legislature,मितल ्‌ ेकान विधान मंडल,Bharatavani / CSTT Fundamental Administrative Terminology (2015),source_document
unification,1. मितठ्‌े न 2. एकीकरण,Bharatavani / CSTT Fundamental Administrative Terminology (2015),source_document
unified scale,मितठ्‌े न आकान बेतन,Bharatavani / CSTT Fundamental Administrative Terminology (2015),source_document
uniform,1. मितल ्‌ ेकान 2. मितल ्‌ ोमान,Bharatavani / CSTT Fundamental Administrative Terminology (2015),source_document
uniform increase,मितस ्‌ ोमान बाड़,Bharatavani / CSTT Fundamental Administrative Terminology (2015),source_document
uniformity,मितल ्‌ ेकानाः,Bharatavani / CSTT Fundamental Administrative Terminology (2015),source_document
unilateral,मितत ्‌ ोरफा,Bharatavani / CSTT Fundamental Administrative Terminology (2015),source_document
unilateral action,मितत ्‌ ोरफा कारवाई,Bharatavani / CSTT Fundamental Administrative Terminology (2015),source_document
uninterrupted power supply,बेगोरआकोट ते बिजली सारभार,Bharatavani / CSTT Fundamental Administrative Terminology (2015),source_document
uninterrupted service,1. बेगोरतोपाः ते कामी 2. लेताड़कामी,Bharatavani / CSTT Fundamental Administrative Terminology (2015),source_document
union,1. जमि ु त ् 2. गाँवता 3. गादे ल,Bharatavani / CSTT Fundamental Administrative Terminology (2015),source_document
unionism,1. जुमित्आरी 2. गाँवताआरी,Bharatavani / CSTT Fundamental Administrative Terminology (2015),source_document
union list,1. संघ सूची 2. गाँवता सूची,Bharatavani / CSTT Fundamental Administrative Terminology (2015),source_document
union territory,गाँवता पोनोत टोठा,Bharatavani / CSTT Fundamental Administrative Terminology (2015),source_document
unique,1. एकमात्र 2. मितह्‌ ोड़गे,Bharatavani / CSTT Fundamental Administrative Terminology (2015),source_document
unit,1. एलेख 2. हाटिञ 3. जूमिद,Bharatavani / CSTT Fundamental Administrative Terminology (2015),source_document
unitary,ऐकिक,Bharatavani / CSTT Fundamental Administrative Terminology (2015),source_document
united,1. मितध ्‌ ावते 2. मितठ्‌ न,Bharatavani / CSTT Fundamental Administrative Terminology (2015),source_document
unity,मितत ्‌ े,Bharatavani / CSTT Fundamental Administrative Terminology (2015),source_document
universal,1. गोटाबाड़ा 2. जेगेतर्‌े न,Bharatavani / CSTT Fundamental Administrative Terminology (2015),source_document
unjust,1. बाड़िच ् 2. अनुचित ्,Bharatavani / CSTT Fundamental Administrative Terminology (2015),source_document
unlawful,1. आनबिरोध 2. बाड़िच्आन,Bharatavani / CSTT Fundamental Administrative Terminology (2015),source_document
unlawful purpose,आनबिरोध लाकती,Bharatavani / CSTT Fundamental Administrative Terminology (2015),source_document
unlimited,1. बेसिमा 2. आडीगान,Bharatavani / CSTT Fundamental Administrative Terminology (2015),source_document
unlimited power,1. बेहिसाब ् दाड़े 2. आडी दाड़ेयान,Bharatavani / CSTT Fundamental Administrative Terminology (2015),source_document
unlisted,बेगोरसुचीयाः,Bharatavani / CSTT Fundamental Administrative Terminology (2015),source_document
unloading,1. हामालतेत ् आँड़गो 2. एखेनाः,Bharatavani / CSTT Fundamental Administrative Terminology (2015),source_document
unmarried,1. डाँगवा 2. बाङबापल ्‌ ायिच ्,Bharatavani / CSTT Fundamental Administrative Terminology (2015),source_document
unnatural,1. बेनावाः 2. अप्राकृतिक 3. टाटका,Bharatavani / CSTT Fundamental Administrative Terminology (2015),source_document
unnatural death,1. टाटकागोयच ् 2. टाटका गोयच ्,Bharatavani / CSTT Fundamental Administrative Terminology (2015),source_document
unnecessary,बाङलाकतियाः,Bharatavani / CSTT Fundamental Administrative Terminology (2015),source_document
unofficial,बेसरकारी,Bharatavani / CSTT Fundamental Administrative Terminology (2015),source_document
unofficial letter,बेसरकारी चिठी,Bharatavani / CSTT Fundamental Administrative Terminology (2015),source_document
unofficial note,बेसरकारी नोट,Bharatavani / CSTT Fundamental Administrative Terminology (2015),source_document
unofficial strike,बेसरकारी हड़ताल,Bharatavani / CSTT Fundamental Administrative Terminology (2015),source_document
unopposed,1. निरबिरोध 2. बेगोर बिरोधते,Bharatavani / CSTT Fundamental Administrative Terminology (2015),source_document
unpaid wages,बेगोरएम कुड़ाई,Bharatavani / CSTT Fundamental Administrative Terminology (2015),source_document
unparliamentary,बेगोरसंसदीय,Bharatavani / CSTT Fundamental Administrative Terminology (2015),source_document
unpopular,बेगोर ञुतुमान,Bharatavani / CSTT Fundamental Administrative Terminology (2015),source_document
unprecedented,अभूतपूर्व,Bharatavani / CSTT Fundamental Administrative Terminology (2015),source_document
unpredictable,बेथानितह्‌ ोड़,Bharatavani / CSTT Fundamental Administrative Terminology (2015),source_document
unproductive,1. बेआरजाव 2. बहे कुड़ाई,Bharatavani / CSTT Fundamental Administrative Terminology (2015),source_document
unproductive labour,बेआरजाव कामियाको,Bharatavani / CSTT Fundamental Administrative Terminology (2015),source_document
unprofitable,बेगोरलाभा,Bharatavani / CSTT Fundamental Administrative Terminology (2015),source_document
unpunctual,ओक्तो रे नाः आकोटबाङ,Bharatavani / CSTT Fundamental Administrative Terminology (2015),source_document
unqualified,बिनासोरतोते,Bharatavani / CSTT Fundamental Administrative Terminology (2015),source_document
unqualified apology,बिनासोरोते क्षमाएम,Bharatavani / CSTT Fundamental Administrative Terminology (2015),source_document
unquestionable,बिनाकुकलीयाः,Bharatavani / CSTT Fundamental Administrative Terminology (2015),source_document
unrealizable sum,बाङउइहाराः कावडी,Bharatavani / CSTT Fundamental Administrative Terminology (2015),source_document
unreasonable,1. बाङयुकितयुक्त 2. बाड़िच ्,Bharatavani / CSTT Fundamental Administrative Terminology (2015),source_document
unrecorded,बाङओलाः,Bharatavani / CSTT Fundamental Administrative Terminology (2015),source_document
unregistered document,बाङपंजीकृत दस्तावेज,Bharatavani / CSTT Fundamental Administrative Terminology (2015),source_document
unregistered firm,बाङपंजीकृत फर्म,Bharatavani / CSTT Fundamental Administrative Terminology (2015),source_document
unreserved vacancy,पेगोरराखा खालीठाँव,Bharatavani / CSTT Fundamental Administrative Terminology (2015),source_document
unsafe,बाङराखावाः,Bharatavani / CSTT Fundamental Administrative Terminology (2015),source_document
unsatisfactory,बाङखुसियाः,Bharatavani / CSTT Fundamental Administrative Terminology (2015),source_document
unsecured,बाङरुखियावाः,Bharatavani / CSTT Fundamental Administrative Terminology (2015),source_document
unsecured loan,बाङरुखियावाः रिन,Bharatavani / CSTT Fundamental Administrative Terminology (2015),source_document
unserviceable,बेकार,Bharatavani / CSTT Fundamental Administrative Terminology (2015),source_document
unskilled,1. बेगोरदोड़ेयाः 2. बाङदाड़ेयाः,Bharatavani / CSTT Fundamental Administrative Terminology (2015),source_document
unskilled labour,बाङदाड़ेको कामियाको,Bharatavani / CSTT Fundamental Administrative Terminology (2015),source_document
unsound mind,1. बाङकेटे जाःमोन 2. बाड़िच्उहार,Bharatavani / CSTT Fundamental Administrative Terminology (2015),source_document
unspecified,1. बाङबाछावाः 2. बाङठावकावाः,Bharatavani / CSTT Fundamental Administrative Terminology (2015),source_document
unstable,1. बाघरिहिटाः 2. अस्थिर,Bharatavani / CSTT Fundamental Administrative Terminology (2015),source_document
unstable government,बाङरिहित सरकार,Bharatavani / CSTT Fundamental Administrative Terminology (2015),source_document
unstarred,1. बाङतारकोवाः 2. बाङसाडेयाः,Bharatavani / CSTT Fundamental Administrative Terminology (2015),source_document
unsuitable,1. बाङनापायाः 2. बाङलाकतीयाः,Bharatavani / CSTT Fundamental Administrative Terminology (2015),source_document
untenable,1. बाङगोड़ोएम 2. बेगोरगोड़ोते,Bharatavani / CSTT Fundamental Administrative Terminology (2015),source_document
untouchability,1. बाङजोदे दाः 2. छुआछुत,Bharatavani / CSTT Fundamental Administrative Terminology (2015),source_document
untrained,बाङसेचेदिच ्,Bharatavani / CSTT Fundamental Administrative Terminology (2015),source_document
untrustworthy,बाङपातयावाः,Bharatavani / CSTT Fundamental Administrative Terminology (2015),source_document
unused,1. बाङबेवराराः 2. बाङलाकतीयाः,Bharatavani / CSTT Fundamental Administrative Terminology (2015),source_document
unusual delay,बाङलाकतीयाः घाड़िक,Bharatavani / CSTT Fundamental Administrative Terminology (2015),source_document
unutilized grant,बाङखोरोचाः कावडी,Bharatavani / CSTT Fundamental Administrative Terminology (2015),source_document
unwarranted,1. बिनाकुलीते 2. बेघोर लाकतीते,Bharatavani / CSTT Fundamental Administrative Terminology (2015),source_document
unwilling,बिना इच्छाःते,Bharatavani / CSTT Fundamental Administrative Terminology (2015),source_document
unworthy,1. अयोग्य 2. बाङञामाः,Bharatavani / CSTT Fundamental Administrative Terminology (2015),source_document
updation,राकापर्‌े नाः,Bharatavani / CSTT Fundamental Administrative Terminology (2015),source_document
upgrade,1. राकाप ् 2. उथनाव,Bharatavani / CSTT Fundamental Administrative Terminology (2015),source_document
upgrading,1. राकाबेत ् 2. राकापए्‌ त ्,Bharatavani / CSTT Fundamental Administrative Terminology (2015),source_document
upgrading of post,1. पोद कोरे नाः राकाप ् 2. पद रे नाः उनूयन,Bharatavani / CSTT Fundamental Administrative Terminology (2015),source_document
uphold,1. मानोत एम 2. पट ु ावएम,Bharatavani / CSTT Fundamental Administrative Terminology (2015),source_document
upkeep,साँबड़ाव,Bharatavani / CSTT Fundamental Administrative Terminology (2015),source_document
uplift,1. रानाकाप ् 2. उथनाव,Bharatavani / CSTT Fundamental Administrative Terminology (2015),source_document
upper,1. चेतान 2. चेतानाः,Bharatavani / CSTT Fundamental Administrative Terminology (2015),source_document
upper age limit,चेतान रे नाः बोयोस सिमा,Bharatavani / CSTT Fundamental Administrative Terminology (2015),source_document
uppermost,चेतान उतारिच ्,Bharatavani / CSTT Fundamental Administrative Terminology (2015),source_document
up to date,1. गुदेलउतार 2. नितधाबिच ्,Bharatavani / CSTT Fundamental Administrative Terminology (2015),source_document
upright,1. सारी 2. सुहीउतारिच ्,Bharatavani / CSTT Fundamental Administrative Terminology (2015),source_document
upset,1. आड़िस 2. एस्तोबेस्तो,Bharatavani / CSTT Fundamental Administrative Terminology (2015),source_document
upward communication,माड़ाङसेदाः गालमाराव,Bharatavani / CSTT Fundamental Administrative Terminology (2015),source_document
upward trend,1. चेतानसेदाः बेवहार 2. माडाङसेदाः हे वा,Bharatavani / CSTT Fundamental Administrative Terminology (2015),source_document
urban,1. सोहोर 2. बाजार 3. नागार,Bharatavani / CSTT Fundamental Administrative Terminology (2015),source_document
urbanization,1. सोहरीलेकान 2. बाजारलेकान,Bharatavani / CSTT Fundamental Administrative Terminology (2015),source_document
urgency,आडीलाकतीयाः,Bharatavani / CSTT Fundamental Administrative Terminology (2015),source_document
urgent,1. नितग ्‌ े 2. तुरन्त 3. टाटका,Bharatavani / CSTT Fundamental Administrative Terminology (2015),source_document
urgent action,1. टाटकाकामी 2. सोंगेकामी,Bharatavani / CSTT Fundamental Administrative Terminology (2015),source_document
urgent call,1. लोगोन होहो 2. तुरन्त होहो,Bharatavani / CSTT Fundamental Administrative Terminology (2015),source_document
urgent slip,लाकतीयानाः कागोच ्,Bharatavani / CSTT Fundamental Administrative Terminology (2015),source_document
usage,1. बेवहार 2. चोलोन 3. प्रथा,Bharatavani / CSTT Fundamental Administrative Terminology (2015),source_document
useful,लाकतीयानाः,Bharatavani / CSTT Fundamental Administrative Terminology (2015),source_document
user,1. लाकतीयानिच ् 2. लाकतीयानाः,Bharatavani / CSTT Fundamental Administrative Terminology (2015),source_document
user item,लाकतीयानाः जिनिस,Bharatavani / CSTT Fundamental Administrative Terminology (2015),source_document
usual,हे वा,Bharatavani / CSTT Fundamental Administrative Terminology (2015),source_document
usurp,कोड़बा,Bharatavani / CSTT Fundamental Administrative Terminology (2015),source_document
utility,लाकती,Bharatavani / CSTT Fundamental Administrative Terminology (2015),source_document
utilization,लाकतीयानाः,Bharatavani / CSTT Fundamental Administrative Terminology (2015),source_document
utilization certificate,लाकतीयानाः सिदसाकाम,Bharatavani / CSTT Fundamental Administrative Terminology (2015),source_document
vacancy,1. खाली 2. पोदखाली,Bharatavani / CSTT Fundamental Administrative Terminology (2015),source_document
vacant post,खाली पोद,Bharatavani / CSTT Fundamental Administrative Terminology (2015),source_document
vacate,1. आड़ाः 2. खालिकाः,Bharatavani / CSTT Fundamental Administrative Terminology (2015),source_document
vacation,जिलिञछुटी,Bharatavani / CSTT Fundamental Administrative Terminology (2015),source_document
vacation pay,जिलिञछुटी वेतन,Bharatavani / CSTT Fundamental Administrative Terminology (2015),source_document
vacuum,एखेन,Bharatavani / CSTT Fundamental Administrative Terminology (2015),source_document
vague idea,1. पुस्तावबाङ विचार 2. बाङपुस्तावउइहार,Bharatavani / CSTT Fundamental Administrative Terminology (2015),source_document
valedictory address,1. मुचात ् भाषण 2. मुचात ् रोड़,Bharatavani / CSTT Fundamental Administrative Terminology (2015),source_document
valedictory function,बिदाय गालमाराव,Bharatavani / CSTT Fundamental Administrative Terminology (2015),source_document
valedictory session,बिदाय आखड़ा,Bharatavani / CSTT Fundamental Administrative Terminology (2015),source_document
valid,1. मान्य 2. सारीयाः,Bharatavani / CSTT Fundamental Administrative Terminology (2015),source_document
valid argument,सारियाः रोपोड़,Bharatavani / CSTT Fundamental Administrative Terminology (2015),source_document
validity date,मानावबाताव माहित ्,Bharatavani / CSTT Fundamental Administrative Terminology (2015),source_document
valid reason,सारीयाः ओजे,Bharatavani / CSTT Fundamental Administrative Terminology (2015),source_document
valuation,1. गोनाङआकाव 2. खातारोत ्,Bharatavani / CSTT Fundamental Administrative Terminology (2015),source_document
valuation certificate,खातागेत ् सिद् साकाम,Bharatavani / CSTT Fundamental Administrative Terminology (2015),source_document
valuation report,खातागेत ् रिपोर्ट,Bharatavani / CSTT Fundamental Administrative Terminology (2015),source_document
value,1. गोनोङ 2. मान,Bharatavani / CSTT Fundamental Administrative Terminology (2015),source_document
valuer,गोनोङएमोगिच ्,Bharatavani / CSTT Fundamental Administrative Terminology (2015),source_document
variable,तायोमते,Bharatavani / CSTT Fundamental Administrative Terminology (2015),source_document
variance,1. मोतभेद 2. भेगार,Bharatavani / CSTT Fundamental Administrative Terminology (2015),source_document
variant,भेगार,Bharatavani / CSTT Fundamental Administrative Terminology (2015),source_document
variation,बोदोल,Bharatavani / CSTT Fundamental Administrative Terminology (2015),source_document
variation in quality,गन ु रे भेगार,Bharatavani / CSTT Fundamental Administrative Terminology (2015),source_document
variety,1. भेगाराः 2. आडीलेकानाः,Bharatavani / CSTT Fundamental Administrative Terminology (2015),source_document
vehicle,1. वाहन 2. दे जोगाः,Bharatavani / CSTT Fundamental Administrative Terminology (2015),source_document
ventilate,1. लायतेनाः 2. अभिव्यक्त एम,Bharatavani / CSTT Fundamental Administrative Terminology (2015),source_document
venture,जोखिमकामी,Bharatavani / CSTT Fundamental Administrative Terminology (2015),source_document
venue,ठाँव,Bharatavani / CSTT Fundamental Administrative Terminology (2015),source_document
veracity,1. सारीयाः 2. सारीयिच ्,Bharatavani / CSTT Fundamental Administrative Terminology (2015),source_document
verbal,1. मेनते 2. मोचाते,Bharatavani / CSTT Fundamental Administrative Terminology (2015),source_document
verbal agreement,मोचाते एकरार,Bharatavani / CSTT Fundamental Administrative Terminology (2015),source_document
verbal discussion,मोचाते गालमाराव,Bharatavani / CSTT Fundamental Administrative Terminology (2015),source_document
verbal order,मोचाते आदे श,Bharatavani / CSTT Fundamental Administrative Terminology (2015),source_document
verbal statement,मोचाते बोयान एम,Bharatavani / CSTT Fundamental Administrative Terminology (2015),source_document
verbal warning,मोचाते चेताव एम,Bharatavani / CSTT Fundamental Administrative Terminology (2015),source_document
verbatim,साबादाः,Bharatavani / CSTT Fundamental Administrative Terminology (2015),source_document
verbatim report,साबादाः रिपोर्ट,Bharatavani / CSTT Fundamental Administrative Terminology (2015),source_document
verdict,अधिमत,Bharatavani / CSTT Fundamental Administrative Terminology (2015),source_document
verification,1. ञेलसारी 2. सत्यापन,Bharatavani / CSTT Fundamental Administrative Terminology (2015),source_document
verification of antecedents,माड़ाङतेयाः ञेल दोहड़ा,Bharatavani / CSTT Fundamental Administrative Terminology (2015),source_document
verification of stores,माल रे नाः ञेलसारी,Bharatavani / CSTT Fundamental Administrative Terminology (2015),source_document
verification sheet,ञेलसारी कागोच ्,Bharatavani / CSTT Fundamental Administrative Terminology (2015),source_document
verified copy,ञेलसारी साकाम,Bharatavani / CSTT Fundamental Administrative Terminology (2015),source_document
vernacular,दे हाती,Bharatavani / CSTT Fundamental Administrative Terminology (2015),source_document
version,1. आरुफेराव 2. तोरजोमा,Bharatavani / CSTT Fundamental Administrative Terminology (2015),source_document
versus,बनाम,Bharatavani / CSTT Fundamental Administrative Terminology (2015),source_document
vertical communication,चेतान रे नाः गालमाराव,Bharatavani / CSTT Fundamental Administrative Terminology (2015),source_document
vertical filing system,सोझे फाइल सिस्टेम,Bharatavani / CSTT Fundamental Administrative Terminology (2015),source_document
vertical mobility,सोझे लाड़ावोः,Bharatavani / CSTT Fundamental Administrative Terminology (2015),source_document
very good,आडी नापाय,Bharatavani / CSTT Fundamental Administrative Terminology (2015),source_document
vessel,दाः जाहाज,Bharatavani / CSTT Fundamental Administrative Terminology (2015),source_document
vest,1. होक 2. अधिकार,Bharatavani / CSTT Fundamental Administrative Terminology (2015),source_document
vested right,1. निहित होक,Bharatavani / CSTT Fundamental Administrative Terminology (2015),source_document
veto,वीटो,Bharatavani / CSTT Fundamental Administrative Terminology (2015),source_document
vetting,1. दोहड़ाञेल 2. जांच,Bharatavani / CSTT Fundamental Administrative Terminology (2015),source_document
vettor,ञेल दोहड़ायिच ्,Bharatavani / CSTT Fundamental Administrative Terminology (2015),source_document
via,तालाते,Bharatavani / CSTT Fundamental Administrative Terminology (2015),source_document
viability,लाभ आनाः,Bharatavani / CSTT Fundamental Administrative Terminology (2015),source_document
viable,1. दाड़े 2. लाभ आनाः,Bharatavani / CSTT Fundamental Administrative Terminology (2015),source_document
via media,1. तालाते 2. ताला होरते,Bharatavani / CSTT Fundamental Administrative Terminology (2015),source_document
vice,जोग,Bharatavani / CSTT Fundamental Administrative Terminology (2015),source_document
vice versa,1. उलटाआना 2. नोवा रे नाः उलटा,Bharatavani / CSTT Fundamental Administrative Terminology (2015),source_document
vicious circle,बाडिचचक्र,Bharatavani / CSTT Fundamental Administrative Terminology (2015),source_document
victimise,1. बाड़िच ् ए 2. उकुये,Bharatavani / CSTT Fundamental Administrative Terminology (2015),source_document
victimization,हासू,Bharatavani / CSTT Fundamental Administrative Terminology (2015),source_document
victory,जितकार,Bharatavani / CSTT Fundamental Administrative Terminology (2015),source_document
video conferencing,वीडियो कॉन्फ्रेंसिंग,Bharatavani / CSTT Fundamental Administrative Terminology (2015),source_document
view,1. चितार 2. उमुल 3. ञेलपेद,Bharatavani / CSTT Fundamental Administrative Terminology (2015),source_document
view point,ञेल रे नाः,Bharatavani / CSTT Fundamental Administrative Terminology (2015),source_document
views,1. मोत 2. विचार,Bharatavani / CSTT Fundamental Administrative Terminology (2015),source_document
vigilance,सतर्क ता,Bharatavani / CSTT Fundamental Administrative Terminology (2015),source_document
vigilance case,सतर्क ता मामला,Bharatavani / CSTT Fundamental Administrative Terminology (2015),source_document
vigilence clearance,सतर्क ता बाङआपोत्ती,Bharatavani / CSTT Fundamental Administrative Terminology (2015),source_document
vigorous,1. केटे च ् 2. कठिन 3. जोरदार,Bharatavani / CSTT Fundamental Administrative Terminology (2015),source_document
vindictive,प्रतिशोधी,Bharatavani / CSTT Fundamental Administrative Terminology (2015),source_document
violate,1. अतिक्रमण 2. दोखोल कामी ़,Bharatavani / CSTT Fundamental Administrative Terminology (2015),source_document
violation,अतिक्रमण,Bharatavani / CSTT Fundamental Administrative Terminology (2015),source_document
virtue,नापायगुण,Bharatavani / CSTT Fundamental Administrative Terminology (2015),source_document
virtuours,नापायगुन आनिच ्,Bharatavani / CSTT Fundamental Administrative Terminology (2015),source_document
visa,वीजा,Bharatavani / CSTT Fundamental Administrative Terminology (2015),source_document
vis-a-vis,सामाङ रे नाः,Bharatavani / CSTT Fundamental Administrative Terminology (2015),source_document
visit,हिजूः सेनोः,Bharatavani / CSTT Fundamental Administrative Terminology (2015),source_document
visiting hours,ञापाम रे नाः ओक्तो,Bharatavani / CSTT Fundamental Administrative Terminology (2015),source_document
visitor,1. ञापमिच ् 2. हिजुगिच ्,Bharatavani / CSTT Fundamental Administrative Terminology (2015),source_document
visitor’s book,हिजःू कोवाः खाता,Bharatavani / CSTT Fundamental Administrative Terminology (2015),source_document
visitor’s gallery,ञेञेलकोवा दड़ुु बाः,Bharatavani / CSTT Fundamental Administrative Terminology (2015),source_document
visual,ञेनेलोम,Bharatavani / CSTT Fundamental Administrative Terminology (2015),source_document
visual display,ञेनेलोम उदूः,Bharatavani / CSTT Fundamental Administrative Terminology (2015),source_document
visual inspection,1. ञेनेलोम ञेल 2. सोझे ञेले,Bharatavani / CSTT Fundamental Administrative Terminology (2015),source_document
visualize,ञेलरे नाः,Bharatavani / CSTT Fundamental Administrative Terminology (2015),source_document
visual publicity,ञेलेलोम पासनाव,Bharatavani / CSTT Fundamental Administrative Terminology (2015),source_document
vital,1. रान 2. लाकतीयाना,Bharatavani / CSTT Fundamental Administrative Terminology (2015),source_document
vitality,1. जीवन रे नाः दाड़े,Bharatavani / CSTT Fundamental Administrative Terminology (2015),source_document
vital part,लाकतीयानाः हाटिञ ़,Bharatavani / CSTT Fundamental Administrative Terminology (2015),source_document
vital service,लाकतीयानाः कामी ़,Bharatavani / CSTT Fundamental Administrative Terminology (2015),source_document
vital statistics,जानाम-गुजूः रे नाः हिसाब,Bharatavani / CSTT Fundamental Administrative Terminology (2015),source_document
viva voce,रोपोड़ बिनिड,Bharatavani / CSTT Fundamental Administrative Terminology (2015),source_document
vivid,पस ु ्ट़ाव सांहिच ्,Bharatavani / CSTT Fundamental Administrative Terminology (2015),source_document
viz.,तारमाने,Bharatavani / CSTT Fundamental Administrative Terminology (2015),source_document
vocabulary,साबाद गादे ल,Bharatavani / CSTT Fundamental Administrative Terminology (2015),source_document
vocal,1. मुखर 2. मोचाते,Bharatavani / CSTT Fundamental Administrative Terminology (2015),source_document
vocation,बेपार,Bharatavani / CSTT Fundamental Administrative Terminology (2015),source_document
vocational,बेपारिया,Bharatavani / CSTT Fundamental Administrative Terminology (2015),source_document
vocational guidance,बेपारिया रे नाः हारे उदूः,Bharatavani / CSTT Fundamental Administrative Terminology (2015),source_document
vocational training,बेपारिया सेचेत ्,Bharatavani / CSTT Fundamental Administrative Terminology (2015),source_document
voice,आड़ाङ,Bharatavani / CSTT Fundamental Administrative Terminology (2015),source_document
void,1. शुन्य 2. एखेन 3. खाली ़,Bharatavani / CSTT Fundamental Administrative Terminology (2015),source_document
volume,हाटिञ ़,Bharatavani / CSTT Fundamental Administrative Terminology (2015),source_document
voluminous,1. आडीमाराङ 2. गाख ़ ुड़,Bharatavani / CSTT Fundamental Administrative Terminology (2015),source_document
voluntary,आपनारते,Bharatavani / CSTT Fundamental Administrative Terminology (2015),source_document
voluntary agency,आपनारते एजेन्सी,Bharatavani / CSTT Fundamental Administrative Terminology (2015),source_document
voluntary settlement,आपनारते निपटारा,Bharatavani / CSTT Fundamental Administrative Terminology (2015),source_document
voluntary work,आपनारते क़ामी,Bharatavani / CSTT Fundamental Administrative Terminology (2015),source_document
volunteer,आपनारते क़ामीसेवाएम,Bharatavani / CSTT Fundamental Administrative Terminology (2015),source_document
votable,मतएम,Bharatavani / CSTT Fundamental Administrative Terminology (2015),source_document
vote,वोट,Bharatavani / CSTT Fundamental Administrative Terminology (2015),source_document
voted,मोताः,Bharatavani / CSTT Fundamental Administrative Terminology (2015),source_document
vote of censure,बाडिच ़ ् प्रस्ताब एम,Bharatavani / CSTT Fundamental Administrative Terminology (2015),source_document
vote of thanks,सारहाव प्रस्ताव एम,Bharatavani / CSTT Fundamental Administrative Terminology (2015),source_document
vote on account,लेखानुदान,Bharatavani / CSTT Fundamental Administrative Terminology (2015),source_document
voter,1. मोतएमको 2. मतदाता,Bharatavani / CSTT Fundamental Administrative Terminology (2015),source_document
voting,मोतएम,Bharatavani / CSTT Fundamental Administrative Terminology (2015),source_document
voting by ballot,मोतसाकामते वोटएम,Bharatavani / CSTT Fundamental Administrative Terminology (2015),source_document
voting right,मोतएम रे नाः होक,Bharatavani / CSTT Fundamental Administrative Terminology (2015),source_document
vouched,आपनारते प्रोमान एम,Bharatavani / CSTT Fundamental Administrative Terminology (2015),source_document
voucher,भावचार,Bharatavani / CSTT Fundamental Administrative Terminology (2015),source_document
vow,व्रत,Bharatavani / CSTT Fundamental Administrative Terminology (2015),source_document
vulgar,1. अभद्र 2. बाड़िच ्,Bharatavani / CSTT Fundamental Administrative Terminology (2015),source_document
vulnerable,सुमेद्‍य,Bharatavani / CSTT Fundamental Administrative Terminology (2015),source_document
wage,1. कुड़ाई 2. कामियाकोवाःवे ़ तन,Bharatavani / CSTT Fundamental Administrative Terminology (2015),source_document
wage administration,कुड़ाई प्रशासन,Bharatavani / CSTT Fundamental Administrative Terminology (2015),source_document
wage agreement,कुड़ाई एकरार,Bharatavani / CSTT Fundamental Administrative Terminology (2015),source_document
wage board,वेतन वोर्ड,Bharatavani / CSTT Fundamental Administrative Terminology (2015),source_document
wage ceiling,कुड़ाई रे नाः बाडती ़ सिम़ा,Bharatavani / CSTT Fundamental Administrative Terminology (2015),source_document
wage contract,कुड़ा ़ ई ठे का,Bharatavani / CSTT Fundamental Administrative Terminology (2015),source_document
wage earner,कामिय़ा ़,Bharatavani / CSTT Fundamental Administrative Terminology (2015),source_document
wage formula,कुड़ाई रे याः राय,Bharatavani / CSTT Fundamental Administrative Terminology (2015),source_document
wage payment,कुडाई़ एम,Bharatavani / CSTT Fundamental Administrative Terminology (2015),source_document
wage policy,कुड़ाई आ़रि,Bharatavani / CSTT Fundamental Administrative Terminology (2015),source_document
wage rate,कुड़ाई दोर,Bharatavani / CSTT Fundamental Administrative Terminology (2015),source_document
wage review,कुड़ाई आरुफेराव,Bharatavani / CSTT Fundamental Administrative Terminology (2015),source_document
waiting list,तांगी रे याः सूची,Bharatavani / CSTT Fundamental Administrative Terminology (2015),source_document
waive,बागीयाः ़,Bharatavani / CSTT Fundamental Administrative Terminology (2015),source_document
walk-in-interview,बोलोन रे नाः बिडाव,Bharatavani / CSTT Fundamental Administrative Terminology (2015),source_document
want,1. ओभाव 2. लाकती,Bharatavani / CSTT Fundamental Administrative Terminology (2015),source_document
ward,रोगी ओड़ाः,Bharatavani / CSTT Fundamental Administrative Terminology (2015),source_document
warehouse,मालगोदाम,Bharatavani / CSTT Fundamental Administrative Terminology (2015),source_document
warehousing charges,मालगोदाम रे न कामिया,Bharatavani / CSTT Fundamental Administrative Terminology (2015),source_document
warning,चेताव,Bharatavani / CSTT Fundamental Administrative Terminology (2015),source_document
warrant,वारं टी,Bharatavani / CSTT Fundamental Administrative Terminology (2015),source_document
warranty,वारं टी,Bharatavani / CSTT Fundamental Administrative Terminology (2015),source_document
washing allowance,साफा रे ना भात्ता,Bharatavani / CSTT Fundamental Administrative Terminology (2015),source_document
wastage,1. बेरबाद 2. बारगा ़ ल़,Bharatavani / CSTT Fundamental Administrative Terminology (2015),source_document
waste land,पुड़या जायगा,Bharatavani / CSTT Fundamental Administrative Terminology (2015),source_document
waste paper basket,ओजरा कागोच रे नाः फातयाः,Bharatavani / CSTT Fundamental Administrative Terminology (2015),source_document
watch,1. पाहरादार 2. घड़ी,Bharatavani / CSTT Fundamental Administrative Terminology (2015),source_document
watch and ward,पाहरादार आर निगरानी,Bharatavani / CSTT Fundamental Administrative Terminology (2015),source_document
water proof,दाः एसेदाः,Bharatavani / CSTT Fundamental Administrative Terminology (2015),source_document
water supply,दाः सारभार,Bharatavani / CSTT Fundamental Administrative Terminology (2015),source_document
way bill,होरतेयाः कागोच ्,Bharatavani / CSTT Fundamental Administrative Terminology (2015),source_document
ways,तरीके,Bharatavani / CSTT Fundamental Administrative Terminology (2015),source_document
ways and means,होर आर उपाय,Bharatavani / CSTT Fundamental Administrative Terminology (2015),source_document
ways and means committee,कुड़ाईसारभार रे नाः गाँवता,Bharatavani / CSTT Fundamental Administrative Terminology (2015),source_document
wear and tear,ऱापुत आर पोसाः,Bharatavani / CSTT Fundamental Administrative Terminology (2015),source_document
weathering,होयहिसित,Bharatavani / CSTT Fundamental Administrative Terminology (2015),source_document
weeding,छांटाव,Bharatavani / CSTT Fundamental Administrative Terminology (2015),source_document
weed out,छाटावकामी ़,Bharatavani / CSTT Fundamental Administrative Terminology (2015),source_document
weekly report,हाप्राकिया रिपोर्ट,Bharatavani / CSTT Fundamental Administrative Terminology (2015),source_document
weigh,1. वजन 2. सोङ,Bharatavani / CSTT Fundamental Administrative Terminology (2015),source_document
weight,1. वजन 2. लाकती 3. दाड़े,Bharatavani / CSTT Fundamental Administrative Terminology (2015),source_document
weightage,1. लाकती 2. दाड़े 3. तुला,Bharatavani / CSTT Fundamental Administrative Terminology (2015),source_document
weight bridge,घोरोम काँटा,Bharatavani / CSTT Fundamental Administrative Terminology (2015),source_document
welcome,1. दे र्दे ला 2. साग़ ुन दाराम,Bharatavani / CSTT Fundamental Administrative Terminology (2015),source_document
welcome address,सागुनदाराम रोड़,Bharatavani / CSTT Fundamental Administrative Terminology (2015),source_document
welfare,1. भालाई ़ 2. नापाय,Bharatavani / CSTT Fundamental Administrative Terminology (2015),source_document
welfare state,भालाई ़ पोनोत,Bharatavani / CSTT Fundamental Administrative Terminology (2015),source_document
well behaved,नापाय बेवहार,Bharatavani / CSTT Fundamental Administrative Terminology (2015),source_document
well-paid,नापाय दोरमाहा,Bharatavani / CSTT Fundamental Administrative Terminology (2015),source_document
well-qualified,नापाय चरु ामा,Bharatavani / CSTT Fundamental Administrative Terminology (2015),source_document
well-versed,नापाय दाड़ेयिच,Bharatavani / CSTT Fundamental Administrative Terminology (2015),source_document
wherebouts,1. आता पाता 2. ठिकाना,Bharatavani / CSTT Fundamental Administrative Terminology (2015),source_document
whereas,एनखान,Bharatavani / CSTT Fundamental Administrative Terminology (2015),source_document
whimsical,सनकी,Bharatavani / CSTT Fundamental Administrative Terminology (2015),source_document
whip,(पोद) चें घाएमोगिच ्,Bharatavani / CSTT Fundamental Administrative Terminology (2015),source_document
white paper,पुंड साकाम,Bharatavani / CSTT Fundamental Administrative Terminology (2015),source_document
whole-time,गोटा सोमोय,Bharatavani / CSTT Fundamental Administrative Terminology (2015),source_document
whole-time employee,गोटा सोमोय कामियाको,Bharatavani / CSTT Fundamental Administrative Terminology (2015),source_document
wide ranging,पुऱाते,Bharatavani / CSTT Fundamental Administrative Terminology (2015),source_document
widely read,नापाय पाड़हाव,Bharatavani / CSTT Fundamental Administrative Terminology (2015),source_document
widow,राँडी,Bharatavani / CSTT Fundamental Administrative Terminology (2015),source_document
widower,राँडा,Bharatavani / CSTT Fundamental Administrative Terminology (2015),source_document
wildcat strike,बेलाकतीयान हड़ताल,Bharatavani / CSTT Fundamental Administrative Terminology (2015),source_document
willful,बाडायकाते,Bharatavani / CSTT Fundamental Administrative Terminology (2015),source_document
window envelope,ओचोः लिफाफा,Bharatavani / CSTT Fundamental Administrative Terminology (2015),source_document
wind up,1. मच ु ़ात ् 2. सामटाव,Bharatavani / CSTT Fundamental Administrative Terminology (2015),source_document
wing,1. सेना फाद़ 2. फांकड़ाः,Bharatavani / CSTT Fundamental Administrative Terminology (2015),source_document
winter allowance,राबाङदिना भत्ता,Bharatavani / CSTT Fundamental Administrative Terminology (2015),source_document
wipe out,मेटावकाः,Bharatavani / CSTT Fundamental Administrative Terminology (2015),source_document
wireless set,अयारलेस सेट,Bharatavani / CSTT Fundamental Administrative Terminology (2015),source_document
withdrawal,रुव़ाड़ाः,Bharatavani / CSTT Fundamental Administrative Terminology (2015),source_document
withdrawal of motion,प्रस्ताव हाताव रुव़ाड़,Bharatavani / CSTT Fundamental Administrative Terminology (2015),source_document
withhold,आकोट दोहो,Bharatavani / CSTT Fundamental Administrative Terminology (2015),source_document
within,भितरी,Bharatavani / CSTT Fundamental Administrative Terminology (2015),source_document
without delay,बेगोर बिलोमते,Bharatavani / CSTT Fundamental Administrative Terminology (2015),source_document
without permission,बेगोर अनुमूतिते,Bharatavani / CSTT Fundamental Administrative Terminology (2015),source_document
withstand,साहावकाः,Bharatavani / CSTT Fundamental Administrative Terminology (2015),source_document
witness,साखी ़,Bharatavani / CSTT Fundamental Administrative Terminology (2015),source_document
work book,कामी ़ पथ ु ी,Bharatavani / CSTT Fundamental Administrative Terminology (2015),source_document
work-charged,क़ामी ओड़सोङ,Bharatavani / CSTT Fundamental Administrative Terminology (2015),source_document
work culture,क़ामी अ़रिचाली,Bharatavani / CSTT Fundamental Administrative Terminology (2015),source_document
work environment,कामी ़ रे नाः अनुभव,Bharatavani / CSTT Fundamental Administrative Terminology (2015),source_document
worker,कामीको ़,Bharatavani / CSTT Fundamental Administrative Terminology (2015),source_document
worker’s compensation,कामीको ़ गोड़ोएम,Bharatavani / CSTT Fundamental Administrative Terminology (2015),source_document
worker’s training,कामीको ़ सेचेत ्,Bharatavani / CSTT Fundamental Administrative Terminology (2015),source_document
work experience,कामीरे ़ नाः अनुभव,Bharatavani / CSTT Fundamental Administrative Terminology (2015),source_document
work force,कामी ़ दोल,Bharatavani / CSTT Fundamental Administrative Terminology (2015),source_document
working,क़ामी चालाव,Bharatavani / CSTT Fundamental Administrative Terminology (2015),source_document
working committee,क़ामीरोवाः गाँवता,Bharatavani / CSTT Fundamental Administrative Terminology (2015),source_document
working conditions,क़ामी रे नाः हालोत ्,Bharatavani / CSTT Fundamental Administrative Terminology (2015),source_document
working days,कामी ़ दिन,Bharatavani / CSTT Fundamental Administrative Terminology (2015),source_document
working group,कामी ़ दल,Bharatavani / CSTT Fundamental Administrative Terminology (2015),source_document
working hours,क़ामी रे नाः सोमोय,Bharatavani / CSTT Fundamental Administrative Terminology (2015),source_document
working knowledge,क़ामी रे नाः गेयान,Bharatavani / CSTT Fundamental Administrative Terminology (2015),source_document
working paper,कामी ़ रे नाः साकाम,Bharatavani / CSTT Fundamental Administrative Terminology (2015),source_document
working plan,कामी ़ रे नाः पानथा,Bharatavani / CSTT Fundamental Administrative Terminology (2015),source_document
working result,कामी ़ रे नाः ओरजो,Bharatavani / CSTT Fundamental Administrative Terminology (2015),source_document
working rules,कामी ़ रे नाः आ़नअरि़,Bharatavani / CSTT Fundamental Administrative Terminology (2015),source_document
working supervisor,क़ामी रे नाः ञेलिच ्,Bharatavani / CSTT Fundamental Administrative Terminology (2015),source_document
workload,कामी ़ रे नाः भार,Bharatavani / CSTT Fundamental Administrative Terminology (2015),source_document
workman,क़ामीहोड़,Bharatavani / CSTT Fundamental Administrative Terminology (2015),source_document
workmanship,कामी ़ रे नाः बाडाय,Bharatavani / CSTT Fundamental Administrative Terminology (2015),source_document
workmen’s compensation,क़ामीको रोखिया,Bharatavani / CSTT Fundamental Administrative Terminology (2015),source_document
work order,कामी ़ रे नाः आदे श,Bharatavani / CSTT Fundamental Administrative Terminology (2015),source_document
workout,1. समाधान 2. हिसाबलागाव,Bharatavani / CSTT Fundamental Administrative Terminology (2015),source_document
work permit,कामी ़ रे नाः दॉवञाम कागोच ्,Bharatavani / CSTT Fundamental Administrative Terminology (2015),source_document
works,कामी ़,Bharatavani / CSTT Fundamental Administrative Terminology (2015),source_document
worksheet,कामी ़ कागोच ्,Bharatavani / CSTT Fundamental Administrative Terminology (2015),source_document
workshop,कामीओड़ाः ़,Bharatavani / CSTT Fundamental Administrative Terminology (2015),source_document
work stoppage,कामी ़ आकोट,Bharatavani / CSTT Fundamental Administrative Terminology (2015),source_document
work study,कामी ़ रे नाः पाड़हावे,Bharatavani / CSTT Fundamental Administrative Terminology (2015),source_document
work to rule (strike),नियम लेकाते क़ामी,Bharatavani / CSTT Fundamental Administrative Terminology (2015),source_document
workup,आलगा बेनाव,Bharatavani / CSTT Fundamental Administrative Terminology (2015),source_document
worth,1. गोनोङ 2. मोहोत 3. ल़ाकती,Bharatavani / CSTT Fundamental Administrative Terminology (2015),source_document
worthless,बेकार,Bharatavani / CSTT Fundamental Administrative Terminology (2015),source_document
worth recording,रे कोर्ड ल़ागित नापायसारभार,Bharatavani / CSTT Fundamental Administrative Terminology (2015),source_document
worthy,1. नापायतेन 2. योगोतमान,Bharatavani / CSTT Fundamental Administrative Terminology (2015),source_document
writ,रिट,Bharatavani / CSTT Fundamental Administrative Terminology (2015),source_document
write off,बट्टे खाता रे एम,Bharatavani / CSTT Fundamental Administrative Terminology (2015),source_document
write-up,ओनोल,Bharatavani / CSTT Fundamental Administrative Terminology (2015),source_document
writing,ओल,Bharatavani / CSTT Fundamental Administrative Terminology (2015),source_document
writing pad,ओल कागोच ्,Bharatavani / CSTT Fundamental Administrative Terminology (2015),source_document
writ petition,रिट नेहोरसाकाम,Bharatavani / CSTT Fundamental Administrative Terminology (2015),source_document
written down value,हासित ़ गोनोङ,Bharatavani / CSTT Fundamental Administrative Terminology (2015),source_document
written warning,आलाते चेतावएम,Bharatavani / CSTT Fundamental Administrative Terminology (2015),source_document
wrongdoer,दोसीयिच ्,Bharatavani / CSTT Fundamental Administrative Terminology (2015),source_document
wrongdoing,बाड़िच ् कामी ़,Bharatavani / CSTT Fundamental Administrative Terminology (2015),source_document
wrongful,बाड़िचवाः,Bharatavani / CSTT Fundamental Administrative Terminology (2015),source_document
wrongful dismissal,दोस पेरेच ् क़ामी खोन ओचोः,Bharatavani / CSTT Fundamental Administrative Terminology (2015),source_document
wrongly,बाड़िचते,Bharatavani / CSTT Fundamental Administrative Terminology (2015),source_document
yardstick,1. मानदं ड 2. नापाः,Bharatavani / CSTT Fundamental Administrative Terminology (2015),source_document
year-book,सेरमाकिया पुची,Bharatavani / CSTT Fundamental Administrative Terminology (2015),source_document
yearly,सेरमाकिया,Bharatavani / CSTT Fundamental Administrative Terminology (2015),source_document
year to year,सेरमा पिछी,Bharatavani / CSTT Fundamental Administrative Terminology (2015),source_document
yield,आरजाव,Bharatavani / CSTT Fundamental Administrative Terminology (2015),source_document
youth training scheme,जुवानको सेचेत ् गाँवता,Bharatavani / CSTT Fundamental Administrative Terminology (2015),source_document
zeal,1. जोश 2. रास्का,Bharatavani / CSTT Fundamental Administrative Terminology (2015),source_document
zenith,चरमसिमा,Bharatavani / CSTT Fundamental Administrative Terminology (2015),source_document
zero hour,1. जिरोहावार 2. सुन्य ओक्ते,Bharatavani / CSTT Fundamental Administrative Terminology (2015),source_document
zero tax-paying capacity,सुन्य खाजाना एम दाड़े,Bharatavani / CSTT Fundamental Administrative Terminology (2015),source_document
zonal,1. आंचलिक 2. टोठाकिया,Bharatavani / CSTT Fundamental Administrative Terminology (2015),source_document
zonal coordination,टोठाकिया गोपोड़ो,Bharatavani / CSTT Fundamental Administrative Terminology (2015),source_document
zonal office,आंचलिक कामी ओड़ाः,Bharatavani / CSTT Fundamental Administrative Terminology (2015),source_document
zone,जोन,Bharatavani / CSTT Fundamental Administrative Terminology (2015),source_document
zoning,जोन रे हाटिञे ़,Bharatavani / CSTT Fundamental Administrative Terminology (2015),source_document
